timestamp,datetime,boomAngle,extensionMM,measuredLoad,actualLoad,swingAngle,ropeLength,fsr1,fsr2,fsr3,fsr4,imuRoll,imuPitch,safeLoadLimit,loadPercent,alarmLevel
1789648859.1085997,2026-09-17T18:10:59.108600,0.0,0.0,0.0,0.0,0.0,0.0,0,0,0,0,0.0,0.0,5.0,0.0,0
1789648859.1202984,2026-09-17T18:10:59.120298,-17.44,0.0,0.0,0.0,89.12,2.2,0,0,0,0,-17.44,-2.57,5.0,0.0,0
1789648859.1402977,2026-09-17T18:10:59.140298,-17.44,0.0,0.0,0.0,89.12,4.2,0,0,0,0,-17.44,-2.57,5.0,0.0,0
1789648859.1597557,2026-09-17T18:10:59.159756,-17.44,0.0,0.0,0.0,89.12,6.1,0,0,0,0,-17.44,-2.58,5.0,0.0,0
1789648859.1799548,2026-09-17T18:10:59.179955,-17.44,0.0,0.0,0.0,89.12,8.0,0,0,0,0,-17.44,-2.59,5.0,0.0,0
1789648859.199957,2026-09-17T18:10:59.199957,-17.43,0.0,0.0,0.0,89.12,8.9,0,0,0,0,-17.43,-2.59,5.0,0.0,0
1789648859.2200735,2026-09-17T18:10:59.220073,-17.43,0.0,0.0,0.0,89.12,8.9,0,0,0,0,-17.43,-2.59,5.0,0.0,0
1789648859.240074,2026-09-17T18:10:59.240074,-17.43,0.0,0.0,0.0,89.12,8.9,0,0,0,0,-17.43,-2.59,5.0,0.0,0
1789648859.2596796,2026-09-17T18:10:59.259680,-17.43,0.0,0.0,0.0,89.12,8.9,0,0,0,0,-17.43,-2.59,5.0,0.0,0
1789648859.2809575,2026-09-17T18:10:59.280957,-17.43,0.0,566845.0,0.0,89.12,16.2,0,0,0,0,-17.43,-2.58,5.0,0.0,0
1789648859.300498,2026-09-17T18:10:59.300498,-17.46,0.0,566845.0,0.0,89.12,17.4,0,0,0,0,-17.46,-2.6,5.0,0.0,0
1789648859.32093,2026-09-17T18:10:59.320930,-17.46,0.0,566845.0,0.0,89.12,18.6,0,0,0,0,-17.46,-2.6,5.0,0.0,0
1789648859.3416018,2026-09-17T18:10:59.341602,-17.46,0.0,566845.0,0.0,89.12,19.7,0,0,0,0,-17.46,-2.6,5.0,0.0,0
1789648859.3605564,2026-09-17T18:10:59.360556,-17.45,0.0,566845.0,0.0,89.03,20.8,0,0,0,0,-17.45,-2.59,5.0,0.0,0
1789648859.3809905,2026-09-17T18:10:59.380991,-17.46,0.0,566845.0,0.0,89.12,21.5,0,0,0,0,-17.46,-2.59,5.0,0.0,0
1789648859.4008367,2026-09-17T18:10:59.400837,-17.46,0.0,566845.0,0.0,89.12,21.5,0,0,0,0,-17.46,-2.59,5.0,0.0,0
1789648859.4209294,2026-09-17T18:10:59.420929,-17.46,0.0,566845.0,0.0,89.12,21.5,0,0,0,0,-17.46,-2.59,5.0,0.0,0
1789648859.440216,2026-09-17T18:10:59.440216,-17.46,0.0,566845.0,0.0,89.12,21.5,0,0,0,0,-17.46,-2.59,5.0,0.0,0
1789648859.4611647,2026-09-17T18:10:59.461165,-17.46,0.0,566845.0,0.0,89.12,21.5,0,0,0,0,-17.46,-2.59,5.0,0.0,0
1789648859.4810073,2026-09-17T18:10:59.481007,-17.45,0.0,566861.0,0.0,89.12,25.9,0,0,0,0,-17.45,-2.58,5.0,0.0,0
1789648859.500906,2026-09-17T18:10:59.500906,-17.43,0.0,566861.0,0.0,89.12,26.5,0,0,0,0,-17.43,-2.57,5.0,0.0,0
1789648859.520152,2026-09-17T18:10:59.520152,-17.44,0.0,566861.0,0.0,89.12,27.2,0,0,0,0,-17.44,-2.57,5.0,0.0,0
1789648859.5405397,2026-09-17T18:10:59.540540,-17.44,-0.2,566861.0,0.0,89.12,27.7,0,0,0,0,-17.44,-2.57,5.0,0.0,0
1789648859.560862,2026-09-17T18:10:59.560862,-17.43,0.0,566861.0,0.0,89.12,28.0,0,0,0,0,-17.43,-2.57,5.0,0.0,0
1789648859.5811083,2026-09-17T18:10:59.581108,-17.43,0.0,566861.0,0.0,89.12,28.0,0,0,0,0,-17.43,-2.57,5.0,0.0,0
1789648859.6001894,2026-09-17T18:10:59.600189,-17.43,0.0,566861.0,0.0,89.12,28.0,0,0,0,0,-17.43,-2.57,5.0,0.0,0
1789648859.6208067,2026-09-17T18:10:59.620807,-17.43,0.0,566861.0,0.0,89.12,28.0,0,0,0,0,-17.43,-2.57,5.0,0.0,0
1789648859.640682,2026-09-17T18:10:59.640682,-17.43,0.0,566861.0,0.0,89.12,28.0,0,0,0,0,-17.43,-2.57,5.0,0.0,0
1789648859.6606426,2026-09-17T18:10:59.660643,-17.43,0.0,566820.0,0.0,89.12,28.9,0,0,0,0,-17.43,-2.57,5.0,0.0,0
1789648859.680414,2026-09-17T18:10:59.680414,-17.43,0.0,566820.0,0.0,89.12,28.9,0,0,0,0,-17.43,-2.57,5.0,0.0,0
1789648859.700353,2026-09-17T18:10:59.700353,-17.42,0.0,566820.0,0.0,89.12,28.9,0,0,0,0,-17.42,-2.57,5.0,0.0,0
1789648859.7203972,2026-09-17T18:10:59.720397,-17.42,0.0,566820.0,0.0,89.12,28.9,0,0,0,0,-17.42,-2.56,5.0,0.0,0
1789648859.74089,2026-09-17T18:10:59.740890,-17.42,0.0,566820.0,0.0,89.12,28.9,0,0,0,0,-17.42,-2.56,5.0,0.0,0
1789648859.7610874,2026-09-17T18:10:59.761087,-17.42,0.0,566820.0,0.0,89.12,28.9,0,0,0,0,-17.42,-2.56,5.0,0.0,0
1789648859.7806282,2026-09-17T18:10:59.780628,-17.42,0.0,566820.0,0.0,89.12,28.9,0,0,0,0,-17.42,-2.56,5.0,0.0,0
1789648859.800407,2026-09-17T18:10:59.800407,-17.42,0.0,566820.0,0.0,89.12,28.9,0,0,0,0,-17.42,-2.56,5.0,0.0,0
1789648859.8203344,2026-09-17T18:10:59.820334,-17.42,0.0,566820.0,0.0,89.12,28.9,0,0,0,0,-17.42,-2.56,5.0,0.0,0
1789648859.8401759,2026-09-17T18:10:59.840176,-17.42,0.0,566836.0,0.0,89.12,28.9,0,0,0,0,-17.42,-2.57,5.0,0.0,0
1789648859.8605766,2026-09-17T18:10:59.860577,-17.43,0.0,566836.0,0.0,89.12,28.9,0,0,0,0,-17.43,-2.58,5.0,0.0,0
1789648859.8806796,2026-09-17T18:10:59.880680,-17.43,0.0,566836.0,0.0,89.12,28.9,0,0,0,0,-17.43,-2.58,5.0,0.0,0
1789648859.900256,2026-09-17T18:10:59.900256,-17.43,0.0,566836.0,0.0,89.12,28.9,0,0,0,0,-17.43,-2.58,5.0,0.0,0
1789648859.9201455,2026-09-17T18:10:59.920146,-17.43,0.0,566836.0,0.0,89.12,28.9,0,0,0,0,-17.43,-2.58,5.0,0.0,0
1789648859.9402761,2026-09-17T18:10:59.940276,-17.43,0.0,566836.0,0.0,89.12,28.9,0,0,0,0,-17.43,-2.58,5.0,0.0,0
1789648859.9600155,2026-09-17T18:10:59.960016,-17.43,0.0,566836.0,0.0,89.12,28.9,0,0,0,0,-17.43,-2.58,5.0,0.0,0
1789648859.9808593,2026-09-17T18:10:59.980859,-17.43,0.0,566836.0,0.0,89.12,28.9,0,0,0,0,-17.43,-2.58,5.0,0.0,0
1789648860.000808,2026-09-17T18:11:00.000808,-17.43,0.0,566836.0,0.0,89.12,28.9,0,0,0,0,-17.43,-2.58,5.0,0.0,0
1789648860.0212004,2026-09-17T18:11:00.021200,-17.43,0.0,566873.0,0.0,89.12,28.9,0,0,0,0,-17.43,-2.57,5.0,0.0,0
1789648860.0408845,2026-09-17T18:11:00.040884,-17.42,0.0,566873.0,0.0,89.12,28.9,0,0,0,0,-17.42,-2.57,5.0,0.0,0
1789648860.060913,2026-09-17T18:11:00.060913,-17.42,0.0,566873.0,0.0,89.12,28.9,0,0,0,0,-17.42,-2.57,5.0,0.0,0
1789648860.081113,2026-09-17T18:11:00.081113,-17.43,0.0,566873.0,0.0,89.12,28.9,0,0,0,0,-17.43,-2.57,5.0,0.0,0
1789648860.1009007,2026-09-17T18:11:00.100901,-17.43,0.0,566873.0,0.0,89.12,28.9,0,0,0,0,-17.43,-2.57,5.0,0.0,0
1789648860.1208754,2026-09-17T18:11:00.120875,-17.43,0.0,566873.0,0.0,89.12,28.9,0,0,0,0,-17.43,-2.57,5.0,0.0,0
1789648860.1406476,2026-09-17T18:11:00.140648,-17.43,0.0,566873.0,0.0,89.12,28.9,0,0,0,0,-17.43,-2.57,5.0,0.0,0
1789648860.1605003,2026-09-17T18:11:00.160500,-17.43,0.0,566873.0,0.0,89.12,28.9,0,0,0,0,-17.43,-2.57,5.0,0.0,0
1789648860.1808689,2026-09-17T18:11:00.180869,-17.43,0.0,566873.0,0.0,89.12,28.9,0,0,0,0,-17.43,-2.57,5.0,0.0,0
1789648860.2002487,2026-09-17T18:11:00.200249,-17.42,0.0,566841.0,0.0,89.12,28.9,0,0,0,0,-17.42,-2.56,5.0,0.0,0
1789648860.220219,2026-09-17T18:11:00.220219,-17.41,-0.2,566841.0,0.0,89.12,28.9,0,0,0,0,-17.41,-2.57,5.0,0.0,0
1789648860.2402077,2026-09-17T18:11:00.240208,-17.42,0.0,566841.0,0.0,89.12,28.9,0,0,0,0,-17.42,-2.57,5.0,0.0,0
1789648860.260885,2026-09-17T18:11:00.260885,-17.42,0.0,566841.0,0.0,89.12,28.9,0,0,0,0,-17.42,-2.58,5.0,0.0,0
1789648860.2807155,2026-09-17T18:11:00.280715,-17.41,0.0,566841.0,0.0,89.12,28.9,0,0,0,0,-17.41,-2.58,5.0,0.0,0
1789648860.3005538,2026-09-17T18:11:00.300554,-17.41,0.0,566841.0,0.0,89.03,28.9,0,0,0,0,-17.41,-2.58,5.0,0.0,0
1789648860.3202097,2026-09-17T18:11:00.320210,-17.41,0.0,566841.0,0.0,89.03,28.9,0,0,0,0,-17.41,-2.58,5.0,0.0,0
1789648860.3408566,2026-09-17T18:11:00.340857,-17.41,0.0,566841.0,0.0,89.03,28.9,0,0,0,0,-17.41,-2.58,5.0,0.0,0
1789648860.3604252,2026-09-17T18:11:00.360425,-17.41,0.0,566841.0,0.0,89.03,28.9,0,0,0,0,-17.41,-2.58,5.0,0.0,0
1789648860.3801572,2026-09-17T18:11:00.380157,-17.41,0.0,566848.0,0.0,89.12,28.9,0,0,0,0,-17.41,-2.58,5.0,0.0,0
1789648860.4011693,2026-09-17T18:11:00.401169,-17.39,0.0,566848.0,0.0,89.12,28.9,0,0,0,0,-17.39,-2.57,5.0,0.0,0
1789648860.4206612,2026-09-17T18:11:00.420661,-17.4,0.0,566848.0,0.0,89.12,28.9,0,0,0,0,-17.4,-2.57,5.0,0.0,0
1789648860.440347,2026-09-17T18:11:00.440347,-17.4,0.0,566848.0,0.0,89.03,28.9,0,0,0,0,-17.4,-2.57,5.0,0.0,0
1789648860.4606616,2026-09-17T18:11:00.460662,-17.4,0.0,566848.0,0.0,89.12,28.9,0,0,0,0,-17.4,-2.57,5.0,0.0,0
1789648860.4809883,2026-09-17T18:11:00.480988,-17.4,0.0,566848.0,0.0,89.12,28.9,0,0,0,0,-17.4,-2.57,5.0,0.0,0
1789648860.5007372,2026-09-17T18:11:00.500737,-17.4,0.0,566848.0,0.0,89.12,28.9,0,0,0,0,-17.4,-2.57,5.0,0.0,0
1789648860.5208776,2026-09-17T18:11:00.520878,-17.4,0.0,566848.0,0.0,89.12,28.9,0,0,0,0,-17.4,-2.57,5.0,0.0,0
1789648860.5401857,2026-09-17T18:11:00.540186,-17.4,0.0,566848.0,0.0,89.12,28.9,0,0,0,0,-17.4,-2.57,5.0,0.0,0
1789648860.560563,2026-09-17T18:11:00.560563,-17.4,0.0,566848.0,0.0,89.12,28.9,0,0,0,0,-17.4,-2.57,5.0,0.0,0
1789648860.5803108,2026-09-17T18:11:00.580311,-17.39,0.0,566833.0,0.0,89.12,28.9,0,0,0,0,-17.39,-2.57,5.0,0.0,0
1789648860.6004982,2026-09-17T18:11:00.600498,-17.4,0.0,566833.0,0.0,89.12,28.9,0,0,0,0,-17.4,-2.57,5.0,0.0,0
1789648860.6205583,2026-09-17T18:11:00.620558,-17.4,0.0,566833.0,0.0,89.12,28.9,0,0,0,0,-17.4,-2.57,5.0,0.0,0
1789648860.640426,2026-09-17T18:11:00.640426,-17.4,0.0,566833.0,0.0,89.12,28.9,0,0,0,0,-17.4,-2.57,5.0,0.0,0
1789648860.6610396,2026-09-17T18:11:00.661040,-17.4,0.0,566833.0,0.0,89.12,28.9,0,0,0,0,-17.4,-2.56,5.0,0.0,0
1789648860.6809225,2026-09-17T18:11:00.680923,-17.4,0.0,566833.0,0.0,89.12,28.9,0,0,0,0,-17.4,-2.56,5.0,0.0,0
1789648860.7004013,2026-09-17T18:11:00.700401,-17.4,0.0,566833.0,0.0,89.12,28.9,0,0,0,0,-17.4,-2.56,5.0,0.0,0
1789648860.7208946,2026-09-17T18:11:00.720895,-17.4,0.0,566833.0,0.0,89.12,28.9,0,0,0,0,-17.4,-2.56,5.0,0.0,0
1789648860.7410407,2026-09-17T18:11:00.741041,-17.4,0.0,566833.0,0.0,89.12,28.9,0,0,0,0,-17.4,-2.56,5.0,0.0,0
1789648860.7613883,2026-09-17T18:11:00.761388,-17.38,0.0,566858.0,0.0,89.12,28.9,0,0,0,0,-17.38,-2.56,5.0,0.0,0
1789648860.7809849,2026-09-17T18:11:00.780985,-17.38,0.0,566858.0,0.0,89.12,28.9,0,0,0,0,-17.38,-2.56,5.0,0.0,0
1789648860.801049,2026-09-17T18:11:00.801049,-17.38,0.0,566858.0,0.0,89.12,28.9,0,0,0,0,-17.38,-2.57,5.0,0.0,0
1789648860.8209524,2026-09-17T18:11:00.820952,-17.38,0.0,566858.0,0.0,89.12,28.9,0,0,0,0,-17.38,-2.56,5.0,0.0,0
1789648860.8408642,2026-09-17T18:11:00.840864,-17.38,0.0,566858.0,0.0,89.12,28.9,0,0,0,0,-17.38,-2.56,5.0,0.0,0
1789648860.8607204,2026-09-17T18:11:00.860720,-17.38,0.0,566858.0,0.0,89.12,28.9,0,0,0,0,-17.38,-2.56,5.0,0.0,0
1789648860.880396,2026-09-17T18:11:00.880396,-17.38,0.0,566858.0,0.0,89.12,28.9,0,0,0,0,-17.38,-2.56,5.0,0.0,0
1789648860.9008868,2026-09-17T18:11:00.900887,-17.38,0.0,566858.0,0.0,89.12,28.9,0,0,0,0,-17.38,-2.56,5.0,0.0,0
1789648860.9205847,2026-09-17T18:11:00.920585,-17.38,0.0,566858.0,0.0,89.12,28.9,0,0,0,0,-17.38,-2.56,5.0,0.0,0
1789648860.940256,2026-09-17T18:11:00.940256,-17.38,0.0,566852.0,0.0,89.03,28.9,0,0,0,0,-17.38,-2.55,5.0,0.0,0
1789648860.9606175,2026-09-17T18:11:00.960618,-17.38,0.0,566852.0,0.0,89.12,28.9,0,0,0,0,-17.38,-2.55,5.0,0.0,0
1789648860.9804084,2026-09-17T18:11:00.980408,-17.38,0.0,566852.0,0.0,89.12,28.9,0,0,0,0,-17.38,-2.55,5.0,0.0,0
1789648861.0007713,2026-09-17T18:11:01.000771,-17.39,0.0,566852.0,0.0,89.12,28.9,0,0,0,0,-17.39,-2.56,5.0,0.0,0
1789648861.0211084,2026-09-17T18:11:01.021108,-17.39,0.0,566852.0,0.0,89.12,28.9,0,0,0,0,-17.39,-2.55,5.0,0.0,0
1789648861.0403817,2026-09-17T18:11:01.040382,-17.39,0.0,566852.0,0.0,89.12,28.9,0,0,0,0,-17.39,-2.55,5.0,0.0,0
1789648861.06035,2026-09-17T18:11:01.060350,-17.39,0.0,566852.0,0.0,89.12,28.9,0,0,0,0,-17.39,-2.55,5.0,0.0,0
1789648861.0808437,2026-09-17T18:11:01.080844,-17.39,0.0,566852.0,0.0,89.12,28.9,0,0,0,0,-17.39,-2.55,5.0,0.0,0
1789648861.1009653,2026-09-17T18:11:01.100965,-17.39,0.0,566852.0,0.0,89.12,28.9,0,0,0,0,-17.39,-2.55,5.0,0.0,0
1789648861.1200385,2026-09-17T18:11:01.120039,-17.39,0.0,566854.0,0.0,89.12,28.9,0,0,0,0,-17.39,-2.55,5.0,0.0,0
1789648861.1411529,2026-09-17T18:11:01.141153,-17.39,0.0,566854.0,0.0,89.12,28.9,0,0,0,0,-17.39,-2.55,5.0,0.0,0
1789648861.1609452,2026-09-17T18:11:01.160945,-17.4,0.0,566854.0,0.0,89.12,28.9,0,0,0,0,-17.4,-2.55,5.0,0.0,0
1789648861.1804214,2026-09-17T18:11:01.180421,-17.4,0.0,566854.0,0.0,89.12,28.9,0,0,0,0,-17.4,-2.55,5.0,0.0,0
1789648861.2001371,2026-09-17T18:11:01.200137,-17.4,0.0,566854.0,0.0,89.12,28.9,0,0,0,0,-17.4,-2.55,5.0,0.0,0
1789648861.2201233,2026-09-17T18:11:01.220123,-17.4,0.0,566854.0,0.0,89.12,28.9,0,0,0,0,-17.4,-2.55,5.0,0.0,0
1789648861.2406974,2026-09-17T18:11:01.240697,-17.4,0.0,566854.0,0.0,89.12,28.9,0,0,0,0,-17.4,-2.55,5.0,0.0,0
1789648861.2604253,2026-09-17T18:11:01.260425,-17.4,0.0,566854.0,0.0,89.12,28.9,0,0,0,0,-17.4,-2.55,5.0,0.0,0
1789648861.28082,2026-09-17T18:11:01.280820,-17.4,0.0,566854.0,0.0,89.12,28.9,0,0,0,0,-17.4,-2.55,5.0,0.0,0
1789648861.3003,2026-09-17T18:11:01.300300,-17.4,0.0,566858.0,0.0,89.03,28.9,0,0,0,0,-17.4,-2.55,5.0,0.0,0
1789648861.3205495,2026-09-17T18:11:01.320549,-17.39,0.0,566858.0,0.0,89.12,28.9,0,0,0,0,-17.39,-2.56,5.0,0.0,0
1789648861.3406742,2026-09-17T18:11:01.340674,-17.39,0.0,566858.0,0.0,89.12,28.9,0,0,0,0,-17.39,-2.55,5.0,0.0,0
1789648861.360453,2026-09-17T18:11:01.360453,-17.4,0.0,566858.0,0.0,89.12,28.9,0,0,0,0,-17.4,-2.56,5.0,0.0,0
1789648861.3807256,2026-09-17T18:11:01.380726,-17.4,0.0,566858.0,0.0,89.12,28.9,0,0,0,0,-17.4,-2.56,5.0,0.0,0
1789648861.4004576,2026-09-17T18:11:01.400458,-17.4,0.0,566858.0,0.0,89.12,28.9,0,0,0,0,-17.4,-2.56,5.0,0.0,0
1789648861.4202468,2026-09-17T18:11:01.420247,-17.4,0.0,566858.0,0.0,89.12,28.9,0,0,0,0,-17.4,-2.56,5.0,0.0,0
1789648861.4408762,2026-09-17T18:11:01.440876,-17.4,0.0,566858.0,0.0,89.12,28.9,0,0,0,0,-17.4,-2.56,5.0,0.0,0
1789648861.460152,2026-09-17T18:11:01.460152,-17.4,0.0,566858.0,0.0,89.12,28.9,0,0,0,0,-17.4,-2.56,5.0,0.0,0
1789648861.480971,2026-09-17T18:11:01.480971,-17.4,0.0,566862.0,0.0,89.12,28.9,0,0,0,0,-17.4,-2.56,5.0,0.0,0
1789648861.50103,2026-09-17T18:11:01.501030,-17.42,0.0,566862.0,0.0,89.12,28.9,0,0,0,0,-17.42,-2.58,5.0,0.0,0
1789648861.5208995,2026-09-17T18:11:01.520900,-17.42,0.0,566862.0,0.0,89.12,28.9,0,0,0,0,-17.42,-2.58,5.0,0.0,0
1789648861.5406697,2026-09-17T18:11:01.540670,-17.41,0.0,566862.0,0.0,89.12,28.9,0,0,0,0,-17.41,-2.57,5.0,0.0,0
1789648861.5608745,2026-09-17T18:11:01.560874,-17.42,0.0,566862.0,0.0,89.12,28.9,0,0,0,0,-17.42,-2.58,5.0,0.0,0
1789648861.5806375,2026-09-17T18:11:01.580637,-17.42,0.0,566862.0,0.0,89.12,28.9,0,0,0,0,-17.42,-2.58,5.0,0.0,0
1789648861.600123,2026-09-17T18:11:01.600123,-17.42,0.0,566862.0,0.0,89.12,28.9,0,0,0,0,-17.42,-2.58,5.0,0.0,0
1789648861.6209066,2026-09-17T18:11:01.620907,-17.42,0.0,566862.0,0.0,89.12,28.9,0,0,0,0,-17.42,-2.58,5.0,0.0,0
1789648861.6406724,2026-09-17T18:11:01.640672,-17.42,0.0,566862.0,0.0,89.12,28.9,0,0,0,0,-17.42,-2.58,5.0,0.0,0
1789648861.6607468,2026-09-17T18:11:01.660747,-17.42,0.0,566847.0,0.0,89.12,28.9,0,0,0,0,-17.42,-2.58,5.0,0.0,0
1789648861.6809077,2026-09-17T18:11:01.680908,-17.41,0.0,566847.0,0.0,89.12,28.9,0,0,0,0,-17.41,-2.57,5.0,0.0,0
1789648861.700906,2026-09-17T18:11:01.700906,-17.41,0.0,566847.0,0.0,89.12,28.9,0,0,0,0,-17.41,-2.57,5.0,0.0,0
1789648861.7209198,2026-09-17T18:11:01.720920,-17.41,0.0,566847.0,0.0,89.12,28.9,0,0,0,0,-17.41,-2.58,5.0,0.0,0
1789648861.740568,2026-09-17T18:11:01.740568,-17.41,0.0,566847.0,0.0,89.12,28.9,0,0,0,0,-17.41,-2.58,5.0,0.0,0
1789648861.760774,2026-09-17T18:11:01.760774,-17.41,0.0,566847.0,0.0,89.12,28.9,0,0,0,0,-17.41,-2.58,5.0,0.0,0
1789648861.781067,2026-09-17T18:11:01.781067,-17.41,0.0,566847.0,0.0,89.12,28.9,0,0,0,0,-17.41,-2.58,5.0,0.0,0
1789648861.8010573,2026-09-17T18:11:01.801057,-17.41,0.0,566847.0,0.0,89.12,28.9,0,0,0,0,-17.41,-2.58,5.0,0.0,0
1789648861.8208218,2026-09-17T18:11:01.820822,-17.41,0.0,566847.0,0.0,89.12,28.9,0,0,0,0,-17.41,-2.58,5.0,0.0,0
1789648861.840999,2026-09-17T18:11:01.840999,-17.41,0.0,566847.0,0.0,89.12,28.9,0,0,0,0,-17.41,-2.58,5.0,0.0,0
1789648861.8611403,2026-09-17T18:11:01.861140,-17.41,0.0,566839.0,0.0,89.12,28.9,0,0,0,0,-17.41,-2.57,5.0,0.0,0
1789648861.8808541,2026-09-17T18:11:01.880854,-17.41,0.0,566839.0,0.0,89.12,28.9,0,0,0,0,-17.41,-2.57,5.0,0.0,0
1789648861.9009454,2026-09-17T18:11:01.900945,-17.42,0.0,566839.0,0.0,89.12,28.9,0,0,0,0,-17.42,-2.58,5.0,0.0,0
1789648861.9202368,2026-09-17T18:11:01.920237,-17.42,0.0,566839.0,0.0,89.12,28.9,0,0,0,0,-17.42,-2.57,5.0,0.0,0
1789648861.9409864,2026-09-17T18:11:01.940986,-17.42,0.0,566839.0,0.0,89.12,28.9,0,0,0,0,-17.42,-2.57,5.0,0.0,0
1789648861.9611125,2026-09-17T18:11:01.961112,-17.42,0.0,566839.0,0.0,89.12,28.9,0,0,0,0,-17.42,-2.57,5.0,0.0,0
1789648861.980587,2026-09-17T18:11:01.980587,-17.42,0.0,566839.0,0.0,89.12,28.9,0,0,0,0,-17.42,-2.57,5.0,0.0,0
1789648862.0003781,2026-09-17T18:11:02.000378,-17.42,0.0,566839.0,0.0,89.12,28.9,0,0,0,0,-17.42,-2.57,5.0,0.0,0
1789648862.0208006,2026-09-17T18:11:02.020801,-17.42,0.0,566839.0,0.0,89.12,28.9,0,0,0,0,-17.42,-2.57,5.0,0.0,0
1789648862.0403087,2026-09-17T18:11:02.040309,-17.42,0.0,566828.0,0.0,89.12,28.9,0,0,0,0,-17.42,-2.58,5.0,0.0,0
1789648862.060513,2026-09-17T18:11:02.060513,-17.42,0.0,566828.0,0.0,89.12,28.9,0,0,0,0,-17.42,-2.58,5.0,0.0,0
1789648862.0812423,2026-09-17T18:11:02.081242,-17.42,0.0,566828.0,0.0,89.12,28.9,0,0,0,0,-17.42,-2.58,5.0,0.0,0
1789648862.1000395,2026-09-17T18:11:02.100039,-17.42,0.0,566828.0,0.0,89.12,28.9,0,0,0,0,-17.42,-2.58,5.0,0.0,0
1789648862.1209812,2026-09-17T18:11:02.120981,-17.42,0.0,566828.0,0.0,89.12,28.9,0,0,0,0,-17.42,-2.57,5.0,0.0,0
1789648862.1408439,2026-09-17T18:11:02.140844,-17.42,0.0,566828.0,0.0,89.12,28.9,0,0,0,0,-17.42,-2.57,5.0,0.0,0
1789648862.1611342,2026-09-17T18:11:02.161134,-17.42,0.0,566828.0,0.0,89.12,28.9,0,0,0,0,-17.42,-2.57,5.0,0.0,0
1789648862.1803923,2026-09-17T18:11:02.180392,-17.42,0.0,566828.0,0.0,89.12,28.9,0,0,0,0,-17.42,-2.57,5.0,0.0,0
1789648862.2006772,2026-09-17T18:11:02.200677,-17.42,0.0,566828.0,0.0,89.12,28.9,0,0,0,0,-17.42,-2.57,5.0,0.0,0
1789648862.220751,2026-09-17T18:11:02.220751,-17.42,0.0,566854.0,0.0,89.03,28.9,0,0,0,0,-17.42,-2.57,5.0,0.0,0
1789648862.2407875,2026-09-17T18:11:02.240788,-17.42,0.0,566854.0,0.0,89.12,28.9,0,0,0,0,-17.42,-2.57,5.0,0.0,0
1789648862.2610178,2026-09-17T18:11:02.261018,-17.42,0.0,566854.0,0.0,89.12,28.9,0,0,0,0,-17.42,-2.58,5.0,0.0,0
1789648862.280284,2026-09-17T18:11:02.280284,-17.42,0.0,566854.0,0.0,89.12,28.9,0,0,0,0,-17.42,-2.57,5.0,0.0,0
1789648862.301131,2026-09-17T18:11:02.301131,-17.42,0.0,566854.0,0.0,89.12,28.9,0,0,0,0,-17.42,-2.57,5.0,0.0,0
1789648862.321013,2026-09-17T18:11:02.321013,-17.42,0.0,566854.0,0.0,89.12,28.9,0,0,0,0,-17.42,-2.57,5.0,0.0,0
1789648862.34093,2026-09-17T18:11:02.340930,-17.42,0.0,566854.0,0.0,89.12,28.9,0,0,0,0,-17.42,-2.57,5.0,0.0,0
1789648862.3614542,2026-09-17T18:11:02.361454,-17.42,0.0,566854.0,0.0,89.12,28.9,0,0,0,0,-17.42,-2.57,5.0,0.0,0
1789648862.3802478,2026-09-17T18:11:02.380248,-17.42,0.0,566854.0,0.0,89.12,28.9,0,0,0,0,-17.42,-2.57,5.0,0.0,0
1789648862.4001193,2026-09-17T18:11:02.400119,-17.39,0.0,566874.0,0.0,89.12,28.9,0,0,0,0,-17.39,-2.57,5.0,0.0,0
1789648862.4211335,2026-09-17T18:11:02.421134,-17.38,0.0,566874.0,0.0,89.12,28.9,0,0,0,0,-17.38,-2.57,5.0,0.0,0
1789648862.4404423,2026-09-17T18:11:02.440442,-17.4,0.0,566874.0,0.0,89.12,28.9,0,0,0,0,-17.4,-2.58,5.0,0.0,0
1789648862.460963,2026-09-17T18:11:02.460963,-17.4,0.0,566874.0,0.0,89.12,28.9,0,0,0,0,-17.4,-2.58,5.0,0.0,0
1789648862.480447,2026-09-17T18:11:02.480447,-17.39,0.0,566874.0,0.0,89.12,28.9,0,0,0,0,-17.39,-2.57,5.0,0.0,0
1789648862.5002625,2026-09-17T18:11:02.500262,-17.39,0.0,566874.0,0.0,89.12,28.9,0,0,0,0,-17.39,-2.58,5.0,0.0,0
1789648862.5205958,2026-09-17T18:11:02.520596,-17.39,0.0,566874.0,0.0,89.12,28.9,0,0,0,0,-17.39,-2.58,5.0,0.0,0
1789648862.541123,2026-09-17T18:11:02.541123,-17.39,0.0,566874.0,0.0,89.12,28.9,0,0,0,0,-17.39,-2.58,5.0,0.0,0
1789648862.5601285,2026-09-17T18:11:02.560128,-17.39,0.0,566874.0,0.0,89.12,28.9,0,0,0,0,-17.39,-2.58,5.0,0.0,0
1789648862.581136,2026-09-17T18:11:02.581136,-17.39,0.0,566857.0,0.0,89.12,28.9,0,0,0,0,-17.39,-2.58,5.0,0.0,0
1789648862.6004667,2026-09-17T18:11:02.600467,-17.38,0.0,566857.0,0.0,89.12,28.9,0,0,0,0,-17.38,-2.57,5.0,0.0,0
1789648862.6204662,2026-09-17T18:11:02.620466,-17.37,0.0,566857.0,0.0,89.12,28.9,0,0,0,0,-17.37,-2.57,5.0,0.0,0
1789648862.64048,2026-09-17T18:11:02.640480,-17.38,0.0,566857.0,0.0,89.12,28.9,0,0,0,0,-17.38,-2.56,5.0,0.0,0
1789648862.6613736,2026-09-17T18:11:02.661374,-17.38,0.0,566857.0,0.0,89.12,28.9,0,0,0,0,-17.38,-2.57,5.0,0.0,0
1789648862.6808205,2026-09-17T18:11:02.680820,-17.38,0.0,566857.0,0.0,89.12,28.9,0,0,0,0,-17.38,-2.57,5.0,0.0,0
1789648862.7003126,2026-09-17T18:11:02.700313,-17.38,0.0,566857.0,0.0,89.12,28.9,0,0,0,0,-17.38,-2.57,5.0,0.0,0
1789648862.7204375,2026-09-17T18:11:02.720438,-17.38,0.0,566857.0,0.0,89.12,28.9,0,0,0,0,-17.38,-2.57,5.0,0.0,0
1789648862.7406013,2026-09-17T18:11:02.740601,-17.38,0.0,566857.0,0.0,89.12,28.9,0,0,0,0,-17.38,-2.57,5.0,0.0,0
1789648862.7614255,2026-09-17T18:11:02.761425,-17.38,0.0,566855.0,0.0,89.12,28.9,0,0,0,0,-17.38,-2.57,5.0,0.0,0
1789648862.7805417,2026-09-17T18:11:02.780542,-17.38,0.0,566855.0,0.0,89.12,28.9,0,0,0,0,-17.38,-2.58,5.0,0.0,0
1789648862.8006816,2026-09-17T18:11:02.800682,-17.39,0.0,566855.0,0.0,89.12,28.9,0,0,0,0,-17.39,-2.58,5.0,0.0,0
1789648862.8210523,2026-09-17T18:11:02.821052,-17.38,0.0,566855.0,0.0,89.12,28.9,0,0,0,0,-17.38,-2.58,5.0,0.0,0
1789648862.8403273,2026-09-17T18:11:02.840327,-17.38,0.0,566855.0,0.0,89.12,28.9,0,0,0,0,-17.38,-2.58,5.0,0.0,0
1789648862.8604708,2026-09-17T18:11:02.860471,-17.38,0.0,566855.0,0.0,89.12,28.9,0,0,0,0,-17.38,-2.58,5.0,0.0,0
1789648862.8810444,2026-09-17T18:11:02.881044,-17.38,0.0,566855.0,0.0,89.12,28.9,0,0,0,0,-17.38,-2.58,5.0,0.0,0
1789648862.9011302,2026-09-17T18:11:02.901130,-17.38,0.0,566855.0,0.0,89.12,28.9,0,0,0,0,-17.38,-2.58,5.0,0.0,0
1789648862.9205186,2026-09-17T18:11:02.920519,-17.38,0.0,566855.0,0.0,89.12,28.9,0,0,0,0,-17.38,-2.58,5.0,0.0,0
1789648862.9400845,2026-09-17T18:11:02.940084,-17.38,0.0,566855.0,0.0,89.12,28.9,0,0,0,0,-17.38,-2.58,5.0,0.0,0
1789648862.9607136,2026-09-17T18:11:02.960714,-17.38,0.0,566893.0,0.0,89.12,28.9,0,0,0,0,-17.38,-2.58,5.0,0.0,0
1789648862.9808848,2026-09-17T18:11:02.980885,-17.38,0.0,566893.0,0.0,89.12,28.9,0,0,0,0,-17.38,-2.58,5.0,0.0,0
1789648863.0002532,2026-09-17T18:11:03.000253,-17.37,0.0,566893.0,0.0,89.12,28.9,0,0,0,0,-17.37,-2.59,5.0,0.0,0
1789648863.0206492,2026-09-17T18:11:03.020649,-17.38,0.0,566893.0,0.0,89.12,28.9,0,0,0,0,-17.38,-2.58,5.0,0.0,0
1789648863.0404947,2026-09-17T18:11:03.040495,-17.38,0.0,566893.0,0.0,89.12,28.9,0,0,0,0,-17.38,-2.58,5.0,0.0,0
1789648863.0600524,2026-09-17T18:11:03.060052,-17.38,0.0,566893.0,0.0,89.12,28.9,0,0,0,0,-17.38,-2.58,5.0,0.0,0
1789648863.081138,2026-09-17T18:11:03.081138,-17.38,0.0,566893.0,0.0,89.12,28.9,0,0,0,0,-17.38,-2.58,5.0,0.0,0
1789648863.1007972,2026-09-17T18:11:03.100797,-17.38,0.0,566893.0,0.0,89.12,28.9,0,0,0,0,-17.38,-2.58,5.0,0.0,0
1789648863.1208358,2026-09-17T18:11:03.120836,-17.38,0.0,566893.0,0.0,89.12,28.9,0,0,0,0,-17.38,-2.58,5.0,0.0,0
1789648863.140758,2026-09-17T18:11:03.140758,-17.37,0.0,566872.0,0.0,89.12,28.9,0,0,0,0,-17.37,-2.58,5.0,0.0,0
1789648863.1610568,2026-09-17T18:11:03.161057,-17.36,0.0,566872.0,0.0,89.12,28.9,0,0,0,0,-17.36,-2.58,5.0,0.0,0
1789648863.18049,2026-09-17T18:11:03.180490,-17.36,0.0,566872.0,0.0,89.12,28.9,0,0,0,0,-17.36,-2.58,5.0,0.0,0
1789648863.2009375,2026-09-17T18:11:03.200938,-17.36,0.0,566872.0,0.0,89.12,28.9,0,0,0,0,-17.36,-2.58,5.0,0.0,0
1789648863.2212498,2026-09-17T18:11:03.221250,-17.37,0.0,566872.0,0.0,89.12,28.9,0,0,0,0,-17.37,-2.59,5.0,0.0,0
1789648863.2410562,2026-09-17T18:11:03.241056,-17.37,0.0,566872.0,0.0,89.12,28.9,0,0,0,0,-17.37,-2.59,5.0,0.0,0
1789648863.2604864,2026-09-17T18:11:03.260486,-17.37,0.0,566872.0,0.0,89.12,28.9,0,0,0,0,-17.37,-2.59,5.0,0.0,0
1789648863.2805457,2026-09-17T18:11:03.280546,-17.37,0.0,566872.0,0.0,89.12,28.9,0,0,0,0,-17.37,-2.59,5.0,0.0,0
1789648863.3013346,2026-09-17T18:11:03.301335,-17.37,0.0,566872.0,0.0,89.12,28.9,0,0,0,0,-17.37,-2.59,5.0,0.0,0
1789648863.3200436,2026-09-17T18:11:03.320044,-17.37,0.0,566844.0,0.0,89.12,28.9,0,0,0,0,-17.37,-2.58,5.0,0.0,0
1789648863.3410952,2026-09-17T18:11:03.341095,-17.37,0.0,566844.0,0.0,89.12,28.9,0,0,0,0,-17.37,-2.58,5.0,0.0,0
1789648863.3608327,2026-09-17T18:11:03.360833,-17.37,0.0,566844.0,0.0,89.12,28.9,0,0,0,0,-17.37,-2.58,5.0,0.0,0
1789648863.3808486,2026-09-17T18:11:03.380849,-17.38,0.0,566844.0,0.0,89.12,28.9,0,0,0,0,-17.38,-2.58,5.0,0.0,0
1789648863.4007146,2026-09-17T18:11:03.400715,-17.39,0.0,566844.0,0.0,89.12,28.9,0,0,0,0,-17.39,-2.59,5.0,0.0,0
1789648863.4212544,2026-09-17T18:11:03.421254,-17.39,0.0,566844.0,0.0,89.12,28.9,0,0,0,0,-17.39,-2.59,5.0,0.0,0
1789648863.4404428,2026-09-17T18:11:03.440443,-17.39,0.0,566844.0,0.0,89.12,28.9,0,0,0,0,-17.39,-2.59,5.0,0.0,0
1789648863.4611428,2026-09-17T18:11:03.461143,-17.39,0.0,566844.0,0.0,89.12,28.9,0,0,0,0,-17.39,-2.59,5.0,0.0,0
1789648863.4812615,2026-09-17T18:11:03.481261,-17.39,0.0,566844.0,0.0,89.12,28.9,0,0,0,0,-17.39,-2.59,5.0,0.0,0
1789648863.5011055,2026-09-17T18:11:03.501106,-17.39,0.0,566910.0,0.0,89.12,28.9,0,0,0,0,-17.39,-2.58,5.0,0.0,0
1789648863.5211084,2026-09-17T18:11:03.521108,-17.39,0.0,566910.0,0.0,89.12,28.9,0,0,0,0,-17.39,-2.58,5.0,0.0,0
1789648863.540398,2026-09-17T18:11:03.540398,-17.4,0.0,566910.0,0.0,89.12,28.9,0,0,0,0,-17.4,-2.58,5.0,0.0,0
1789648863.5610788,2026-09-17T18:11:03.561079,-17.4,0.0,566910.0,0.0,89.12,28.9,0,0,0,0,-17.4,-2.58,5.0,0.0,0
1789648863.5810897,2026-09-17T18:11:03.581090,-17.4,0.0,566910.0,0.0,89.12,28.9,0,0,0,0,-17.4,-2.57,5.0,0.0,0
1789648863.6009824,2026-09-17T18:11:03.600982,-17.4,0.0,566910.0,0.0,89.12,28.9,0,0,0,0,-17.4,-2.57,5.0,0.0,0
1789648863.620819,2026-09-17T18:11:03.620819,-17.4,0.0,566910.0,0.0,89.12,28.9,0,0,0,0,-17.4,-2.57,5.0,0.0,0
1789648863.640495,2026-09-17T18:11:03.640495,-17.4,0.0,566910.0,0.0,89.12,28.9,0,0,0,0,-17.4,-2.57,5.0,0.0,0
1789648863.6608427,2026-09-17T18:11:03.660843,-17.4,0.0,566910.0,0.0,89.12,28.9,0,0,0,0,-17.4,-2.57,5.0,0.0,0
1789648863.680588,2026-09-17T18:11:03.680588,-17.38,0.0,566815.0,0.0,89.12,28.9,0,0,0,0,-17.38,-2.56,5.0,0.0,0
1789648863.7009654,2026-09-17T18:11:03.700965,-17.38,0.0,566815.0,0.0,89.12,28.9,0,0,0,0,-17.38,-2.55,5.0,0.0,0
1789648863.7211258,2026-09-17T18:11:03.721126,-17.39,0.0,566815.0,0.0,89.12,28.9,0,0,0,0,-17.39,-2.55,5.0,0.0,0
1789648863.7404847,2026-09-17T18:11:03.740485,-17.4,0.0,566815.0,0.0,89.12,28.9,0,0,0,0,-17.4,-2.56,5.0,0.0,0
1789648863.7604318,2026-09-17T18:11:03.760432,-17.4,0.0,566815.0,0.0,89.12,28.9,0,0,0,0,-17.4,-2.56,5.0,0.0,0
1789648863.7810783,2026-09-17T18:11:03.781078,-17.4,0.0,566815.0,0.0,89.12,28.9,0,0,0,0,-17.4,-2.56,5.0,0.0,0
1789648863.8008227,2026-09-17T18:11:03.800823,-17.4,0.0,566815.0,0.0,89.12,28.9,0,0,0,0,-17.4,-2.56,5.0,0.0,0
1789648863.820376,2026-09-17T18:11:03.820376,-17.4,0.0,566815.0,0.0,89.12,28.9,0,0,0,0,-17.4,-2.56,5.0,0.0,0
1789648863.8408625,2026-09-17T18:11:03.840863,-17.4,0.0,566815.0,0.0,89.12,28.9,0,0,0,0,-17.4,-2.56,5.0,0.0,0
1789648863.860699,2026-09-17T18:11:03.860699,-17.39,0.0,566813.0,0.0,89.12,28.9,0,0,0,0,-17.39,-2.55,5.0,0.0,0
1789648863.8805401,2026-09-17T18:11:03.880540,-17.4,0.0,566813.0,0.0,89.12,28.9,0,0,0,0,-17.4,-2.57,5.0,0.0,0
1789648863.9010773,2026-09-17T18:11:03.901077,-17.4,0.0,566813.0,0.0,89.12,28.9,0,0,0,0,-17.4,-2.57,5.0,0.0,0
1789648863.9211195,2026-09-17T18:11:03.921119,-17.4,0.0,566813.0,0.0,89.12,28.9,0,0,0,0,-17.4,-2.56,5.0,0.0,0
1789648863.9402764,2026-09-17T18:11:03.940276,-17.4,0.0,566813.0,0.0,89.12,28.9,0,0,0,0,-17.4,-2.56,5.0,0.0,0
1789648863.9614317,2026-09-17T18:11:03.961432,-17.4,0.0,566813.0,0.0,89.12,28.9,0,0,0,0,-17.4,-2.56,5.0,0.0,0
1789648863.9808712,2026-09-17T18:11:03.980871,-17.4,0.0,566813.0,0.0,89.12,28.9,0,0,0,0,-17.4,-2.56,5.0,0.0,0
1789648864.0010066,2026-09-17T18:11:04.001007,-17.4,0.0,566813.0,0.0,89.12,28.9,0,0,0,0,-17.4,-2.56,5.0,0.0,0
1789648864.0212524,2026-09-17T18:11:04.021252,-17.4,0.0,566813.0,0.0,89.12,28.9,0,0,0,0,-17.4,-2.56,5.0,0.0,0
1789648864.0415,2026-09-17T18:11:04.041500,-17.4,0.0,566888.0,0.0,89.03,28.9,0,0,0,0,-17.4,-2.56,5.0,0.0,0
1789648864.060394,2026-09-17T18:11:04.060394,-17.4,0.0,566888.0,0.0,89.12,28.9,0,0,0,0,-17.4,-2.56,5.0,0.0,0
1789648864.0807319,2026-09-17T18:11:04.080732,-17.4,0.0,566888.0,0.0,89.12,28.9,0,0,0,0,-17.4,-2.56,5.0,0.0,0
1789648864.100875,2026-09-17T18:11:04.100875,-17.41,0.0,566888.0,0.0,89.12,28.9,0,0,0,0,-17.41,-2.57,5.0,0.0,0
1789648864.1209528,2026-09-17T18:11:04.120953,-17.41,0.0,566888.0,0.0,89.12,28.9,0,0,0,0,-17.41,-2.56,5.0,0.0,0
1789648864.1408634,2026-09-17T18:11:04.140863,-17.41,0.0,566888.0,0.0,89.12,28.9,0,0,0,0,-17.41,-2.56,5.0,0.0,0
1789648864.160698,2026-09-17T18:11:04.160698,-17.41,0.0,566888.0,0.0,89.12,28.9,0,0,0,0,-17.41,-2.56,5.0,0.0,0
1789648864.1808174,2026-09-17T18:11:04.180817,-17.41,0.0,566888.0,0.0,89.12,28.9,0,0,0,0,-17.41,-2.56,5.0,0.0,0
1789648864.2009687,2026-09-17T18:11:04.200969,-17.41,0.0,566888.0,0.0,89.12,28.9,0,0,0,0,-17.41,-2.56,5.0,0.0,0
1789648864.2204082,2026-09-17T18:11:04.220408,-17.41,0.0,566888.0,0.0,89.12,28.9,0,0,0,0,-17.41,-2.56,5.0,0.0,0
1789648864.2406638,2026-09-17T18:11:04.240664,-17.41,0.0,566840.0,0.0,89.12,28.9,0,0,0,0,-17.41,-2.55,5.0,0.0,0
1789648864.2607057,2026-09-17T18:11:04.260706,-17.41,0.0,566840.0,0.0,89.12,28.9,0,0,0,0,-17.41,-2.55,5.0,0.0,0
1789648864.2803857,2026-09-17T18:11:04.280386,-17.41,0.0,566840.0,0.0,89.12,28.9,0,0,0,0,-17.41,-2.55,5.0,0.0,0
1789648864.3004193,2026-09-17T18:11:04.300419,-17.41,0.0,566840.0,0.0,89.12,28.9,0,0,0,0,-17.41,-2.55,5.0,0.0,0
1789648864.3201973,2026-09-17T18:11:04.320197,-17.41,0.0,566840.0,0.0,89.12,28.9,0,0,0,0,-17.41,-2.55,5.0,0.0,0
1789648864.3403172,2026-09-17T18:11:04.340317,-17.41,0.0,566840.0,0.0,89.12,28.9,0,0,0,0,-17.41,-2.55,5.0,0.0,0
1789648864.3604543,2026-09-17T18:11:04.360454,-17.41,0.0,566840.0,0.0,89.12,28.9,0,0,0,0,-17.41,-2.55,5.0,0.0,0
1789648864.3809674,2026-09-17T18:11:04.380967,-17.41,0.0,566840.0,0.0,89.12,28.9,0,0,0,0,-17.41,-2.55,5.0,0.0,0
1789648864.4004166,2026-09-17T18:11:04.400417,-17.41,0.0,566840.0,0.0,89.12,28.9,0,0,0,0,-17.41,-2.55,5.0,0.0,0
1789648864.4204268,2026-09-17T18:11:04.420427,-17.42,0.0,566849.0,0.0,89.12,28.9,0,0,0,0,-17.42,-2.56,5.0,0.0,0
1789648864.440793,2026-09-17T18:11:04.440793,-17.41,0.0,566849.0,0.0,89.12,28.9,0,0,0,0,-17.41,-2.57,5.0,0.0,0
1789648864.460302,2026-09-17T18:11:04.460302,-17.41,0.0,566849.0,0.0,89.12,28.9,0,0,0,0,-17.41,-2.57,5.0,0.0,0
1789648864.4810126,2026-09-17T18:11:04.481013,-17.4,0.0,566849.0,0.0,89.12,28.9,0,0,0,0,-17.4,-2.57,5.0,0.0,0
1789648864.5004673,2026-09-17T18:11:04.500467,-17.41,0.0,566849.0,0.0,89.12,28.9,0,0,0,0,-17.41,-2.57,5.0,0.0,0
1789648864.5208673,2026-09-17T18:11:04.520867,-17.41,0.0,566849.0,0.0,89.12,28.9,0,0,0,0,-17.41,-2.57,5.0,0.0,0
1789648864.5404308,2026-09-17T18:11:04.540431,-17.41,0.0,566849.0,0.0,89.12,28.9,0,0,0,0,-17.41,-2.57,5.0,0.0,0
1789648864.5612462,2026-09-17T18:11:04.561246,-17.41,0.0,566849.0,0.0,89.12,28.9,0,0,0,0,-17.41,-2.57,5.0,0.0,0
1789648864.5806978,2026-09-17T18:11:04.580698,-17.41,0.0,566849.0,0.0,89.12,28.9,0,0,0,0,-17.41,-2.57,5.0,0.0,0
1789648864.601296,2026-09-17T18:11:04.601296,-17.39,0.0,566881.0,0.0,89.12,28.9,0,0,0,0,-17.39,-2.56,5.0,0.0,0
1789648864.6208155,2026-09-17T18:11:04.620816,-17.39,0.0,566881.0,0.0,89.12,28.9,0,0,0,0,-17.39,-2.56,5.0,0.0,0
1789648864.6408696,2026-09-17T18:11:04.640870,-17.4,0.0,566881.0,0.0,89.12,28.9,0,0,0,0,-17.4,-2.56,5.0,0.0,0
1789648864.6602528,2026-09-17T18:11:04.660253,-17.4,0.0,566881.0,0.0,89.12,28.9,0,0,0,0,-17.4,-2.56,5.0,0.0,0
1789648864.6811216,2026-09-17T18:11:04.681122,-17.4,0.0,566881.0,0.0,89.12,28.9,0,0,0,0,-17.4,-2.56,5.0,0.0,0
1789648864.7005255,2026-09-17T18:11:04.700526,-17.4,0.0,566881.0,0.0,89.12,28.9,0,0,0,0,-17.4,-2.56,5.0,0.0,0
1789648864.7206645,2026-09-17T18:11:04.720665,-17.4,0.0,566881.0,0.0,89.12,28.9,0,0,0,0,-17.4,-2.56,5.0,0.0,0
1789648864.7408068,2026-09-17T18:11:04.740807,-17.4,0.0,566881.0,0.0,89.12,28.9,0,0,0,0,-17.4,-2.56,5.0,0.0,0
1789648864.7606976,2026-09-17T18:11:04.760698,-17.4,0.0,566881.0,0.0,89.12,28.9,0,0,0,0,-17.4,-2.56,5.0,0.0,0
1789648864.7805285,2026-09-17T18:11:04.780529,-17.4,0.0,566766.0,0.0,89.12,28.9,0,0,0,0,-17.4,-2.56,5.0,0.0,0
1789648864.8008678,2026-09-17T18:11:04.800868,-17.4,0.0,566766.0,0.0,89.12,28.9,0,0,0,0,-17.4,-2.56,5.0,0.0,0
1789648864.8210073,2026-09-17T18:11:04.821007,-17.4,0.0,566766.0,0.0,89.12,28.9,0,0,0,0,-17.4,-2.56,5.0,0.0,0
1789648864.8412654,2026-09-17T18:11:04.841265,-17.41,0.0,566766.0,0.0,89.12,28.9,0,0,0,0,-17.41,-2.56,5.0,0.0,0
1789648864.8606362,2026-09-17T18:11:04.860636,-17.4,0.0,566766.0,0.0,89.12,28.9,0,0,0,0,-17.4,-2.56,5.0,0.0,0
1789648864.8808215,2026-09-17T18:11:04.880821,-17.4,0.0,566766.0,0.0,89.12,28.9,0,0,0,0,-17.4,-2.56,5.0,0.0,0
1789648864.9009025,2026-09-17T18:11:04.900903,-17.4,0.0,566766.0,0.0,89.12,28.9,0,0,0,0,-17.4,-2.56,5.0,0.0,0
1789648864.9205143,2026-09-17T18:11:04.920514,-17.4,0.0,566766.0,0.0,89.12,28.9,0,0,0,0,-17.4,-2.56,5.0,0.0,0
1789648864.9404101,2026-09-17T18:11:04.940410,-17.4,0.0,566766.0,0.0,89.12,28.9,0,0,0,0,-17.4,-2.56,5.0,0.0,0
1789648864.9610279,2026-09-17T18:11:04.961028,-17.41,0.0,566817.0,0.0,89.12,28.9,0,0,0,0,-17.41,-2.56,5.0,0.0,0
1789648864.9808738,2026-09-17T18:11:04.980874,-17.39,0.0,566817.0,0.0,89.12,28.9,0,0,0,0,-17.39,-2.54,5.0,0.0,0
1789648865.0002234,2026-09-17T18:11:05.000223,-17.4,0.0,566817.0,0.0,89.12,28.9,0,0,0,0,-17.4,-2.54,5.0,0.0,0
1789648865.021007,2026-09-17T18:11:05.021007,-17.4,0.0,566817.0,0.0,89.12,28.9,0,0,0,0,-17.4,-2.56,5.0,0.0,0
1789648865.040926,2026-09-17T18:11:05.040926,-17.39,0.0,566817.0,0.0,89.12,28.9,0,0,0,0,-17.39,-2.56,5.0,0.0,0
1789648865.0605872,2026-09-17T18:11:05.060587,-17.39,0.0,566817.0,0.0,89.12,28.9,0,0,0,0,-17.39,-2.56,5.0,0.0,0
1789648865.0806248,2026-09-17T18:11:05.080625,-17.39,0.0,566817.0,0.0,89.12,28.9,0,0,0,0,-17.39,-2.56,5.0,0.0,0
1789648865.1008153,2026-09-17T18:11:05.100815,-17.39,0.0,566817.0,0.0,89.12,28.9,0,0,0,0,-17.39,-2.56,5.0,0.0,0
1789648865.1205542,2026-09-17T18:11:05.120554,-17.39,0.0,566817.0,0.0,89.12,28.9,0,0,0,0,-17.39,-2.56,5.0,0.0,0
1789648865.1405284,2026-09-17T18:11:05.140528,-17.39,0.0,566899.0,0.0,89.12,28.9,0,0,0,0,-17.39,-2.56,5.0,0.0,0
1789648865.1604364,2026-09-17T18:11:05.160436,-17.39,0.0,566899.0,0.0,89.12,28.9,0,0,0,0,-17.39,-2.55,5.0,0.0,0
1789648865.180899,2026-09-17T18:11:05.180899,-17.39,0.0,566899.0,0.0,89.12,28.9,0,0,0,0,-17.39,-2.55,5.0,0.0,0
1789648865.2002666,2026-09-17T18:11:05.200267,-17.39,0.0,566899.0,0.0,89.12,28.9,0,0,0,0,-17.39,-2.55,5.0,0.0,0
1789648865.2207503,2026-09-17T18:11:05.220750,-17.39,0.0,566899.0,0.0,89.12,28.9,0,0,0,0,-17.39,-2.55,5.0,0.0,0
1789648865.2404516,2026-09-17T18:11:05.240452,-17.4,0.0,566899.0,0.0,89.12,28.9,0,0,0,0,-17.4,-2.56,5.0,0.0,0
1789648865.261251,2026-09-17T18:11:05.261251,-17.4,0.0,566899.0,0.0,89.12,28.9,0,0,0,0,-17.4,-2.56,5.0,0.0,0
1789648865.281451,2026-09-17T18:11:05.281451,-17.4,0.0,566899.0,0.0,89.12,28.9,0,0,0,0,-17.4,-2.56,5.0,0.0,0
1789648865.300711,2026-09-17T18:11:05.300711,-17.4,0.0,566899.0,0.0,89.12,28.9,0,0,0,0,-17.4,-2.56,5.0,0.0,0
1789648865.3211176,2026-09-17T18:11:05.321118,-17.4,0.0,566899.0,0.0,89.12,28.9,0,0,0,0,-17.4,-2.56,5.0,0.0,0
1789648865.3408303,2026-09-17T18:11:05.340830,-17.4,0.0,566860.0,0.0,89.12,28.9,0,0,0,0,-17.4,-2.56,5.0,0.0,0
1789648865.3601506,2026-09-17T18:11:05.360151,-17.39,0.0,566860.0,0.0,89.12,28.9,0,0,0,0,-17.39,-2.55,5.0,0.0,0
1789648865.3803272,2026-09-17T18:11:05.380327,-17.39,0.0,566860.0,0.0,89.12,28.9,0,0,0,0,-17.39,-2.55,5.0,0.0,0
1789648865.4003377,2026-09-17T18:11:05.400338,-17.39,0.0,566860.0,0.0,89.12,28.9,0,0,0,0,-17.39,-2.56,5.0,0.0,0
1789648865.421453,2026-09-17T18:11:05.421453,-17.39,0.0,566860.0,0.0,89.12,28.9,0,0,0,0,-17.39,-2.56,5.0,0.0,0
1789648865.440206,2026-09-17T18:11:05.440206,-17.39,0.0,566860.0,0.0,89.12,28.9,0,0,0,0,-17.39,-2.56,5.0,0.0,0
1789648865.4610727,2026-09-17T18:11:05.461073,-17.39,0.0,566860.0,0.0,89.12,28.9,0,0,0,0,-17.39,-2.56,5.0,0.0,0
1789648865.4811113,2026-09-17T18:11:05.481111,-17.39,0.0,566860.0,0.0,89.12,28.9,0,0,0,0,-17.39,-2.56,5.0,0.0,0
1789648865.5011146,2026-09-17T18:11:05.501115,-17.39,0.0,566860.0,0.0,89.12,28.9,0,0,0,0,-17.39,-2.56,5.0,0.0,0
1789648865.5205371,2026-09-17T18:11:05.520537,-17.39,0.0,566849.0,0.0,89.12,28.9,0,0,0,0,-17.39,-2.55,5.0,0.0,0
1789648865.5410826,2026-09-17T18:11:05.541083,-17.38,0.0,566849.0,0.0,89.12,28.9,0,0,0,0,-17.38,-2.54,5.0,0.0,0
1789648865.5608697,2026-09-17T18:11:05.560870,-17.38,0.0,566849.0,0.0,89.12,28.9,0,0,0,0,-17.38,-2.54,5.0,0.0,0
1789648865.581053,2026-09-17T18:11:05.581053,-17.39,0.0,566849.0,0.0,89.12,28.9,0,0,0,0,-17.39,-2.55,5.0,0.0,0
1789648865.6010206,2026-09-17T18:11:05.601021,-17.39,0.0,566849.0,0.0,89.12,28.9,0,0,0,0,-17.39,-2.55,5.0,0.0,0
1789648865.6208236,2026-09-17T18:11:05.620824,-17.39,0.0,566849.0,0.0,89.12,28.9,0,0,0,0,-17.39,-2.55,5.0,0.0,0
1789648865.6413448,2026-09-17T18:11:05.641345,-17.39,0.0,566849.0,0.0,89.12,28.9,0,0,0,0,-17.39,-2.55,5.0,0.0,0
1789648865.6608062,2026-09-17T18:11:05.660806,-17.39,0.0,566849.0,0.0,89.12,28.9,0,0,0,0,-17.39,-2.55,5.0,0.0,0
1789648865.6809106,2026-09-17T18:11:05.680911,-17.39,0.0,566849.0,0.0,89.12,28.9,0,0,0,0,-17.39,-2.55,5.0,0.0,0
1789648865.7004411,2026-09-17T18:11:05.700441,-17.4,0.0,566842.0,0.0,89.12,28.9,0,0,0,0,-17.4,-2.55,5.0,0.0,0
1789648865.721066,2026-09-17T18:11:05.721066,-17.4,0.0,566842.0,0.0,89.12,28.9,0,0,0,0,-17.4,-2.55,5.0,0.0,0
1789648865.7403576,2026-09-17T18:11:05.740358,-17.4,0.0,566842.0,0.0,89.12,28.9,0,0,0,0,-17.4,-2.55,5.0,0.0,0
1789648865.760694,2026-09-17T18:11:05.760694,-17.41,0.0,566842.0,0.0,89.12,28.9,0,0,0,0,-17.41,-2.55,5.0,0.0,0
1789648865.7805502,2026-09-17T18:11:05.780550,-17.41,0.0,566842.0,0.0,89.12,28.9,0,0,0,0,-17.41,-2.55,5.0,0.0,0
1789648865.8011105,2026-09-17T18:11:05.801111,-17.41,0.0,566842.0,0.0,89.12,28.9,0,0,0,0,-17.41,-2.55,5.0,0.0,0
1789648865.820502,2026-09-17T18:11:05.820502,-17.41,0.0,566842.0,0.0,89.12,28.9,0,0,0,0,-17.41,-2.55,5.0,0.0,0
1789648865.840911,2026-09-17T18:11:05.840911,-17.41,0.0,566842.0,0.0,89.12,28.9,0,0,0,0,-17.41,-2.55,5.0,0.0,0
1789648865.8603454,2026-09-17T18:11:05.860345,-17.41,0.0,566842.0,0.0,89.12,28.9,0,0,0,0,-17.41,-2.55,5.0,0.0,0
1789648865.8802562,2026-09-17T18:11:05.880256,-17.4,0.0,566870.0,0.0,89.12,28.9,0,0,0,0,-17.4,-2.55,5.0,0.0,0
1789648865.901267,2026-09-17T18:11:05.901267,-17.39,0.0,566870.0,0.0,89.12,28.9,0,0,0,0,-17.39,-2.55,5.0,0.0,0
1789648865.9213042,2026-09-17T18:11:05.921304,-17.39,0.0,566870.0,0.0,89.12,28.9,0,0,0,0,-17.39,-2.55,5.0,0.0,0
1789648865.940304,2026-09-17T18:11:05.940304,-17.4,0.0,566870.0,0.0,89.12,28.9,0,0,0,0,-17.4,-2.55,5.0,0.0,0
1789648865.9611447,2026-09-17T18:11:05.961145,-17.4,0.0,566870.0,0.0,89.12,28.9,0,0,0,0,-17.4,-2.55,5.0,0.0,0
1789648865.9809544,2026-09-17T18:11:05.980954,-17.4,0.0,566870.0,0.0,89.12,28.9,0,0,0,0,-17.4,-2.55,5.0,0.0,0
1789648866.0003512,2026-09-17T18:11:06.000351,-17.4,0.0,566870.0,0.0,89.12,28.9,0,0,0,0,-17.4,-2.55,5.0,0.0,0
1789648866.020725,2026-09-17T18:11:06.020725,-17.4,0.0,566870.0,0.0,89.12,28.9,0,0,0,0,-17.4,-2.55,5.0,0.0,0
1789648866.0411084,2026-09-17T18:11:06.041108,-17.4,0.0,566870.0,0.0,89.12,28.9,0,0,0,0,-17.4,-2.55,5.0,0.0,0
1789648866.0610893,2026-09-17T18:11:06.061089,-17.41,0.0,566878.0,0.0,89.12,28.9,0,0,0,0,-17.41,-2.56,5.0,0.0,0
1789648866.0801997,2026-09-17T18:11:06.080200,-17.41,0.0,566878.0,0.0,89.12,28.9,0,0,0,0,-17.41,-2.57,5.0,0.0,0
1789648866.1013453,2026-09-17T18:11:06.101345,-17.4,0.0,566878.0,0.0,89.12,28.9,0,0,0,0,-17.4,-2.57,5.0,0.0,0
1789648866.1209276,2026-09-17T18:11:06.120928,-17.4,0.0,566878.0,0.0,89.12,28.9,0,0,0,0,-17.4,-2.57,5.0,0.0,0
1789648866.1411018,2026-09-17T18:11:06.141102,-17.41,0.0,566878.0,0.0,89.12,28.9,0,0,0,0,-17.41,-2.57,5.0,0.0,0
1789648866.1607583,2026-09-17T18:11:06.160758,-17.41,0.0,566878.0,0.0,89.12,28.9,0,0,0,0,-17.41,-2.57,5.0,0.0,0
1789648866.181121,2026-09-17T18:11:06.181121,-17.41,0.0,566878.0,0.0,89.12,28.9,0,0,0,0,-17.41,-2.57,5.0,0.0,0
1789648866.200707,2026-09-17T18:11:06.200707,-17.41,0.0,566878.0,0.0,89.12,28.9,0,0,0,0,-17.41,-2.57,5.0,0.0,0
1789648866.2210653,2026-09-17T18:11:06.221065,-17.41,0.0,566878.0,0.0,89.12,28.9,0,0,0,0,-17.41,-2.57,5.0,0.0,0
1789648866.2412214,2026-09-17T18:11:06.241221,-17.41,0.0,566834.0,0.0,89.12,28.9,0,0,0,0,-17.41,-2.57,5.0,0.0,0
1789648866.2602174,2026-09-17T18:11:06.260217,-17.4,0.0,566834.0,0.0,89.12,28.9,0,0,0,0,-17.4,-2.57,5.0,0.0,0
1789648866.2804246,2026-09-17T18:11:06.280425,-17.41,0.0,566834.0,0.0,89.12,28.9,0,0,0,0,-17.41,-2.58,5.0,0.0,0
1789648866.3003845,2026-09-17T18:11:06.300385,-17.42,0.0,566834.0,0.0,89.12,28.9,0,0,0,0,-17.42,-2.58,5.0,0.0,0
1789648866.3213198,2026-09-17T18:11:06.321320,-17.42,0.0,566834.0,0.0,89.12,28.9,0,0,0,0,-17.42,-2.57,5.0,0.0,0
1789648866.3411255,2026-09-17T18:11:06.341125,-17.42,0.0,566834.0,0.0,89.12,28.9,0,0,0,0,-17.42,-2.57,5.0,0.0,0
1789648866.360833,2026-09-17T18:11:06.360833,-17.42,0.0,566834.0,0.0,89.12,28.9,0,0,0,0,-17.42,-2.57,5.0,0.0,0
1789648866.380919,2026-09-17T18:11:06.380919,-17.42,0.0,566834.0,0.0,89.12,28.9,0,0,0,0,-17.42,-2.57,5.0,0.0,0
1789648866.4005375,2026-09-17T18:11:06.400537,-17.42,0.0,566834.0,0.0,89.12,28.9,0,0,0,0,-17.42,-2.57,5.0,0.0,0
1789648866.420442,2026-09-17T18:11:06.420442,-17.42,0.0,566791.0,0.0,89.12,28.9,0,0,0,0,-17.42,-2.58,5.0,0.0,0
1789648866.4402244,2026-09-17T18:11:06.440224,-17.39,0.0,566791.0,0.0,89.12,28.9,0,0,0,0,-17.39,-2.56,5.0,0.0,0
1789648866.461024,2026-09-17T18:11:06.461024,-17.39,0.0,566791.0,0.0,89.12,28.9,0,0,0,0,-17.39,-2.56,5.0,0.0,0
1789648866.4807577,2026-09-17T18:11:06.480758,-17.4,0.0,566791.0,0.0,89.12,28.9,0,0,0,0,-17.4,-2.56,5.0,0.0,0
1789648866.5011685,2026-09-17T18:11:06.501168,-17.41,0.0,566791.0,0.0,89.12,28.9,0,0,0,0,-17.41,-2.57,5.0,0.0,0
1789648866.5208101,2026-09-17T18:11:06.520810,-17.41,0.0,566791.0,0.0,89.03,28.9,0,0,0,0,-17.41,-2.56,5.0,0.0,0
1789648866.540282,2026-09-17T18:11:06.540282,-17.41,0.0,566791.0,0.0,89.03,28.9,0,0,0,0,-17.41,-2.56,5.0,0.0,0
1789648866.561145,2026-09-17T18:11:06.561145,-17.41,0.0,566791.0,0.0,89.03,28.9,0,0,0,0,-17.41,-2.56,5.0,0.0,0
1789648866.5810783,2026-09-17T18:11:06.581078,-17.41,0.0,566791.0,0.0,89.03,28.9,0,0,0,0,-17.41,-2.56,5.0,0.0,0
1789648866.6010473,2026-09-17T18:11:06.601047,-17.41,0.0,566791.0,0.0,89.03,28.9,0,0,0,0,-17.41,-2.56,5.0,0.0,0
1789648866.6208117,2026-09-17T18:11:06.620812,-17.41,0.0,566838.0,0.0,89.12,28.9,0,0,0,0,-17.41,-2.56,5.0,0.0,0
1789648866.641117,2026-09-17T18:11:06.641117,-17.42,0.0,566838.0,0.0,89.12,28.9,0,0,0,0,-17.42,-2.56,5.0,0.0,0
1789648866.6610036,2026-09-17T18:11:06.661004,-17.42,0.0,566838.0,0.0,89.12,28.9,0,0,0,0,-17.42,-2.56,5.0,0.0,0
1789648866.6811848,2026-09-17T18:11:06.681185,-17.42,0.0,566838.0,0.0,89.12,28.9,0,0,0,0,-17.42,-2.56,5.0,0.0,0
1789648866.7008631,2026-09-17T18:11:06.700863,-17.41,0.0,566838.0,0.0,89.12,28.9,0,0,0,0,-17.41,-2.56,5.0,0.0,0
1789648866.7201643,2026-09-17T18:11:06.720164,-17.41,0.0,566838.0,0.0,89.12,28.9,0,0,0,0,-17.41,-2.56,5.0,0.0,0
1789648866.7411156,2026-09-17T18:11:06.741116,-17.41,0.0,566838.0,0.0,89.12,28.9,0,0,0,0,-17.41,-2.56,5.0,0.0,0
1789648866.761187,2026-09-17T18:11:06.761187,-17.41,0.0,566838.0,0.0,89.12,28.9,0,0,0,0,-17.41,-2.56,5.0,0.0,0
1789648866.7809982,2026-09-17T18:11:06.780998,-17.41,0.0,566838.0,0.0,89.12,28.9,0,0,0,0,-17.41,-2.56,5.0,0.0,0
1789648866.8008497,2026-09-17T18:11:06.800850,-17.42,0.0,566839.0,0.0,89.12,28.9,0,0,0,0,-17.42,-2.56,5.0,0.0,0
1789648866.8206828,2026-09-17T18:11:06.820683,-17.42,0.0,566839.0,0.0,89.12,28.9,0,0,0,0,-17.42,-2.56,5.0,0.0,0
1789648866.8402452,2026-09-17T18:11:06.840245,-17.43,0.0,566839.0,0.0,89.03,28.9,0,0,0,0,-17.43,-2.55,5.0,0.0,0
1789648866.8612554,2026-09-17T18:11:06.861255,-17.43,0.0,566839.0,0.0,89.12,28.9,0,0,0,0,-17.43,-2.56,5.0,0.0,0
1789648866.8814263,2026-09-17T18:11:06.881426,-17.43,0.0,566839.0,0.0,89.12,28.9,0,0,0,0,-17.43,-2.56,5.0,0.0,0
1789648866.9012225,2026-09-17T18:11:06.901222,-17.43,0.0,566839.0,0.0,89.12,28.9,0,0,0,0,-17.43,-2.56,5.0,0.0,0
1789648866.9212782,2026-09-17T18:11:06.921278,-17.43,0.0,566839.0,0.0,89.12,28.9,0,0,0,0,-17.43,-2.56,5.0,0.0,0
1789648866.9410896,2026-09-17T18:11:06.941090,-17.43,0.0,566839.0,0.0,89.12,28.9,0,0,0,0,-17.43,-2.56,5.0,0.0,0
1789648866.960893,2026-09-17T18:11:06.960893,-17.43,0.0,566839.0,0.0,89.12,28.9,0,0,0,0,-17.43,-2.56,5.0,0.0,0
1789648866.9810715,2026-09-17T18:11:06.981071,-17.42,0.0,566851.0,0.0,89.12,28.9,0,0,0,0,-17.42,-2.55,5.0,0.0,0
1789648867.0002537,2026-09-17T18:11:07.000254,-17.42,0.0,566851.0,0.0,89.12,28.9,0,0,0,0,-17.42,-2.56,5.0,0.0,0
1789648867.0210636,2026-09-17T18:11:07.021064,-17.42,0.0,566851.0,0.0,89.12,28.9,0,0,0,0,-17.42,-2.56,5.0,0.0,0
1789648867.0407195,2026-09-17T18:11:07.040720,-17.42,0.0,566851.0,0.0,89.12,28.9,0,0,0,0,-17.42,-2.56,5.0,0.0,0
1789648867.0603795,2026-09-17T18:11:07.060380,-17.42,0.0,566851.0,0.0,89.12,28.9,0,0,0,0,-17.42,-2.55,5.0,0.0,0
1789648867.0808954,2026-09-17T18:11:07.080895,-17.42,0.0,566851.0,0.0,89.12,28.9,0,0,0,0,-17.42,-2.55,5.0,0.0,0
1789648867.1007273,2026-09-17T18:11:07.100727,-17.42,0.0,566851.0,0.0,89.12,28.9,0,0,0,0,-17.42,-2.55,5.0,0.0,0
1789648867.120209,2026-09-17T18:11:07.120209,-17.42,0.0,566851.0,0.0,89.12,28.9,0,0,0,0,-17.42,-2.55,5.0,0.0,0
1789648867.140425,2026-09-17T18:11:07.140425,-17.42,0.0,566851.0,0.0,89.12,28.9,0,0,0,0,-17.42,-2.55,5.0,0.0,0
1789648867.1604912,2026-09-17T18:11:07.160491,-17.41,0.0,566825.0,0.0,89.12,28.9,0,0,0,0,-17.41,-2.55,5.0,0.0,0
1789648867.18138,2026-09-17T18:11:07.181380,-17.4,0.0,566825.0,0.0,89.12,28.9,0,0,0,0,-17.4,-2.55,5.0,0.0,0
1789648867.2012725,2026-09-17T18:11:07.201272,-17.41,0.0,566825.0,0.0,89.12,28.9,0,0,0,0,-17.41,-2.56,5.0,0.0,0
1789648867.2210522,2026-09-17T18:11:07.221052,-17.41,0.0,566825.0,0.0,89.12,28.9,0,0,0,0,-17.41,-2.56,5.0,0.0,0
1789648867.2405715,2026-09-17T18:11:07.240571,-17.41,0.0,566825.0,0.0,89.12,28.9,0,0,0,0,-17.41,-2.55,5.0,0.0,0
1789648867.2607458,2026-09-17T18:11:07.260746,-17.4,0.0,566825.0,0.0,89.12,28.9,0,0,0,0,-17.4,-2.55,5.0,0.0,0
1789648867.2805583,2026-09-17T18:11:07.280558,-17.4,0.0,566825.0,0.0,89.12,28.9,0,0,0,0,-17.4,-2.55,5.0,0.0,0
1789648867.3010654,2026-09-17T18:11:07.301065,-17.4,0.0,566825.0,0.0,89.12,28.9,0,0,0,0,-17.4,-2.55,5.0,0.0,0
1789648867.3204083,2026-09-17T18:11:07.320408,-17.4,0.0,566825.0,0.0,89.12,28.9,0,0,0,0,-17.4,-2.55,5.0,0.0,0
1789648867.3402536,2026-09-17T18:11:07.340254,-17.4,0.0,566902.0,0.0,89.12,28.9,0,0,0,0,-17.4,-2.55,5.0,0.0,0
1789648867.3603342,2026-09-17T18:11:07.360334,-17.39,0.0,566902.0,0.0,89.03,28.9,0,0,0,0,-17.39,-2.54,5.0,0.0,0
1789648867.3810098,2026-09-17T18:11:07.381010,-17.39,0.0,566902.0,0.0,89.12,28.9,0,0,0,0,-17.39,-2.55,5.0,0.0,0
1789648867.4011807,2026-09-17T18:11:07.401181,-17.39,0.0,566902.0,0.0,89.12,28.9,0,0,0,0,-17.39,-2.55,5.0,0.0,0
1789648867.4209383,2026-09-17T18:11:07.420938,-17.39,0.0,566902.0,0.0,89.12,28.9,0,0,0,0,-17.39,-2.55,5.0,0.0,0
1789648867.440215,2026-09-17T18:11:07.440215,-17.38,0.0,566902.0,0.0,89.12,28.9,0,0,0,0,-17.38,-2.54,5.0,0.0,0
1789648867.4610202,2026-09-17T18:11:07.461020,-17.38,0.0,566902.0,0.0,89.12,28.9,0,0,0,0,-17.38,-2.54,5.0,0.0,0
1789648867.4812183,2026-09-17T18:11:07.481218,-17.38,0.0,566902.0,0.0,89.12,28.9,0,0,0,0,-17.38,-2.54,5.0,0.0,0
1789648867.5011697,2026-09-17T18:11:07.501170,-17.39,0.0,566850.0,0.0,89.12,28.9,0,0,0,0,-17.39,-2.55,5.0,0.0,0
1789648867.5211844,2026-09-17T18:11:07.521184,-17.39,0.0,566850.0,0.0,89.12,28.9,0,0,0,0,-17.39,-2.55,5.0,0.0,0
1789648867.5414476,2026-09-17T18:11:07.541448,-17.39,0.0,566850.0,0.0,89.12,28.9,0,0,0,0,-17.39,-2.55,5.0,0.0,0
1789648867.560842,2026-09-17T18:11:07.560842,-17.39,0.0,566850.0,0.0,89.12,28.9,0,0,0,0,-17.39,-2.55,5.0,0.0,0
1789648867.5805962,2026-09-17T18:11:07.580596,-17.39,0.0,566850.0,0.0,89.12,28.9,0,0,0,0,-17.39,-2.55,5.0,0.0,0
1789648867.601135,2026-09-17T18:11:07.601135,-17.39,0.0,566850.0,0.0,89.12,28.9,0,0,0,0,-17.39,-2.55,5.0,0.0,0
1789648867.62115,2026-09-17T18:11:07.621150,-17.39,0.0,566850.0,0.0,89.12,28.9,0,0,0,0,-17.39,-2.55,5.0,0.0,0
1789648867.641115,2026-09-17T18:11:07.641115,-17.39,0.0,566850.0,0.0,89.12,28.9,0,0,0,0,-17.39,-2.55,5.0,0.0,0
1789648867.6605382,2026-09-17T18:11:07.660538,-17.39,0.0,566850.0,0.0,89.12,28.9,0,0,0,0,-17.39,-2.55,5.0,0.0,0
1789648867.681047,2026-09-17T18:11:07.681047,-17.39,0.0,566850.0,0.0,89.12,28.9,0,0,0,0,-17.39,-2.55,5.0,0.0,0
1789648867.7010472,2026-09-17T18:11:07.701047,-17.39,0.0,566850.0,0.0,89.12,28.9,0,0,0,0,-17.39,-2.55,5.0,0.0,0
1789648867.7209058,2026-09-17T18:11:07.720906,-17.39,0.0,566850.0,0.0,89.12,28.9,0,0,0,0,-17.39,-2.55,5.0,0.0,0
1789648867.741153,2026-09-17T18:11:07.741153,-17.39,0.0,566850.0,0.0,89.12,28.9,0,0,0,0,-17.39,-2.55,5.0,0.0,0
1789648867.7607415,2026-09-17T18:11:07.760741,-17.39,0.0,566850.0,0.0,89.12,28.9,0,0,0,0,-17.39,-2.55,5.0,0.0,0
1789648867.7806692,2026-09-17T18:11:07.780669,-17.39,0.0,566850.0,0.0,89.12,28.9,0,0,0,0,-17.39,-2.55,5.0,0.0,0
1789648867.8011754,2026-09-17T18:11:07.801175,-17.39,0.0,566850.0,0.0,89.12,28.9,0,0,0,0,-17.39,-2.55,5.0,0.0,0
1789648867.8211913,2026-09-17T18:11:07.821191,-17.39,0.0,566850.0,0.0,89.12,28.9,0,0,0,0,-17.39,-2.55,5.0,0.0,0
1789648867.8406005,2026-09-17T18:11:07.840600,-17.39,0.0,566850.0,0.0,89.12,28.9,0,0,0,0,-17.39,-2.55,5.0,0.0,0
1789648867.8612056,2026-09-17T18:11:07.861206,-17.39,0.0,566850.0,0.0,89.12,28.9,0,0,0,0,-17.39,-2.55,5.0,0.0,0
1789648867.8809729,2026-09-17T18:11:07.880973,-17.39,0.0,566850.0,0.0,89.12,28.9,0,0,0,0,-17.39,-2.55,5.0,0.0,0
1789648867.900398,2026-09-17T18:11:07.900398,-17.39,0.0,566850.0,0.0,89.12,28.9,0,0,0,0,-17.39,-2.55,5.0,0.0,0
1789648867.92124,2026-09-17T18:11:07.921240,-17.39,0.0,566850.0,0.0,89.12,28.9,0,0,0,0,-17.39,-2.55,5.0,0.0,0
1789648867.9406347,2026-09-17T18:11:07.940635,-17.39,0.0,566850.0,0.0,89.12,28.9,0,0,0,0,-17.39,-2.55,5.0,0.0,0
1789648867.9612086,2026-09-17T18:11:07.961209,-17.39,0.0,566850.0,0.0,89.12,28.9,0,0,0,0,-17.39,-2.55,5.0,0.0,0
1789648867.9811804,2026-09-17T18:11:07.981180,-17.39,0.0,566850.0,0.0,89.12,28.9,0,0,0,0,-17.39,-2.55,5.0,0.0,0
1789648868.0012145,2026-09-17T18:11:08.001215,-17.39,0.0,566850.0,0.0,89.12,28.9,0,0,0,0,-17.39,-2.55,5.0,0.0,0
1789648868.02079,2026-09-17T18:11:08.020790,-17.39,0.0,566850.0,0.0,89.12,28.9,0,0,0,0,-17.39,-2.55,5.0,0.0,0
1789648868.040559,2026-09-17T18:11:08.040559,-17.39,0.0,566850.0,0.0,89.12,28.9,0,0,0,0,-17.39,-2.55,5.0,0.0,0
1789648868.060759,2026-09-17T18:11:08.060759,-17.39,0.0,566850.0,0.0,89.12,28.9,0,0,0,0,-17.39,-2.55,5.0,0.0,0
1789648868.0812204,2026-09-17T18:11:08.081220,-17.39,0.0,566850.0,0.0,89.12,28.9,0,0,0,0,-17.39,-2.55,5.0,0.0,0
1789648868.1007519,2026-09-17T18:11:08.100752,-17.39,0.0,566850.0,0.0,89.12,28.9,0,0,0,0,-17.39,-2.55,5.0,0.0,0
1789648868.1205988,2026-09-17T18:11:08.120599,-17.39,0.0,566850.0,0.0,89.12,28.9,0,0,0,0,-17.39,-2.55,5.0,0.0,0
1789648868.140616,2026-09-17T18:11:08.140616,-17.39,0.0,566850.0,0.0,89.12,28.9,0,0,0,0,-17.39,-2.55,5.0,0.0,0
1789648868.1607192,2026-09-17T18:11:08.160719,-17.39,0.0,566850.0,0.0,89.12,28.9,0,0,0,0,-17.39,-2.55,5.0,0.0,0
1789648868.1812792,2026-09-17T18:11:08.181279,-17.39,0.0,566850.0,0.0,89.12,28.9,0,0,0,0,-17.39,-2.55,5.0,0.0,0
1789648868.201191,2026-09-17T18:11:08.201191,-17.39,0.0,566850.0,0.0,89.12,28.9,0,0,0,0,-17.39,-2.55,5.0,0.0,0
1789648868.2204275,2026-09-17T18:11:08.220428,-17.39,0.0,566850.0,0.0,89.12,28.9,0,0,0,0,-17.39,-2.55,5.0,0.0,0
1789648868.2411294,2026-09-17T18:11:08.241129,-17.39,0.0,566850.0,0.0,89.12,28.9,0,0,0,0,-17.39,-2.55,5.0,0.0,0
1789648868.2612886,2026-09-17T18:11:08.261289,-17.39,0.0,566850.0,0.0,89.12,28.9,0,0,0,0,-17.39,-2.55,5.0,0.0,0
1789648868.2803626,2026-09-17T18:11:08.280363,-17.39,0.0,566850.0,0.0,89.12,28.9,0,0,0,0,-17.39,-2.55,5.0,0.0,0
1789648868.3013713,2026-09-17T18:11:08.301371,-17.39,0.0,566850.0,0.0,89.12,28.9,0,0,0,0,-17.39,-2.55,5.0,0.0,0
1789648868.3213167,2026-09-17T18:11:08.321317,-17.39,0.0,566850.0,0.0,89.12,28.9,0,0,0,0,-17.39,-2.55,5.0,0.0,0
1789648868.341012,2026-09-17T18:11:08.341012,-17.39,0.0,566850.0,0.0,89.12,28.9,0,0,0,0,-17.39,-2.55,5.0,0.0,0
1789648868.3610194,2026-09-17T18:11:08.361019,-17.39,0.0,566850.0,0.0,89.12,28.9,0,0,0,0,-17.39,-2.55,5.0,0.0,0
1789648868.3812058,2026-09-17T18:11:08.381206,-17.39,0.0,566850.0,0.0,89.12,28.9,0,0,0,0,-17.39,-2.55,5.0,0.0,0
1789648868.4010077,2026-09-17T18:11:08.401008,-17.39,0.0,566850.0,0.0,89.12,28.9,0,0,0,0,-17.39,-2.55,5.0,0.0,0
1789648868.4211931,2026-09-17T18:11:08.421193,-17.39,0.0,566850.0,0.0,89.12,28.9,0,0,0,0,-17.39,-2.55,5.0,0.0,0
1789648868.4412339,2026-09-17T18:11:08.441234,-17.39,0.0,566850.0,0.0,89.12,28.9,0,0,0,0,-17.39,-2.55,5.0,0.0,0
1789648868.461121,2026-09-17T18:11:08.461121,-17.39,0.0,566850.0,0.0,89.12,28.9,0,0,0,0,-17.39,-2.55,5.0,0.0,0
1789648868.481089,2026-09-17T18:11:08.481089,-17.39,0.0,566850.0,0.0,89.12,28.9,0,0,0,0,-17.39,-2.55,5.0,0.0,0
1789648868.5009437,2026-09-17T18:11:08.500944,-17.39,0.0,566850.0,0.0,89.12,28.9,0,0,0,0,-17.39,-2.55,5.0,0.0,0
1789648868.5211163,2026-09-17T18:11:08.521116,-17.39,0.0,566850.0,0.0,89.12,28.9,0,0,0,0,-17.39,-2.55,5.0,0.0,0
1789648868.541642,2026-09-17T18:11:08.541642,-17.39,0.0,566836.0,0.0,89.12,28.9,0,0,0,0,-17.39,-2.57,5.0,0.0,0
1789648868.561121,2026-09-17T18:11:08.561121,-17.39,0.0,566836.0,0.0,89.12,28.9,0,0,0,0,-17.39,-2.57,5.0,0.0,0
1789648868.5806308,2026-09-17T18:11:08.580631,-17.39,0.0,566836.0,0.0,89.12,28.9,0,0,0,0,-17.39,-2.57,5.0,0.0,0
1789648868.6008804,2026-09-17T18:11:08.600880,-17.39,0.0,566836.0,0.0,89.12,28.9,0,0,0,0,-17.39,-2.57,5.0,0.0,0
1789648868.6208127,2026-09-17T18:11:08.620813,-17.39,0.0,566836.0,0.0,89.12,28.9,0,0,0,0,-17.39,-2.57,5.0,0.0,0
1789648868.6404138,2026-09-17T18:11:08.640414,-17.39,0.0,566836.0,0.0,89.12,28.9,0,0,0,0,-17.39,-2.57,5.0,0.0,0
1789648868.660662,2026-09-17T18:11:08.660662,-17.39,0.0,566836.0,0.0,89.12,28.9,0,0,0,0,-17.39,-2.57,5.0,0.0,0
1789648868.6811054,2026-09-17T18:11:08.681105,-17.39,0.0,566836.0,0.0,89.12,28.9,0,0,0,0,-17.39,-2.57,5.0,0.0,0
1789648868.7008555,2026-09-17T18:11:08.700855,-17.39,0.0,566836.0,0.0,89.12,28.9,0,0,0,0,-17.39,-2.57,5.0,0.0,0
1789648868.7213316,2026-09-17T18:11:08.721332,-17.39,0.0,566836.0,0.0,89.12,28.9,0,0,0,0,-17.39,-2.57,5.0,0.0,0
1789648868.7407503,2026-09-17T18:11:08.740750,-17.39,0.0,566836.0,0.0,89.12,28.9,0,0,0,0,-17.39,-2.57,5.0,0.0,0
1789648868.7603679,2026-09-17T18:11:08.760368,-17.39,0.0,566836.0,0.0,89.12,28.9,0,0,0,0,-17.39,-2.57,5.0,0.0,0
1789648868.7810078,2026-09-17T18:11:08.781008,-17.39,0.0,566836.0,0.0,89.12,28.9,0,0,0,0,-17.39,-2.57,5.0,0.0,0
1789648868.8009157,2026-09-17T18:11:08.800916,-17.39,0.0,566836.0,0.0,89.12,28.9,0,0,0,0,-17.39,-2.57,5.0,0.0,0
1789648868.8204827,2026-09-17T18:11:08.820483,-17.39,0.0,566836.0,0.0,89.12,28.9,0,0,0,0,-17.39,-2.57,5.0,0.0,0
1789648868.841105,2026-09-17T18:11:08.841105,-17.39,0.0,566836.0,0.0,89.12,28.9,0,0,0,0,-17.39,-2.57,5.0,0.0,0
1789648868.861313,2026-09-17T18:11:08.861313,-17.39,0.0,566836.0,0.0,89.12,28.9,0,0,0,0,-17.39,-2.57,5.0,0.0,0
1789648868.8814354,2026-09-17T18:11:08.881435,-17.39,0.0,566836.0,0.0,89.12,28.9,0,0,0,0,-17.39,-2.57,5.0,0.0,0
1789648868.9011292,2026-09-17T18:11:08.901129,-17.39,0.0,566836.0,0.0,89.12,28.9,0,0,0,0,-17.39,-2.57,5.0,0.0,0
1789648868.920455,2026-09-17T18:11:08.920455,-17.39,0.0,566836.0,0.0,89.12,28.9,0,0,0,0,-17.39,-2.57,5.0,0.0,0
1789648868.9413266,2026-09-17T18:11:08.941327,-17.39,0.0,566836.0,0.0,89.12,28.9,0,0,0,0,-17.39,-2.57,5.0,0.0,0
1789648868.9609158,2026-09-17T18:11:08.960916,-17.39,0.0,566836.0,0.0,89.12,28.9,0,0,0,0,-17.39,-2.57,5.0,0.0,0
1789648868.9807122,2026-09-17T18:11:08.980712,-17.39,0.0,566836.0,0.0,89.12,28.9,0,0,0,0,-17.39,-2.57,5.0,0.0,0
1789648869.0008495,2026-09-17T18:11:09.000849,-17.39,0.0,566836.0,0.0,89.12,28.9,0,0,0,0,-17.39,-2.57,5.0,0.0,0
1789648869.0208013,2026-09-17T18:11:09.020801,-17.39,0.0,566836.0,0.0,89.12,28.9,0,0,0,0,-17.39,-2.57,5.0,0.0,0
1789648869.040647,2026-09-17T18:11:09.040647,-17.39,0.0,566836.0,0.0,89.12,28.9,0,0,0,0,-17.39,-2.57,5.0,0.0,0
1789648869.060502,2026-09-17T18:11:09.060502,-17.39,0.0,566836.0,0.0,89.12,28.9,0,0,0,0,-17.39,-2.57,5.0,0.0,0
1789648869.0813448,2026-09-17T18:11:09.081345,-17.39,0.0,566836.0,0.0,89.12,28.9,0,0,0,0,-17.39,-2.57,5.0,0.0,0
1789648869.1008043,2026-09-17T18:11:09.100804,-17.39,0.0,566836.0,0.0,89.12,28.9,0,0,0,0,-17.39,-2.57,5.0,0.0,0
1789648869.121299,2026-09-17T18:11:09.121299,-17.39,0.0,566836.0,0.0,89.12,28.9,0,0,0,0,-17.39,-2.57,5.0,0.0,0
1789648869.1407583,2026-09-17T18:11:09.140758,-17.39,0.0,566836.0,0.0,89.12,28.9,0,0,0,0,-17.39,-2.57,5.0,0.0,0
1789648869.160522,2026-09-17T18:11:09.160522,-17.39,0.0,566836.0,0.0,89.12,28.9,0,0,0,0,-17.39,-2.57,5.0,0.0,0
1789648869.1803107,2026-09-17T18:11:09.180311,-17.39,0.0,566836.0,0.0,89.12,28.9,0,0,0,0,-17.39,-2.57,5.0,0.0,0
1789648869.2008162,2026-09-17T18:11:09.200816,-17.39,0.0,566836.0,0.0,89.12,28.9,0,0,0,0,-17.39,-2.57,5.0,0.0,0
1789648869.2204478,2026-09-17T18:11:09.220448,-17.39,0.0,566836.0,0.0,89.12,28.9,0,0,0,0,-17.39,-2.57,5.0,0.0,0
1789648869.2411869,2026-09-17T18:11:09.241187,-17.39,0.0,566836.0,0.0,89.12,28.9,0,0,0,0,-17.39,-2.57,5.0,0.0,0
1789648869.2607095,2026-09-17T18:11:09.260710,-17.39,0.0,566836.0,0.0,89.12,28.9,0,0,0,0,-17.39,-2.57,5.0,0.0,0
1789648869.2808123,2026-09-17T18:11:09.280812,-17.39,0.0,566836.0,0.0,89.12,28.9,0,0,0,0,-17.39,-2.57,5.0,0.0,0
1789648869.3005347,2026-09-17T18:11:09.300535,-17.39,0.0,566836.0,0.0,89.12,28.9,0,0,0,0,-17.39,-2.57,5.0,0.0,0
1789648869.320878,2026-09-17T18:11:09.320878,-17.39,0.0,566836.0,0.0,89.12,28.9,0,0,0,0,-17.39,-2.57,5.0,0.0,0
1789648869.3409672,2026-09-17T18:11:09.340967,-17.39,0.0,566836.0,0.0,89.12,28.9,0,0,0,0,-17.39,-2.57,5.0,0.0,0
1789648869.3606765,2026-09-17T18:11:09.360677,-17.39,0.0,566836.0,0.0,89.12,28.9,0,0,0,0,-17.39,-2.57,5.0,0.0,0
1789648869.3807576,2026-09-17T18:11:09.380758,-17.39,0.0,566836.0,0.0,89.12,28.9,0,0,0,0,-17.39,-2.57,5.0,0.0,0
1789648869.4006426,2026-09-17T18:11:09.400643,-17.39,0.0,566836.0,0.0,89.12,28.9,0,0,0,0,-17.39,-2.57,5.0,0.0,0
1789648869.4207802,2026-09-17T18:11:09.420780,-17.39,0.0,566836.0,0.0,89.12,28.9,0,0,0,0,-17.39,-2.57,5.0,0.0,0
1789648869.4413037,2026-09-17T18:11:09.441304,-17.39,0.0,566836.0,0.0,89.12,28.9,0,0,0,0,-17.39,-2.57,5.0,0.0,0
1789648869.4610014,2026-09-17T18:11:09.461001,-17.39,0.0,566836.0,0.0,89.12,28.9,0,0,0,0,-17.39,-2.57,5.0,0.0,0
1789648869.4809997,2026-09-17T18:11:09.481000,-17.39,0.0,566836.0,0.0,89.12,28.9,0,0,0,0,-17.39,-2.57,5.0,0.0,0
1789648869.5009997,2026-09-17T18:11:09.501000,-17.39,0.0,566836.0,0.0,89.12,28.9,0,0,0,0,-17.39,-2.57,5.0,0.0,0
1789648869.5213408,2026-09-17T18:11:09.521341,-17.39,0.0,566836.0,0.0,89.12,28.9,0,0,0,0,-17.39,-2.57,5.0,0.0,0
1789648869.5417898,2026-09-17T18:11:09.541790,-17.33,0.0,566838.0,0.0,89.12,28.9,0,0,0,0,-17.33,-2.51,5.0,0.0,0
1789648869.5619037,2026-09-17T18:11:09.561904,-14.26,0.0,566838.0,0.0,89.12,28.9,0,0,0,0,-14.26,-2.47,5.0,0.0,0
1789648869.5817308,2026-09-17T18:11:09.581731,-14.04,0.0,566838.0,0.0,89.12,28.9,0,0,0,0,-14.04,-2.4,5.0,0.0,0
1789648869.6008306,2026-09-17T18:11:09.600831,-13.91,0.0,566838.0,0.0,89.12,28.9,0,0,0,0,-13.91,-2.4,5.0,0.0,0
1789648869.6212752,2026-09-17T18:11:09.621275,-13.91,0.0,566838.0,0.0,89.12,28.9,0,0,0,0,-13.91,-2.4,5.0,0.0,0
1789648869.640287,2026-09-17T18:11:09.640287,-13.91,0.0,566838.0,0.0,89.12,28.9,0,0,0,0,-13.91,-2.4,5.0,0.0,0
1789648869.6611366,2026-09-17T18:11:09.661137,-13.91,0.0,566838.0,0.0,89.12,28.9,0,0,0,0,-13.91,-2.4,5.0,0.0,0
1789648869.6814988,2026-09-17T18:11:09.681499,-13.91,0.0,566838.0,0.0,89.12,28.9,0,0,0,0,-13.91,-2.4,5.0,0.0,0
1789648869.7006085,2026-09-17T18:11:09.700608,-13.91,0.0,566838.0,0.0,89.12,28.9,0,0,0,0,-13.91,-2.4,5.0,0.0,0
1789648869.7210453,2026-09-17T18:11:09.721045,-13.91,0.0,566838.0,0.0,89.12,28.9,0,0,0,0,-13.91,-2.4,5.0,0.0,0
1789648869.7407086,2026-09-17T18:11:09.740709,-13.91,0.0,566838.0,0.0,89.12,28.9,0,0,0,0,-13.91,-2.4,5.0,0.0,0
1789648869.761303,2026-09-17T18:11:09.761303,-13.91,0.0,566838.0,0.0,89.12,28.9,0,0,0,0,-13.91,-2.4,5.0,0.0,0
1789648869.7806067,2026-09-17T18:11:09.780607,-13.91,0.0,566838.0,0.0,89.12,28.9,0,0,0,0,-13.91,-2.4,5.0,0.0,0
1789648869.8006318,2026-09-17T18:11:09.800632,-13.91,0.0,566838.0,0.0,89.12,28.9,0,0,0,0,-13.91,-2.4,5.0,0.0,0
1789648869.820626,2026-09-17T18:11:09.820626,-13.91,0.0,566838.0,0.0,89.12,28.9,0,0,0,0,-13.91,-2.4,5.0,0.0,0
1789648869.8411,2026-09-17T18:11:09.841100,-13.91,0.0,566838.0,0.0,89.12,28.9,0,0,0,0,-13.91,-2.4,5.0,0.0,0
1789648869.8603957,2026-09-17T18:11:09.860396,-13.91,0.0,566838.0,0.0,89.12,28.9,0,0,0,0,-13.91,-2.4,5.0,0.0,0
1789648869.8813562,2026-09-17T18:11:09.881356,-13.91,0.0,566838.0,0.0,89.12,28.9,0,0,0,0,-13.91,-2.4,5.0,0.0,0
1789648869.901086,2026-09-17T18:11:09.901086,-13.91,0.0,566838.0,0.0,89.12,28.9,0,0,0,0,-13.91,-2.4,5.0,0.0,0
1789648869.9214058,2026-09-17T18:11:09.921406,-13.91,0.0,566838.0,0.0,89.12,28.9,0,0,0,0,-13.91,-2.4,5.0,0.0,0
1789648869.9403207,2026-09-17T18:11:09.940321,-13.91,0.0,566838.0,0.0,89.12,28.9,0,0,0,0,-13.91,-2.4,5.0,0.0,0
1789648869.9609888,2026-09-17T18:11:09.960989,-13.91,0.0,566838.0,0.0,89.12,28.9,0,0,0,0,-13.91,-2.4,5.0,0.0,0
1789648869.9806473,2026-09-17T18:11:09.980647,-13.91,0.0,566838.0,0.0,89.12,28.9,0,0,0,0,-13.91,-2.4,5.0,0.0,0
1789648870.0008025,2026-09-17T18:11:10.000803,-13.91,0.0,566838.0,0.0,89.12,28.9,0,0,0,0,-13.91,-2.4,5.0,0.0,0
1789648870.0209658,2026-09-17T18:11:10.020966,-13.91,0.0,566838.0,0.0,89.12,28.9,0,0,0,0,-13.91,-2.4,5.0,0.0,0
1789648870.0404918,2026-09-17T18:11:10.040492,-13.91,0.0,566838.0,0.0,89.12,28.9,0,0,0,0,-13.91,-2.4,5.0,0.0,0
1789648870.060279,2026-09-17T18:11:10.060279,-13.91,0.0,566838.0,0.0,89.12,28.9,0,0,0,0,-13.91,-2.4,5.0,0.0,0
1789648870.0812397,2026-09-17T18:11:10.081240,-13.91,0.0,566838.0,0.0,89.12,28.9,0,0,0,0,-13.91,-2.4,5.0,0.0,0
1789648870.1011403,2026-09-17T18:11:10.101140,-13.91,0.0,566838.0,0.0,89.12,28.9,0,0,0,0,-13.91,-2.4,5.0,0.0,0
1789648870.1204975,2026-09-17T18:11:10.120497,-13.91,0.0,566838.0,0.0,89.12,28.9,0,0,0,0,-13.91,-2.4,5.0,0.0,0
1789648870.1406987,2026-09-17T18:11:10.140699,-13.91,0.0,566838.0,0.0,89.12,28.9,0,0,0,0,-13.91,-2.4,5.0,0.0,0
1789648870.1605904,2026-09-17T18:11:10.160590,-13.91,0.0,566838.0,0.0,89.12,28.9,0,0,0,0,-13.91,-2.4,5.0,0.0,0
1789648870.1808345,2026-09-17T18:11:10.180835,-13.91,0.0,566838.0,0.0,89.12,28.9,0,0,0,0,-13.91,-2.4,5.0,0.0,0
1789648870.200855,2026-09-17T18:11:10.200855,-13.91,0.0,566838.0,0.0,89.12,28.9,0,0,0,0,-13.91,-2.4,5.0,0.0,0
1789648870.2208462,2026-09-17T18:11:10.220846,-13.91,0.0,566838.0,0.0,89.12,28.9,0,0,0,0,-13.91,-2.4,5.0,0.0,0
1789648870.240965,2026-09-17T18:11:10.240965,-13.91,0.0,566838.0,0.0,89.12,28.9,0,0,0,0,-13.91,-2.4,5.0,0.0,0
1789648870.2607195,2026-09-17T18:11:10.260720,-13.91,0.0,566838.0,0.0,89.12,28.9,0,0,0,0,-13.91,-2.4,5.0,0.0,0
1789648870.2806032,2026-09-17T18:11:10.280603,-13.91,0.0,566838.0,0.0,89.12,28.9,0,0,0,0,-13.91,-2.4,5.0,0.0,0
1789648870.3002315,2026-09-17T18:11:10.300231,-13.91,0.0,566838.0,0.0,89.12,28.9,0,0,0,0,-13.91,-2.4,5.0,0.0,0
1789648870.3206651,2026-09-17T18:11:10.320665,-13.91,0.0,566838.0,0.0,89.12,28.9,0,0,0,0,-13.91,-2.4,5.0,0.0,0
1789648870.3406782,2026-09-17T18:11:10.340678,-13.91,0.0,566838.0,0.0,89.12,28.9,0,0,0,0,-13.91,-2.4,5.0,0.0,0
1789648870.3609755,2026-09-17T18:11:10.360976,-13.91,0.0,566838.0,0.0,89.12,28.9,0,0,0,0,-13.91,-2.4,5.0,0.0,0
1789648870.3811007,2026-09-17T18:11:10.381101,-13.91,0.0,566838.0,0.0,89.12,28.9,0,0,0,0,-13.91,-2.4,5.0,0.0,0
1789648870.4010322,2026-09-17T18:11:10.401032,-13.91,0.0,566838.0,0.0,89.12,28.9,0,0,0,0,-13.91,-2.4,5.0,0.0,0
1789648870.4216335,2026-09-17T18:11:10.421633,-13.91,0.0,566838.0,0.0,89.12,28.9,0,0,0,0,-13.91,-2.4,5.0,0.0,0
1789648870.4402893,2026-09-17T18:11:10.440289,-13.91,0.0,566838.0,0.0,89.12,28.9,0,0,0,0,-13.91,-2.4,5.0,0.0,0
1789648870.4608717,2026-09-17T18:11:10.460872,-13.91,0.0,566838.0,0.0,89.12,28.9,0,0,0,0,-13.91,-2.4,5.0,0.0,0
1789648870.4805598,2026-09-17T18:11:10.480560,-13.91,0.0,566838.0,0.0,89.12,28.9,0,0,0,0,-13.91,-2.4,5.0,0.0,0
1789648870.5003724,2026-09-17T18:11:10.500372,-13.91,0.0,566838.0,0.0,89.12,28.9,0,0,0,0,-13.91,-2.4,5.0,0.0,0
1789648870.521429,2026-09-17T18:11:10.521429,-13.91,0.0,566838.0,0.0,89.12,28.9,0,0,0,0,-13.91,-2.4,5.0,0.0,0
1789648870.5409908,2026-09-17T18:11:10.540991,-13.91,0.0,566838.0,0.0,89.12,28.9,0,0,0,0,-13.91,-2.4,5.0,0.0,0
1789648870.561135,2026-09-17T18:11:10.561135,-13.91,0.0,566838.0,0.0,89.12,28.9,0,0,0,0,-13.91,-2.4,5.0,0.0,0
1789648870.5809805,2026-09-17T18:11:10.580981,-13.91,0.0,566838.0,0.0,89.12,28.9,0,0,0,0,-13.91,-2.4,5.0,0.0,0
1789648870.6010218,2026-09-17T18:11:10.601022,-13.91,0.0,566838.0,0.0,89.12,28.9,0,0,0,0,-13.91,-2.4,5.0,0.0,0
1789648870.6209884,2026-09-17T18:11:10.620988,-13.91,0.0,566838.0,0.0,89.12,28.9,0,0,0,0,-13.91,-2.4,5.0,0.0,0
1789648870.6406739,2026-09-17T18:11:10.640674,-13.63,0.0,566788.0,0.0,89.03,28.9,0,0,0,0,-13.63,-2.13,5.0,0.0,0
1789648870.6608543,2026-09-17T18:11:10.660854,-10.62,0.0,566788.0,0.0,89.12,28.9,0,0,0,0,-10.62,-1.95,5.0,0.0,0
1789648870.6801467,2026-09-17T18:11:10.680147,-7.85,0.0,566788.0,0.0,89.12,28.9,0,0,0,0,-7.85,-1.93,5.0,0.0,0
1789648870.701302,2026-09-17T18:11:10.701302,-8.05,0.0,566788.0,0.0,89.12,28.9,0,0,0,0,-8.05,-1.94,5.0,0.0,0
1789648870.7203634,2026-09-17T18:11:10.720363,-8.05,0.0,566788.0,0.0,89.12,28.9,0,0,0,0,-8.05,-1.94,5.0,0.0,0
1789648870.740638,2026-09-17T18:11:10.740638,-8.05,0.0,566788.0,0.0,89.12,28.9,0,0,0,0,-8.05,-1.94,5.0,0.0,0
1789648870.7610438,2026-09-17T18:11:10.761044,-8.05,0.0,566788.0,0.0,89.12,28.9,0,0,0,0,-8.05,-1.94,5.0,0.0,0
1789648870.7809467,2026-09-17T18:11:10.780947,-8.05,0.0,566788.0,0.0,89.12,28.9,0,0,0,0,-8.05,-1.94,5.0,0.0,0
1789648870.8009853,2026-09-17T18:11:10.800985,-8.05,0.0,566788.0,0.0,89.12,28.9,0,0,0,0,-8.05,-1.94,5.0,0.0,0
1789648870.8208494,2026-09-17T18:11:10.820849,-8.05,0.0,566788.0,0.0,89.12,28.9,0,0,0,0,-8.05,-1.94,5.0,0.0,0
1789648870.8404174,2026-09-17T18:11:10.840417,-8.05,0.0,566788.0,0.0,89.12,28.9,0,0,0,0,-8.05,-1.94,5.0,0.0,0
1789648870.8602269,2026-09-17T18:11:10.860227,-8.05,0.0,566788.0,0.0,89.12,28.9,0,0,0,0,-8.05,-1.94,5.0,0.0,0
1789648870.880849,2026-09-17T18:11:10.880849,-8.05,0.0,566788.0,0.0,89.12,28.9,0,0,0,0,-8.05,-1.94,5.0,0.0,0
1789648870.90116,2026-09-17T18:11:10.901160,-8.05,0.0,566788.0,0.0,89.12,28.9,0,0,0,0,-8.05,-1.94,5.0,0.0,0
1789648870.9206188,2026-09-17T18:11:10.920619,-8.05,0.0,566788.0,0.0,89.12,28.9,0,0,0,0,-8.05,-1.94,5.0,0.0,0
1789648870.9405932,2026-09-17T18:11:10.940593,-8.05,0.0,566788.0,0.0,89.12,28.9,0,0,0,0,-8.05,-1.94,5.0,0.0,0
1789648870.960303,2026-09-17T18:11:10.960303,-8.05,0.0,566788.0,0.0,89.12,28.9,0,0,0,0,-8.05,-1.94,5.0,0.0,0
1789648870.9807167,2026-09-17T18:11:10.980717,-8.05,0.0,566788.0,0.0,89.12,28.9,0,0,0,0,-8.05,-1.94,5.0,0.0,0
1789648871.000549,2026-09-17T18:11:11.000549,-8.05,0.0,566788.0,0.0,89.12,28.9,0,0,0,0,-8.05,-1.94,5.0,0.0,0
1789648871.0204453,2026-09-17T18:11:11.020445,-8.05,0.0,566788.0,0.0,89.12,28.9,0,0,0,0,-8.05,-1.94,5.0,0.0,0
1789648871.041283,2026-09-17T18:11:11.041283,-8.05,0.0,566788.0,0.0,89.12,28.9,0,0,0,0,-8.05,-1.94,5.0,0.0,0
1789648871.060446,2026-09-17T18:11:11.060446,-8.05,0.0,566788.0,0.0,89.12,28.9,0,0,0,0,-8.05,-1.94,5.0,0.0,0
1789648871.081254,2026-09-17T18:11:11.081254,-8.05,0.0,566788.0,0.0,89.12,28.9,0,0,0,0,-8.05,-1.94,5.0,0.0,0
1789648871.1009243,2026-09-17T18:11:11.100924,-8.05,0.0,566788.0,0.0,89.12,28.9,0,0,0,0,-8.05,-1.94,5.0,0.0,0
1789648871.1208797,2026-09-17T18:11:11.120880,-8.05,0.0,566788.0,0.0,89.12,28.9,0,0,0,0,-8.05,-1.94,5.0,0.0,0
1789648871.141112,2026-09-17T18:11:11.141112,-8.05,0.0,566788.0,0.0,89.12,28.9,0,0,0,0,-8.05,-1.94,5.0,0.0,0
1789648871.1603897,2026-09-17T18:11:11.160390,-8.05,0.0,566788.0,0.0,89.12,28.9,0,0,0,0,-8.05,-1.94,5.0,0.0,0
1789648871.181142,2026-09-17T18:11:11.181142,-8.05,0.0,566788.0,0.0,89.12,28.9,0,0,0,0,-8.05,-1.94,5.0,0.0,0
1789648871.2012722,2026-09-17T18:11:11.201272,-8.05,0.0,566788.0,0.0,89.12,28.9,0,0,0,0,-8.05,-1.94,5.0,0.0,0
1789648871.2203872,2026-09-17T18:11:11.220387,-8.05,0.0,566788.0,0.0,89.12,28.9,0,0,0,0,-8.05,-1.94,5.0,0.0,0
1789648871.2412271,2026-09-17T18:11:11.241227,-8.05,0.0,566788.0,0.0,89.12,28.9,0,0,0,0,-8.05,-1.94,5.0,0.0,0
1789648871.2605667,2026-09-17T18:11:11.260567,-8.05,0.0,566788.0,0.0,89.12,28.9,0,0,0,0,-8.05,-1.94,5.0,0.0,0
1789648871.2812307,2026-09-17T18:11:11.281231,-8.05,0.0,566788.0,0.0,89.12,28.9,0,0,0,0,-8.05,-1.94,5.0,0.0,0
1789648871.3011239,2026-09-17T18:11:11.301124,-8.05,0.0,566788.0,0.0,89.12,28.9,0,0,0,0,-8.05,-1.94,5.0,0.0,0
1789648871.3206468,2026-09-17T18:11:11.320647,-8.05,0.0,566788.0,0.0,89.12,28.9,0,0,0,0,-8.05,-1.94,5.0,0.0,0
1789648871.340603,2026-09-17T18:11:11.340603,-8.05,0.0,566788.0,0.0,89.12,28.9,0,0,0,0,-8.05,-1.94,5.0,0.0,0
1789648871.360916,2026-09-17T18:11:11.360916,-8.05,0.0,566788.0,0.0,89.12,28.9,0,0,0,0,-8.05,-1.94,5.0,0.0,0
1789648871.3811917,2026-09-17T18:11:11.381192,-8.05,0.0,566788.0,0.0,89.12,28.9,0,0,0,0,-8.05,-1.94,5.0,0.0,0
1789648871.401029,2026-09-17T18:11:11.401029,-8.05,0.0,566788.0,0.0,89.12,28.9,0,0,0,0,-8.05,-1.94,5.0,0.0,0
1789648871.4211082,2026-09-17T18:11:11.421108,-8.05,0.0,566788.0,0.0,89.12,28.9,0,0,0,0,-8.05,-1.94,5.0,0.0,0
1789648871.4411054,2026-09-17T18:11:11.441105,-8.05,0.0,566788.0,0.0,89.12,28.9,0,0,0,0,-8.05,-1.94,5.0,0.0,0
1789648871.461232,2026-09-17T18:11:11.461232,-8.05,0.0,566788.0,0.0,89.12,28.9,0,0,0,0,-8.05,-1.94,5.0,0.0,0
1789648871.481216,2026-09-17T18:11:11.481216,-8.05,0.0,566788.0,0.0,89.12,28.9,0,0,0,0,-8.05,-1.94,5.0,0.0,0
1789648871.5009646,2026-09-17T18:11:11.500965,-8.05,0.0,566788.0,0.0,89.12,28.9,0,0,0,0,-8.05,-1.94,5.0,0.0,0
1789648871.5211048,2026-09-17T18:11:11.521105,-8.05,0.0,566788.0,0.0,89.12,28.9,0,0,0,0,-8.05,-1.94,5.0,0.0,0
1789648871.54099,2026-09-17T18:11:11.540990,-8.05,0.0,566788.0,0.0,89.12,28.9,0,0,0,0,-8.05,-1.94,5.0,0.0,0
1789648871.5601149,2026-09-17T18:11:11.560115,-8.05,0.0,566788.0,0.0,89.12,28.9,0,0,0,0,-8.05,-1.94,5.0,0.0,0
1789648871.5804298,2026-09-17T18:11:11.580430,-8.05,0.0,566788.0,0.0,89.12,28.9,0,0,0,0,-8.05,-1.94,5.0,0.0,0
1789648871.601011,2026-09-17T18:11:11.601011,-8.05,0.0,566788.0,0.0,89.12,28.9,0,0,0,0,-8.05,-1.94,5.0,0.0,0
1789648871.6208825,2026-09-17T18:11:11.620883,-8.05,0.0,566788.0,0.0,89.12,28.9,0,0,0,0,-8.05,-1.94,5.0,0.0,0
1789648871.6410687,2026-09-17T18:11:11.641069,-8.05,0.0,566788.0,0.0,89.12,28.9,0,0,0,0,-8.05,-1.94,5.0,0.0,0
1789648871.661008,2026-09-17T18:11:11.661008,-8.05,0.0,566788.0,0.0,89.12,28.9,0,0,0,0,-8.05,-1.94,5.0,0.0,0
1789648871.6811051,2026-09-17T18:11:11.681105,-8.05,0.0,566788.0,0.0,89.12,28.9,0,0,0,0,-8.05,-1.94,5.0,0.0,0
1789648871.700224,2026-09-17T18:11:11.700224,-8.05,0.0,566788.0,0.0,89.12,28.9,0,0,0,0,-8.05,-1.94,5.0,0.0,0
1789648871.7204852,2026-09-17T18:11:11.720485,-8.05,0.0,566788.0,0.0,89.12,28.9,0,0,0,0,-8.05,-1.94,5.0,0.0,0
1789648871.740526,2026-09-17T18:11:11.740526,-9.28,0.0,566834.0,0.0,89.12,28.9,0,0,0,0,-9.28,-1.59,5.0,0.0,0
1789648871.7610319,2026-09-17T18:11:11.761032,-9.68,0.0,566834.0,0.0,89.12,28.9,0,0,0,0,-9.68,-1.62,5.0,0.0,0
1789648871.781055,2026-09-17T18:11:11.781055,-9.84,0.0,566834.0,0.0,89.12,28.9,0,0,0,0,-9.84,-1.64,5.0,0.0,0
1789648871.8010523,2026-09-17T18:11:11.801052,-9.84,0.0,566834.0,0.0,89.12,28.9,0,0,0,0,-9.84,-1.64,5.0,0.0,0
1789648871.820399,2026-09-17T18:11:11.820399,-9.84,0.0,566834.0,0.0,89.12,28.9,0,0,0,0,-9.84,-1.64,5.0,0.0,0
1789648871.8404644,2026-09-17T18:11:11.840464,-9.84,0.0,566834.0,0.0,89.12,28.9,0,0,0,0,-9.84,-1.64,5.0,0.0,0
1789648871.8608806,2026-09-17T18:11:11.860881,-9.84,0.0,566834.0,0.0,89.12,28.9,0,0,0,0,-9.84,-1.64,5.0,0.0,0
1789648871.880506,2026-09-17T18:11:11.880506,-9.84,0.0,566834.0,0.0,89.12,28.9,0,0,0,0,-9.84,-1.64,5.0,0.0,0
1789648871.9010596,2026-09-17T18:11:11.901060,-9.84,0.0,566834.0,0.0,89.12,28.9,0,0,0,0,-9.84,-1.64,5.0,0.0,0
1789648871.920871,2026-09-17T18:11:11.920871,-9.84,0.0,566834.0,0.0,89.12,28.9,0,0,0,0,-9.84,-1.64,5.0,0.0,0
1789648871.9413116,2026-09-17T18:11:11.941312,-9.84,0.0,566834.0,0.0,89.12,28.9,0,0,0,0,-9.84,-1.64,5.0,0.0,0
1789648871.9610379,2026-09-17T18:11:11.961038,-9.84,0.0,566834.0,0.0,89.12,28.9,0,0,0,0,-9.84,-1.64,5.0,0.0,0
1789648871.9806702,2026-09-17T18:11:11.980670,-9.84,0.0,566834.0,0.0,89.12,28.9,0,0,0,0,-9.84,-1.64,5.0,0.0,0
1789648872.0001712,2026-09-17T18:11:12.000171,-9.84,0.0,566834.0,0.0,89.12,28.9,0,0,0,0,-9.84,-1.64,5.0,0.0,0
1789648872.0213447,2026-09-17T18:11:12.021345,-9.84,0.0,566834.0,0.0,89.12,28.9,0,0,0,0,-9.84,-1.64,5.0,0.0,0
1789648872.040704,2026-09-17T18:11:12.040704,-9.84,0.0,566834.0,0.0,89.12,28.9,0,0,0,0,-9.84,-1.64,5.0,0.0,0
1789648872.0602942,2026-09-17T18:11:12.060294,-9.84,0.0,566834.0,0.0,89.12,28.9,0,0,0,0,-9.84,-1.64,5.0,0.0,0
1789648872.0805025,2026-09-17T18:11:12.080503,-9.84,0.0,566834.0,0.0,89.12,28.9,0,0,0,0,-9.84,-1.64,5.0,0.0,0
1789648872.1011314,2026-09-17T18:11:12.101131,-9.84,0.0,566834.0,0.0,89.12,28.9,0,0,0,0,-9.84,-1.64,5.0,0.0,0
1789648872.1210878,2026-09-17T18:11:12.121088,-9.84,0.0,566834.0,0.0,89.12,28.9,0,0,0,0,-9.84,-1.64,5.0,0.0,0
1789648872.1407583,2026-09-17T18:11:12.140758,-9.84,0.0,566834.0,0.0,89.12,28.9,0,0,0,0,-9.84,-1.64,5.0,0.0,0
1789648872.1605036,2026-09-17T18:11:12.160504,-9.84,0.0,566834.0,0.0,89.12,28.9,0,0,0,0,-9.84,-1.64,5.0,0.0,0
1789648872.1813302,2026-09-17T18:11:12.181330,-9.84,0.0,566834.0,0.0,89.12,28.9,0,0,0,0,-9.84,-1.64,5.0,0.0,0
1789648872.200567,2026-09-17T18:11:12.200567,-9.84,0.0,566834.0,0.0,89.12,28.9,0,0,0,0,-9.84,-1.64,5.0,0.0,0
1789648872.220198,2026-09-17T18:11:12.220198,-9.84,0.0,566834.0,0.0,89.12,28.9,0,0,0,0,-9.84,-1.64,5.0,0.0,0
1789648872.24063,2026-09-17T18:11:12.240630,-9.84,0.0,566834.0,0.0,89.12,28.9,0,0,0,0,-9.84,-1.64,5.0,0.0,0
1789648872.2609508,2026-09-17T18:11:12.260951,-9.84,0.0,566834.0,0.0,89.12,28.9,0,0,0,0,-9.84,-1.64,5.0,0.0,0
1789648872.280393,2026-09-17T18:11:12.280393,-9.84,0.0,566834.0,0.0,89.12,28.9,0,0,0,0,-9.84,-1.64,5.0,0.0,0
1789648872.3002584,2026-09-17T18:11:12.300258,-9.84,0.0,566834.0,0.0,89.12,28.9,0,0,0,0,-9.84,-1.64,5.0,0.0,0
1789648872.3210506,2026-09-17T18:11:12.321051,-9.84,0.0,566834.0,0.0,89.12,28.9,0,0,0,0,-9.84,-1.64,5.0,0.0,0
1789648872.3412485,2026-09-17T18:11:12.341249,-9.84,0.0,566834.0,0.0,89.12,28.9,0,0,0,0,-9.84,-1.64,5.0,0.0,0
1789648872.36092,2026-09-17T18:11:12.360920,-9.84,0.0,566834.0,0.0,89.12,28.9,0,0,0,0,-9.84,-1.64,5.0,0.0,0
1789648872.3808496,2026-09-17T18:11:12.380850,-9.84,0.0,566834.0,0.0,89.12,28.9,0,0,0,0,-9.84,-1.64,5.0,0.0,0
1789648872.400847,2026-09-17T18:11:12.400847,-9.84,0.0,566834.0,0.0,89.12,28.9,0,0,0,0,-9.84,-1.64,5.0,0.0,0
1789648872.4208522,2026-09-17T18:11:12.420852,-9.84,0.0,566834.0,0.0,89.12,28.9,0,0,0,0,-9.84,-1.64,5.0,0.0,0
1789648872.440316,2026-09-17T18:11:12.440316,-9.84,0.0,566834.0,0.0,89.12,28.9,0,0,0,0,-9.84,-1.64,5.0,0.0,0
1789648872.4611766,2026-09-17T18:11:12.461177,-9.84,0.0,566834.0,0.0,89.12,28.9,0,0,0,0,-9.84,-1.64,5.0,0.0,0
1789648872.4800599,2026-09-17T18:11:12.480060,-9.84,0.0,566834.0,0.0,89.12,28.9,0,0,0,0,-9.84,-1.64,5.0,0.0,0
1789648872.500629,2026-09-17T18:11:12.500629,-9.84,0.0,566834.0,0.0,89.12,28.9,0,0,0,0,-9.84,-1.64,5.0,0.0,0
1789648872.5206912,2026-09-17T18:11:12.520691,-9.84,0.0,566834.0,0.0,89.12,28.9,0,0,0,0,-9.84,-1.64,5.0,0.0,0
1789648872.5404384,2026-09-17T18:11:12.540438,-9.84,0.0,566834.0,0.0,89.12,28.9,0,0,0,0,-9.84,-1.64,5.0,0.0,0
1789648872.560329,2026-09-17T18:11:12.560329,-9.84,0.0,566834.0,0.0,89.12,28.9,0,0,0,0,-9.84,-1.64,5.0,0.0,0
1789648872.5809786,2026-09-17T18:11:12.580979,-9.84,0.0,566834.0,0.0,89.12,28.9,0,0,0,0,-9.84,-1.64,5.0,0.0,0
1789648872.6010683,2026-09-17T18:11:12.601068,-9.84,0.0,566834.0,0.0,89.12,28.9,0,0,0,0,-9.84,-1.64,5.0,0.0,0
1789648872.6207573,2026-09-17T18:11:12.620757,-9.84,0.0,566834.0,0.0,89.12,28.9,0,0,0,0,-9.84,-1.64,5.0,0.0,0
1789648872.6409411,2026-09-17T18:11:12.640941,-9.84,0.0,566834.0,0.0,89.12,28.9,0,0,0,0,-9.84,-1.64,5.0,0.0,0
1789648872.6602187,2026-09-17T18:11:12.660219,-9.84,0.0,566834.0,0.0,89.12,28.9,0,0,0,0,-9.84,-1.64,5.0,0.0,0
1789648872.680794,2026-09-17T18:11:12.680794,-9.84,0.0,566834.0,0.0,89.12,28.9,0,0,0,0,-9.84,-1.64,5.0,0.0,0
1789648872.700907,2026-09-17T18:11:12.700907,-9.84,0.0,566834.0,0.0,89.12,28.9,0,0,0,0,-9.84,-1.64,5.0,0.0,0
1789648872.7202792,2026-09-17T18:11:12.720279,-9.84,0.0,566834.0,0.0,89.12,28.9,0,0,0,0,-9.84,-1.64,5.0,0.0,0
1789648872.7409074,2026-09-17T18:11:12.740907,-9.84,0.0,566834.0,0.0,89.12,28.9,0,0,0,0,-9.84,-1.64,5.0,0.0,0
1789648872.7610164,2026-09-17T18:11:12.761016,-9.84,0.0,566834.0,0.0,89.12,28.9,0,0,0,0,-9.84,-1.64,5.0,0.0,0
1789648872.780715,2026-09-17T18:11:12.780715,-9.84,0.0,566834.0,0.0,89.12,28.9,0,0,0,0,-9.84,-1.64,5.0,0.0,0
1789648872.8012643,2026-09-17T18:11:12.801264,-9.84,0.0,566834.0,0.0,89.12,28.9,0,0,0,0,-9.84,-1.64,5.0,0.0,0
1789648872.8206122,2026-09-17T18:11:12.820612,-9.73,0.0,566817.0,0.0,89.03,28.9,0,0,0,0,-9.73,-1.65,5.0,0.0,0
1789648872.8409097,2026-09-17T18:11:12.840910,-9.73,0.0,566817.0,0.0,89.03,28.9,0,0,0,0,-9.73,-1.65,5.0,0.0,0
1789648872.8603396,2026-09-17T18:11:12.860340,-9.73,0.0,566817.0,0.0,89.03,28.9,0,0,0,0,-9.73,-1.65,5.0,0.0,0
1789648872.88043,2026-09-17T18:11:12.880430,-9.73,0.0,566817.0,0.0,89.03,28.9,0,0,0,0,-9.73,-1.65,5.0,0.0,0
1789648872.9004874,2026-09-17T18:11:12.900487,-9.73,0.0,566817.0,0.0,89.03,28.9,0,0,0,0,-9.73,-1.65,5.0,0.0,0
1789648872.920864,2026-09-17T18:11:12.920864,-9.73,0.0,566817.0,0.0,89.03,28.9,0,0,0,0,-9.73,-1.65,5.0,0.0,0
1789648872.9413261,2026-09-17T18:11:12.941326,-9.73,0.0,566817.0,0.0,89.03,28.9,0,0,0,0,-9.73,-1.65,5.0,0.0,0
1789648872.9611886,2026-09-17T18:11:12.961189,-9.73,0.0,566817.0,0.0,89.03,28.9,0,0,0,0,-9.73,-1.65,5.0,0.0,0
1789648872.9813514,2026-09-17T18:11:12.981351,-9.73,0.0,566817.0,0.0,89.03,28.9,0,0,0,0,-9.73,-1.65,5.0,0.0,0
1789648873.001021,2026-09-17T18:11:13.001021,-9.73,0.0,566817.0,0.0,89.03,28.9,0,0,0,0,-9.73,-1.65,5.0,0.0,0
1789648873.0206313,2026-09-17T18:11:13.020631,-9.73,0.0,566817.0,0.0,89.03,28.9,0,0,0,0,-9.73,-1.65,5.0,0.0,0
1789648873.0409088,2026-09-17T18:11:13.040909,-9.73,0.0,566817.0,0.0,89.03,28.9,0,0,0,0,-9.73,-1.65,5.0,0.0,0
1789648873.060345,2026-09-17T18:11:13.060345,-9.73,0.0,566817.0,0.0,89.03,28.9,0,0,0,0,-9.73,-1.65,5.0,0.0,0
1789648873.0810683,2026-09-17T18:11:13.081068,-9.73,0.0,566817.0,0.0,89.03,28.9,0,0,0,0,-9.73,-1.65,5.0,0.0,0
1789648873.1003957,2026-09-17T18:11:13.100396,-9.73,0.0,566817.0,0.0,89.03,28.9,0,0,0,0,-9.73,-1.65,5.0,0.0,0
1789648873.1211154,2026-09-17T18:11:13.121115,-9.73,0.0,566817.0,0.0,89.03,28.9,0,0,0,0,-9.73,-1.65,5.0,0.0,0
1789648873.14066,2026-09-17T18:11:13.140660,-9.73,0.0,566817.0,0.0,89.03,28.9,0,0,0,0,-9.73,-1.65,5.0,0.0,0
1789648873.16045,2026-09-17T18:11:13.160450,-9.73,0.0,566817.0,0.0,89.03,28.9,0,0,0,0,-9.73,-1.65,5.0,0.0,0
1789648873.1804051,2026-09-17T18:11:13.180405,-9.73,0.0,566817.0,0.0,89.03,28.9,0,0,0,0,-9.73,-1.65,5.0,0.0,0
1789648873.2003484,2026-09-17T18:11:13.200348,-9.73,0.0,566817.0,0.0,89.03,28.9,0,0,0,0,-9.73,-1.65,5.0,0.0,0
1789648873.2204356,2026-09-17T18:11:13.220436,-9.73,0.0,566817.0,0.0,89.03,28.9,0,0,0,0,-9.73,-1.65,5.0,0.0,0
1789648873.2406833,2026-09-17T18:11:13.240683,-9.73,0.0,566817.0,0.0,89.03,28.9,0,0,0,0,-9.73,-1.65,5.0,0.0,0
1789648873.2613947,2026-09-17T18:11:13.261395,-9.73,0.0,566817.0,0.0,89.03,28.9,0,0,0,0,-9.73,-1.65,5.0,0.0,0
1789648873.2804887,2026-09-17T18:11:13.280489,-9.73,0.0,566817.0,0.0,89.03,28.9,0,0,0,0,-9.73,-1.65,5.0,0.0,0
1789648873.3004265,2026-09-17T18:11:13.300426,-9.73,0.0,566817.0,0.0,89.03,28.9,0,0,0,0,-9.73,-1.65,5.0,0.0,0
1789648873.32122,2026-09-17T18:11:13.321220,-9.73,0.0,566817.0,0.0,89.03,28.9,0,0,0,0,-9.73,-1.65,5.0,0.0,0
1789648873.34015,2026-09-17T18:11:13.340150,-9.73,0.0,566817.0,0.0,89.03,28.9,0,0,0,0,-9.73,-1.65,5.0,0.0,0
1789648873.3609366,2026-09-17T18:11:13.360937,-9.73,0.0,566817.0,0.0,89.03,28.9,0,0,0,0,-9.73,-1.65,5.0,0.0,0
1789648873.380793,2026-09-17T18:11:13.380793,-9.73,0.0,566817.0,0.0,89.03,28.9,0,0,0,0,-9.73,-1.65,5.0,0.0,0
1789648873.4012845,2026-09-17T18:11:13.401284,-9.73,0.0,566817.0,0.0,89.03,28.9,0,0,0,0,-9.73,-1.65,5.0,0.0,0
1789648873.421344,2026-09-17T18:11:13.421344,-9.73,0.0,566817.0,0.0,89.03,28.9,0,0,0,0,-9.73,-1.65,5.0,0.0,0
1789648873.440757,2026-09-17T18:11:13.440757,-9.73,0.0,566817.0,0.0,89.03,28.9,0,0,0,0,-9.73,-1.65,5.0,0.0,0
1789648873.4604053,2026-09-17T18:11:13.460405,-9.73,0.0,566817.0,0.0,89.03,28.9,0,0,0,0,-9.73,-1.65,5.0,0.0,0
1789648873.4803855,2026-09-17T18:11:13.480386,-9.73,0.0,566817.0,0.0,89.03,28.9,0,0,0,0,-9.73,-1.65,5.0,0.0,0
1789648873.5005603,2026-09-17T18:11:13.500560,-9.73,0.0,566817.0,0.0,89.03,28.9,0,0,0,0,-9.73,-1.65,5.0,0.0,0
1789648873.5204604,2026-09-17T18:11:13.520460,-9.73,0.0,566817.0,0.0,89.03,28.9,0,0,0,0,-9.73,-1.65,5.0,0.0,0
1789648873.5413363,2026-09-17T18:11:13.541336,-9.73,0.0,566817.0,0.0,89.03,28.9,0,0,0,0,-9.73,-1.65,5.0,0.0,0
1789648873.5608222,2026-09-17T18:11:13.560822,-9.73,0.0,566817.0,0.0,89.03,28.9,0,0,0,0,-9.73,-1.65,5.0,0.0,0
1789648873.581171,2026-09-17T18:11:13.581171,-9.73,0.0,566817.0,0.0,89.03,28.9,0,0,0,0,-9.73,-1.65,5.0,0.0,0
1789648873.6005683,2026-09-17T18:11:13.600568,-9.73,0.0,566817.0,0.0,89.03,28.9,0,0,0,0,-9.73,-1.65,5.0,0.0,0
1789648873.6202614,2026-09-17T18:11:13.620261,-9.73,0.0,566817.0,0.0,89.03,28.9,0,0,0,0,-9.73,-1.65,5.0,0.0,0
1789648873.6402853,2026-09-17T18:11:13.640285,-9.73,0.0,566817.0,0.0,89.03,28.9,0,0,0,0,-9.73,-1.65,5.0,0.0,0
1789648873.6608372,2026-09-17T18:11:13.660837,-9.73,0.0,566817.0,0.0,89.03,28.9,0,0,0,0,-9.73,-1.65,5.0,0.0,0
1789648873.6803992,2026-09-17T18:11:13.680399,-9.73,0.0,566817.0,0.0,89.03,28.9,0,0,0,0,-9.73,-1.65,5.0,0.0,0
1789648873.7006469,2026-09-17T18:11:13.700647,-9.73,0.0,566817.0,0.0,89.03,28.9,0,0,0,0,-9.73,-1.65,5.0,0.0,0
1789648873.7209408,2026-09-17T18:11:13.720941,-9.73,0.0,566817.0,0.0,89.03,28.9,0,0,0,0,-9.73,-1.65,5.0,0.0,0
1789648873.7411022,2026-09-17T18:11:13.741102,-9.73,0.0,566817.0,0.0,89.03,28.9,0,0,0,0,-9.73,-1.65,5.0,0.0,0
1789648873.760478,2026-09-17T18:11:13.760478,-9.73,0.0,566817.0,0.0,89.03,28.9,0,0,0,0,-9.73,-1.65,5.0,0.0,0
1789648873.7805405,2026-09-17T18:11:13.780540,-9.73,0.0,566817.0,0.0,89.03,28.9,0,0,0,0,-9.73,-1.65,5.0,0.0,0
1789648873.800838,2026-09-17T18:11:13.800838,-9.73,0.0,566817.0,0.0,89.03,28.9,0,0,0,0,-9.73,-1.65,5.0,0.0,0
1789648873.8203783,2026-09-17T18:11:13.820378,-9.73,0.0,566817.0,0.0,89.03,28.9,0,0,0,0,-9.73,-1.65,5.0,0.0,0
1789648873.8403878,2026-09-17T18:11:13.840388,-9.46,0.0,566802.0,0.0,89.03,28.9,0,0,0,0,-9.46,-3.18,5.0,0.0,0
1789648873.8613086,2026-09-17T18:11:13.861309,-10.05,0.0,566802.0,0.0,89.12,28.9,0,0,0,0,-10.05,-3.1,5.0,0.0,0
1789648873.880719,2026-09-17T18:11:13.880719,-10.05,0.0,566802.0,0.0,89.12,28.9,0,0,0,0,-10.05,-3.1,5.0,0.0,0
1789648873.9008853,2026-09-17T18:11:13.900885,-10.05,0.0,566802.0,0.0,89.12,28.9,0,0,0,0,-10.05,-3.1,5.0,0.0,0
1789648873.9213772,2026-09-17T18:11:13.921377,-10.05,0.0,566802.0,0.0,89.12,28.9,0,0,0,0,-10.05,-3.1,5.0,0.0,0
1789648873.940355,2026-09-17T18:11:13.940355,-10.05,0.0,566802.0,0.0,89.12,28.9,0,0,0,0,-10.05,-3.1,5.0,0.0,0
1789648873.9608176,2026-09-17T18:11:13.960818,-10.05,0.0,566802.0,0.0,89.12,28.9,0,0,0,0,-10.05,-3.1,5.0,0.0,0
1789648873.9806213,2026-09-17T18:11:13.980621,-10.05,0.0,566802.0,0.0,89.12,28.9,0,0,0,0,-10.05,-3.1,5.0,0.0,0
1789648874.0007825,2026-09-17T18:11:14.000782,-10.05,0.0,566802.0,0.0,89.12,28.9,0,0,0,0,-10.05,-3.1,5.0,0.0,0
1789648874.021547,2026-09-17T18:11:14.021547,-10.05,0.0,566802.0,0.0,89.12,28.9,0,0,0,0,-10.05,-3.1,5.0,0.0,0
1789648874.04122,2026-09-17T18:11:14.041220,-10.05,0.0,566802.0,0.0,89.12,28.9,0,0,0,0,-10.05,-3.1,5.0,0.0,0
1789648874.0613878,2026-09-17T18:11:14.061388,-10.05,0.0,566802.0,0.0,89.12,28.9,0,0,0,0,-10.05,-3.1,5.0,0.0,0
1789648874.0808983,2026-09-17T18:11:14.080898,-10.05,0.0,566802.0,0.0,89.12,28.9,0,0,0,0,-10.05,-3.1,5.0,0.0,0
1789648874.1004949,2026-09-17T18:11:14.100495,-10.05,0.0,566802.0,0.0,89.12,28.9,0,0,0,0,-10.05,-3.1,5.0,0.0,0
1789648874.1211886,2026-09-17T18:11:14.121189,-10.05,0.0,566802.0,0.0,89.12,28.9,0,0,0,0,-10.05,-3.1,5.0,0.0,0
1789648874.1413758,2026-09-17T18:11:14.141376,-10.05,0.0,566802.0,0.0,89.12,28.9,0,0,0,0,-10.05,-3.1,5.0,0.0,0
1789648874.16128,2026-09-17T18:11:14.161280,-10.05,0.0,566802.0,0.0,89.12,28.9,0,0,0,0,-10.05,-3.1,5.0,0.0,0
1789648874.1811037,2026-09-17T18:11:14.181104,-10.05,0.0,566802.0,0.0,89.12,28.9,0,0,0,0,-10.05,-3.1,5.0,0.0,0
1789648874.200953,2026-09-17T18:11:14.200953,-10.05,0.0,566802.0,0.0,89.12,28.9,0,0,0,0,-10.05,-3.1,5.0,0.0,0
1789648874.2210624,2026-09-17T18:11:14.221062,-10.05,0.0,566802.0,0.0,89.12,28.9,0,0,0,0,-10.05,-3.1,5.0,0.0,0
1789648874.240626,2026-09-17T18:11:14.240626,-10.05,0.0,566802.0,0.0,89.12,28.9,0,0,0,0,-10.05,-3.1,5.0,0.0,0
1789648874.260627,2026-09-17T18:11:14.260627,-10.05,0.0,566802.0,0.0,89.12,28.9,0,0,0,0,-10.05,-3.1,5.0,0.0,0
1789648874.280328,2026-09-17T18:11:14.280328,-10.05,0.0,566802.0,0.0,89.12,28.9,0,0,0,0,-10.05,-3.1,5.0,0.0,0
1789648874.3011148,2026-09-17T18:11:14.301115,-10.05,0.0,566802.0,0.0,89.12,28.9,0,0,0,0,-10.05,-3.1,5.0,0.0,0
1789648874.320882,2026-09-17T18:11:14.320882,-10.05,0.0,566802.0,0.0,89.12,28.9,0,0,0,0,-10.05,-3.1,5.0,0.0,0
1789648874.3408747,2026-09-17T18:11:14.340875,-10.05,0.0,566802.0,0.0,89.12,28.9,0,0,0,0,-10.05,-3.1,5.0,0.0,0
1789648874.360622,2026-09-17T18:11:14.360622,-10.05,0.0,566802.0,0.0,89.12,28.9,0,0,0,0,-10.05,-3.1,5.0,0.0,0
1789648874.381025,2026-09-17T18:11:14.381025,-10.05,0.0,566802.0,0.0,89.12,28.9,0,0,0,0,-10.05,-3.1,5.0,0.0,0
1789648874.4005876,2026-09-17T18:11:14.400588,-10.05,0.0,566802.0,0.0,89.12,28.9,0,0,0,0,-10.05,-3.1,5.0,0.0,0
1789648874.4208543,2026-09-17T18:11:14.420854,-10.05,0.0,566802.0,0.0,89.12,28.9,0,0,0,0,-10.05,-3.1,5.0,0.0,0
1789648874.440646,2026-09-17T18:11:14.440646,-10.05,0.0,566802.0,0.0,89.12,28.9,0,0,0,0,-10.05,-3.1,5.0,0.0,0
1789648874.460944,2026-09-17T18:11:14.460944,-10.05,0.0,566802.0,0.0,89.12,28.9,0,0,0,0,-10.05,-3.1,5.0,0.0,0
1789648874.4806957,2026-09-17T18:11:14.480696,-10.05,0.0,566802.0,0.0,89.12,28.9,0,0,0,0,-10.05,-3.1,5.0,0.0,0
1789648874.5015295,2026-09-17T18:11:14.501529,-10.05,0.0,566802.0,0.0,89.12,28.9,0,0,0,0,-10.05,-3.1,5.0,0.0,0
1789648874.521039,2026-09-17T18:11:14.521039,-10.05,0.0,566802.0,0.0,89.12,28.9,0,0,0,0,-10.05,-3.1,5.0,0.0,0
1789648874.5410733,2026-09-17T18:11:14.541073,-10.05,0.0,566802.0,0.0,89.12,28.9,0,0,0,0,-10.05,-3.1,5.0,0.0,0
1789648874.5604014,2026-09-17T18:11:14.560401,-10.05,0.0,566802.0,0.0,89.12,28.9,0,0,0,0,-10.05,-3.1,5.0,0.0,0
1789648874.5810623,2026-09-17T18:11:14.581062,-10.05,0.0,566802.0,0.0,89.12,28.9,0,0,0,0,-10.05,-3.1,5.0,0.0,0
1789648874.6004047,2026-09-17T18:11:14.600405,-10.05,0.0,566802.0,0.0,89.12,28.9,0,0,0,0,-10.05,-3.1,5.0,0.0,0
1789648874.6207511,2026-09-17T18:11:14.620751,-10.05,0.0,566802.0,0.0,89.12,28.9,0,0,0,0,-10.05,-3.1,5.0,0.0,0
1789648874.6413205,2026-09-17T18:11:14.641320,-10.05,0.0,566802.0,0.0,89.12,28.9,0,0,0,0,-10.05,-3.1,5.0,0.0,0
1789648874.660835,2026-09-17T18:11:14.660835,-10.05,0.0,566802.0,0.0,89.12,28.9,0,0,0,0,-10.05,-3.1,5.0,0.0,0
1789648874.680325,2026-09-17T18:11:14.680325,-10.05,0.0,566802.0,0.0,89.12,28.9,0,0,0,0,-10.05,-3.1,5.0,0.0,0
1789648874.7014742,2026-09-17T18:11:14.701474,-10.05,0.0,566802.0,0.0,89.12,28.9,0,0,0,0,-10.05,-3.1,5.0,0.0,0
1789648874.7211187,2026-09-17T18:11:14.721119,-10.05,0.0,566802.0,0.0,89.12,28.9,0,0,0,0,-10.05,-3.1,5.0,0.0,0
1789648874.7408607,2026-09-17T18:11:14.740861,-10.05,0.0,566802.0,0.0,89.12,28.9,0,0,0,0,-10.05,-3.1,5.0,0.0,0
1789648874.7612689,2026-09-17T18:11:14.761269,-10.05,0.0,566802.0,0.0,89.12,28.9,0,0,0,0,-10.05,-3.1,5.0,0.0,0
1789648874.7814066,2026-09-17T18:11:14.781407,-10.05,0.0,566802.0,0.0,89.12,28.9,0,0,0,0,-10.05,-3.1,5.0,0.0,0
1789648874.801294,2026-09-17T18:11:14.801294,-10.05,0.0,566802.0,0.0,89.12,28.9,0,0,0,0,-10.05,-3.1,5.0,0.0,0
1789648874.8209374,2026-09-17T18:11:14.820937,-10.05,0.0,566802.0,0.0,89.12,28.9,0,0,0,0,-10.05,-3.1,5.0,0.0,0
1789648874.8410158,2026-09-17T18:11:14.841016,-10.05,0.0,566802.0,0.0,89.12,28.9,0,0,0,0,-10.05,-3.1,5.0,0.0,0
1789648874.8611357,2026-09-17T18:11:14.861136,-10.05,0.0,566802.0,0.0,89.12,28.9,0,0,0,0,-10.05,-3.1,5.0,0.0,0
1789648874.880669,2026-09-17T18:11:14.880669,-10.05,0.0,566802.0,0.0,89.12,28.9,0,0,0,0,-10.05,-3.1,5.0,0.0,0
1789648874.9014504,2026-09-17T18:11:14.901450,-10.05,0.0,566802.0,0.0,89.12,28.9,0,0,0,0,-10.05,-3.1,5.0,0.0,0
1789648874.92046,2026-09-17T18:11:14.920460,-10.05,0.0,566802.0,0.0,89.12,28.9,0,0,0,0,-10.05,-3.1,5.0,0.0,0
1789648874.9410298,2026-09-17T18:11:14.941030,-7.2,0.0,566845.0,0.0,89.03,28.9,0,0,0,0,-7.2,-2.98,5.0,0.0,0
1789648874.9608603,2026-09-17T18:11:14.960860,-7.19,0.0,566845.0,0.0,89.12,28.9,0,0,0,0,-7.19,-2.94,5.0,0.0,0
1789648874.9812455,2026-09-17T18:11:14.981246,-7.19,0.0,566845.0,0.0,89.12,28.9,0,0,0,0,-7.19,-2.94,5.0,0.0,0
1789648875.0012121,2026-09-17T18:11:15.001212,-7.19,0.0,566845.0,0.0,89.12,28.9,0,0,0,0,-7.19,-2.94,5.0,0.0,0
1789648875.021082,2026-09-17T18:11:15.021082,-7.19,0.0,566845.0,0.0,89.12,28.9,0,0,0,0,-7.19,-2.94,5.0,0.0,0
1789648875.040928,2026-09-17T18:11:15.040928,-7.19,0.0,566845.0,0.0,89.12,28.9,0,0,0,0,-7.19,-2.94,5.0,0.0,0
1789648875.0602636,2026-09-17T18:11:15.060264,-7.19,0.0,566845.0,0.0,89.12,28.9,0,0,0,0,-7.19,-2.94,5.0,0.0,0
1789648875.081046,2026-09-17T18:11:15.081046,-7.19,0.0,566845.0,0.0,89.12,28.9,0,0,0,0,-7.19,-2.94,5.0,0.0,0
1789648875.1008673,2026-09-17T18:11:15.100867,-7.19,0.0,566845.0,0.0,89.12,28.9,0,0,0,0,-7.19,-2.94,5.0,0.0,0
1789648875.1212344,2026-09-17T18:11:15.121234,-7.19,0.0,566845.0,0.0,89.12,28.9,0,0,0,0,-7.19,-2.94,5.0,0.0,0
1789648875.1404903,2026-09-17T18:11:15.140490,-7.19,0.0,566845.0,0.0,89.12,28.9,0,0,0,0,-7.19,-2.94,5.0,0.0,0
1789648875.1612382,2026-09-17T18:11:15.161238,-7.19,0.0,566845.0,0.0,89.12,28.9,0,0,0,0,-7.19,-2.94,5.0,0.0,0
1789648875.18113,2026-09-17T18:11:15.181130,-7.19,0.0,566845.0,0.0,89.12,28.9,0,0,0,0,-7.19,-2.94,5.0,0.0,0
1789648875.2008948,2026-09-17T18:11:15.200895,-7.19,0.0,566845.0,0.0,89.12,28.9,0,0,0,0,-7.19,-2.94,5.0,0.0,0
1789648875.2212906,2026-09-17T18:11:15.221291,-7.19,0.0,566845.0,0.0,89.12,28.9,0,0,0,0,-7.19,-2.94,5.0,0.0,0
1789648875.2412336,2026-09-17T18:11:15.241234,-7.19,0.0,566845.0,0.0,89.12,28.9,0,0,0,0,-7.19,-2.94,5.0,0.0,0
1789648875.2612257,2026-09-17T18:11:15.261226,-7.19,0.0,566845.0,0.0,89.12,28.9,0,0,0,0,-7.19,-2.94,5.0,0.0,0
1789648875.2813392,2026-09-17T18:11:15.281339,-7.19,0.0,566845.0,0.0,89.12,28.9,0,0,0,0,-7.19,-2.94,5.0,0.0,0
1789648875.3010852,2026-09-17T18:11:15.301085,-7.19,0.0,566845.0,0.0,89.12,28.9,0,0,0,0,-7.19,-2.94,5.0,0.0,0
1789648875.3209252,2026-09-17T18:11:15.320925,-7.19,0.0,566845.0,0.0,89.12,28.9,0,0,0,0,-7.19,-2.94,5.0,0.0,0
1789648875.340872,2026-09-17T18:11:15.340872,-7.19,0.0,566845.0,0.0,89.12,28.9,0,0,0,0,-7.19,-2.94,5.0,0.0,0
1789648875.3612773,2026-09-17T18:11:15.361277,-7.19,0.0,566845.0,0.0,89.12,28.9,0,0,0,0,-7.19,-2.94,5.0,0.0,0
1789648875.3805969,2026-09-17T18:11:15.380597,-7.19,0.0,566845.0,0.0,89.12,28.9,0,0,0,0,-7.19,-2.94,5.0,0.0,0
1789648875.4009826,2026-09-17T18:11:15.400983,-7.19,0.0,566845.0,0.0,89.12,28.9,0,0,0,0,-7.19,-2.94,5.0,0.0,0
1789648875.420647,2026-09-17T18:11:15.420647,-7.19,0.0,566845.0,0.0,89.12,28.9,0,0,0,0,-7.19,-2.94,5.0,0.0,0
1789648875.4409626,2026-09-17T18:11:15.440963,-7.19,0.0,566845.0,0.0,89.12,28.9,0,0,0,0,-7.19,-2.94,5.0,0.0,0
1789648875.4608517,2026-09-17T18:11:15.460852,-7.19,0.0,566845.0,0.0,89.12,28.9,0,0,0,0,-7.19,-2.94,5.0,0.0,0
1789648875.4806833,2026-09-17T18:11:15.480683,-7.19,0.0,566845.0,0.0,89.12,28.9,0,0,0,0,-7.19,-2.94,5.0,0.0,0
1789648875.5005372,2026-09-17T18:11:15.500537,-7.19,0.0,566845.0,0.0,89.12,28.9,0,0,0,0,-7.19,-2.94,5.0,0.0,0
1789648875.5210373,2026-09-17T18:11:15.521037,-7.19,0.0,566845.0,0.0,89.12,28.9,0,0,0,0,-7.19,-2.94,5.0,0.0,0
1789648875.5403848,2026-09-17T18:11:15.540385,-7.19,0.0,566845.0,0.0,89.12,28.9,0,0,0,0,-7.19,-2.94,5.0,0.0,0
1789648875.5611634,2026-09-17T18:11:15.561163,-7.19,0.0,566845.0,0.0,89.12,28.9,0,0,0,0,-7.19,-2.94,5.0,0.0,0
1789648875.5810952,2026-09-17T18:11:15.581095,-7.19,0.0,566845.0,0.0,89.12,28.9,0,0,0,0,-7.19,-2.94,5.0,0.0,0
1789648875.6012757,2026-09-17T18:11:15.601276,-7.19,0.0,566845.0,0.0,89.12,28.9,0,0,0,0,-7.19,-2.94,5.0,0.0,0
1789648875.6210814,2026-09-17T18:11:15.621081,-7.19,0.0,566845.0,0.0,89.12,28.9,0,0,0,0,-7.19,-2.94,5.0,0.0,0
1789648875.6410465,2026-09-17T18:11:15.641047,-7.19,0.0,566845.0,0.0,89.12,28.9,0,0,0,0,-7.19,-2.94,5.0,0.0,0
1789648875.6612108,2026-09-17T18:11:15.661211,-7.19,0.0,566845.0,0.0,89.12,28.9,0,0,0,0,-7.19,-2.94,5.0,0.0,0
1789648875.6807914,2026-09-17T18:11:15.680791,-7.19,0.0,566845.0,0.0,89.12,28.9,0,0,0,0,-7.19,-2.94,5.0,0.0,0
1789648875.700914,2026-09-17T18:11:15.700914,-7.19,0.0,566845.0,0.0,89.12,28.9,0,0,0,0,-7.19,-2.94,5.0,0.0,0
1789648875.7203948,2026-09-17T18:11:15.720395,-7.19,0.0,566845.0,0.0,89.12,28.9,0,0,0,0,-7.19,-2.94,5.0,0.0,0
1789648875.740815,2026-09-17T18:11:15.740815,-7.19,0.0,566845.0,0.0,89.12,28.9,0,0,0,0,-7.19,-2.94,5.0,0.0,0
1789648875.7612703,2026-09-17T18:11:15.761270,-7.19,0.0,566845.0,0.0,89.12,28.9,0,0,0,0,-7.19,-2.94,5.0,0.0,0
1789648875.7812288,2026-09-17T18:11:15.781229,-7.19,0.0,566845.0,0.0,89.12,28.9,0,0,0,0,-7.19,-2.94,5.0,0.0,0
1789648875.8011184,2026-09-17T18:11:15.801118,-7.19,0.0,566845.0,0.0,89.12,28.9,0,0,0,0,-7.19,-2.94,5.0,0.0,0
1789648875.8211873,2026-09-17T18:11:15.821187,-7.19,0.0,566845.0,0.0,89.12,28.9,0,0,0,0,-7.19,-2.94,5.0,0.0,0
1789648875.8404112,2026-09-17T18:11:15.840411,-7.19,0.0,566845.0,0.0,89.12,28.9,0,0,0,0,-7.19,-2.94,5.0,0.0,0
1789648875.8613296,2026-09-17T18:11:15.861330,-7.19,0.0,566845.0,0.0,89.12,28.9,0,0,0,0,-7.19,-2.94,5.0,0.0,0
1789648875.8814235,2026-09-17T18:11:15.881423,-7.19,0.0,566845.0,0.0,89.12,28.9,0,0,0,0,-7.19,-2.94,5.0,0.0,0
1789648875.9010744,2026-09-17T18:11:15.901074,-7.19,0.0,566845.0,0.0,89.12,28.9,0,0,0,0,-7.19,-2.94,5.0,0.0,0
1789648875.9212286,2026-09-17T18:11:15.921229,-7.19,0.0,566845.0,0.0,89.12,28.9,0,0,0,0,-7.19,-2.94,5.0,0.0,0
1789648875.941008,2026-09-17T18:11:15.941008,-7.19,0.0,566845.0,0.0,89.12,28.9,0,0,0,0,-7.19,-2.94,5.0,0.0,0
1789648875.960797,2026-09-17T18:11:15.960797,-7.19,0.0,566845.0,0.0,89.12,28.9,0,0,0,0,-7.19,-2.94,5.0,0.0,0
1789648875.9807615,2026-09-17T18:11:15.980762,-7.19,0.0,566845.0,0.0,89.12,28.9,0,0,0,0,-7.19,-2.94,5.0,0.0,0
1789648876.0006917,2026-09-17T18:11:16.000692,-7.19,0.0,566845.0,0.0,89.12,28.9,0,0,0,0,-7.19,-2.94,5.0,0.0,0
1789648876.0212104,2026-09-17T18:11:16.021210,-7.19,0.0,566845.0,0.0,89.12,28.9,0,0,0,0,-7.19,-2.94,5.0,0.0,0
1789648876.0404785,2026-09-17T18:11:16.040478,-7.19,0.0,566832.0,0.0,88.95,28.9,0,0,0,0,-7.19,-2.92,5.0,0.0,0
1789648876.0610163,2026-09-17T18:11:16.061016,-7.8,0.0,566832.0,0.0,88.95,28.9,0,0,0,0,-7.8,-2.9,5.0,0.0,0
1789648876.0807414,2026-09-17T18:11:16.080741,-7.99,0.0,566832.0,0.0,88.95,28.9,0,0,0,0,-7.99,-2.89,5.0,0.0,0
1789648876.1009521,2026-09-17T18:11:16.100952,-7.99,0.0,566832.0,0.0,88.95,28.9,0,0,0,0,-7.99,-2.89,5.0,0.0,0
1789648876.1213927,2026-09-17T18:11:16.121393,-7.99,0.0,566832.0,0.0,88.95,28.9,0,0,0,0,-7.99,-2.89,5.0,0.0,0
1789648876.1406653,2026-09-17T18:11:16.140665,-7.99,0.0,566832.0,0.0,88.95,28.9,0,0,0,0,-7.99,-2.89,5.0,0.0,0
1789648876.161164,2026-09-17T18:11:16.161164,-7.99,0.0,566832.0,0.0,88.95,28.9,0,0,0,0,-7.99,-2.89,5.0,0.0,0
1789648876.1812022,2026-09-17T18:11:16.181202,-7.99,0.0,566832.0,0.0,88.95,28.9,0,0,0,0,-7.99,-2.89,5.0,0.0,0
1789648876.2014902,2026-09-17T18:11:16.201490,-7.99,0.0,566832.0,0.0,88.95,28.9,0,0,0,0,-7.99,-2.89,5.0,0.0,0
1789648876.2206957,2026-09-17T18:11:16.220696,-7.99,0.0,566832.0,0.0,88.95,28.9,0,0,0,0,-7.99,-2.89,5.0,0.0,0
1789648876.240719,2026-09-17T18:11:16.240719,-7.99,0.0,566832.0,0.0,88.95,28.9,0,0,0,0,-7.99,-2.89,5.0,0.0,0
1789648876.2611427,2026-09-17T18:11:16.261143,-7.99,0.0,566832.0,0.0,88.95,28.9,0,0,0,0,-7.99,-2.89,5.0,0.0,0
1789648876.2811813,2026-09-17T18:11:16.281181,-7.99,0.0,566832.0,0.0,88.95,28.9,0,0,0,0,-7.99,-2.89,5.0,0.0,0
1789648876.3006213,2026-09-17T18:11:16.300621,-7.99,0.0,566832.0,0.0,88.95,28.9,0,0,0,0,-7.99,-2.89,5.0,0.0,0
1789648876.3210921,2026-09-17T18:11:16.321092,-7.99,0.0,566832.0,0.0,88.95,28.9,0,0,0,0,-7.99,-2.89,5.0,0.0,0
1789648876.3404613,2026-09-17T18:11:16.340461,-7.99,0.0,566832.0,0.0,88.95,28.9,0,0,0,0,-7.99,-2.89,5.0,0.0,0
1789648876.3606715,2026-09-17T18:11:16.360672,-7.99,0.0,566832.0,0.0,88.95,28.9,0,0,0,0,-7.99,-2.89,5.0,0.0,0
1789648876.3812153,2026-09-17T18:11:16.381215,-7.99,0.0,566832.0,0.0,88.95,28.9,0,0,0,0,-7.99,-2.89,5.0,0.0,0
1789648876.4012856,2026-09-17T18:11:16.401286,-7.99,0.0,566832.0,0.0,88.95,28.9,0,0,0,0,-7.99,-2.89,5.0,0.0,0
1789648876.4207802,2026-09-17T18:11:16.420780,-7.99,0.0,566832.0,0.0,88.95,28.9,0,0,0,0,-7.99,-2.89,5.0,0.0,0
1789648876.4410706,2026-09-17T18:11:16.441071,-7.99,0.0,566832.0,0.0,88.95,28.9,0,0,0,0,-7.99,-2.89,5.0,0.0,0
1789648876.4604707,2026-09-17T18:11:16.460471,-7.99,0.0,566832.0,0.0,88.95,28.9,0,0,0,0,-7.99,-2.89,5.0,0.0,0
1789648876.4807394,2026-09-17T18:11:16.480739,-7.99,0.0,566832.0,0.0,88.95,28.9,0,0,0,0,-7.99,-2.89,5.0,0.0,0
1789648876.5012054,2026-09-17T18:11:16.501205,-7.99,0.0,566832.0,0.0,88.95,28.9,0,0,0,0,-7.99,-2.89,5.0,0.0,0
1789648876.5212183,2026-09-17T18:11:16.521218,-7.99,0.0,566832.0,0.0,88.95,28.9,0,0,0,0,-7.99,-2.89,5.0,0.0,0
1789648876.5410728,2026-09-17T18:11:16.541073,-7.99,0.0,566832.0,0.0,88.95,28.9,0,0,0,0,-7.99,-2.89,5.0,0.0,0
1789648876.5602617,2026-09-17T18:11:16.560262,-7.99,0.0,566832.0,0.0,88.95,28.9,0,0,0,0,-7.99,-2.89,5.0,0.0,0
1789648876.5815399,2026-09-17T18:11:16.581540,-7.99,0.0,566832.0,0.0,88.95,28.9,0,0,0,0,-7.99,-2.89,5.0,0.0,0
1789648876.6005392,2026-09-17T18:11:16.600539,-7.99,0.0,566832.0,0.0,88.95,28.9,0,0,0,0,-7.99,-2.89,5.0,0.0,0
1789648876.6208167,2026-09-17T18:11:16.620817,-7.99,0.0,566832.0,0.0,88.95,28.9,0,0,0,0,-7.99,-2.89,5.0,0.0,0
1789648876.6408749,2026-09-17T18:11:16.640875,-7.99,0.0,566832.0,0.0,88.95,28.9,0,0,0,0,-7.99,-2.89,5.0,0.0,0
1789648876.661259,2026-09-17T18:11:16.661259,-7.99,0.0,566832.0,0.0,88.95,28.9,0,0,0,0,-7.99,-2.89,5.0,0.0,0
1789648876.6811402,2026-09-17T18:11:16.681140,-7.99,0.0,566832.0,0.0,88.95,28.9,0,0,0,0,-7.99,-2.89,5.0,0.0,0
1789648876.7011397,2026-09-17T18:11:16.701140,-7.99,0.0,566832.0,0.0,88.95,28.9,0,0,0,0,-7.99,-2.89,5.0,0.0,0
1789648876.7208579,2026-09-17T18:11:16.720858,-7.99,0.0,566832.0,0.0,88.95,28.9,0,0,0,0,-7.99,-2.89,5.0,0.0,0
1789648876.740807,2026-09-17T18:11:16.740807,-7.99,0.0,566832.0,0.0,88.95,28.9,0,0,0,0,-7.99,-2.89,5.0,0.0,0
1789648876.7606258,2026-09-17T18:11:16.760626,-7.99,0.0,566832.0,0.0,88.95,28.9,0,0,0,0,-7.99,-2.89,5.0,0.0,0
1789648876.781028,2026-09-17T18:11:16.781028,-7.99,0.0,566832.0,0.0,88.95,28.9,0,0,0,0,-7.99,-2.89,5.0,0.0,0
1789648876.8010335,2026-09-17T18:11:16.801033,-7.99,0.0,566832.0,0.0,88.95,28.9,0,0,0,0,-7.99,-2.89,5.0,0.0,0
1789648876.8209531,2026-09-17T18:11:16.820953,-7.99,0.0,566832.0,0.0,88.95,28.9,0,0,0,0,-7.99,-2.89,5.0,0.0,0
1789648876.8411658,2026-09-17T18:11:16.841166,-7.99,0.0,566832.0,0.0,88.95,28.9,0,0,0,0,-7.99,-2.89,5.0,0.0,0
1789648876.8607275,2026-09-17T18:11:16.860728,-7.99,0.0,566832.0,0.0,88.95,28.9,0,0,0,0,-7.99,-2.89,5.0,0.0,0
1789648876.8810298,2026-09-17T18:11:16.881030,-7.99,0.0,566832.0,0.0,88.95,28.9,0,0,0,0,-7.99,-2.89,5.0,0.0,0
1789648876.900345,2026-09-17T18:11:16.900345,-7.99,0.0,566832.0,0.0,88.95,28.9,0,0,0,0,-7.99,-2.89,5.0,0.0,0
1789648876.9214702,2026-09-17T18:11:16.921470,-7.99,0.0,566832.0,0.0,88.95,28.9,0,0,0,0,-7.99,-2.89,5.0,0.0,0
1789648876.941025,2026-09-17T18:11:16.941025,-7.99,0.0,566832.0,0.0,88.95,28.9,0,0,0,0,-7.99,-2.89,5.0,0.0,0
1789648876.9603903,2026-09-17T18:11:16.960390,-7.99,0.0,566832.0,0.0,88.95,28.9,0,0,0,0,-7.99,-2.89,5.0,0.0,0
1789648876.9808784,2026-09-17T18:11:16.980878,-7.99,0.0,566832.0,0.0,88.95,28.9,0,0,0,0,-7.99,-2.89,5.0,0.0,0
1789648877.00066,2026-09-17T18:11:17.000660,-7.99,0.0,566832.0,0.0,88.95,28.9,0,0,0,0,-7.99,-2.89,5.0,0.0,0
1789648877.0212357,2026-09-17T18:11:17.021236,-7.99,0.0,566832.0,0.0,88.95,28.9,0,0,0,0,-7.99,-2.89,5.0,0.0,0
1789648877.0405989,2026-09-17T18:11:17.040599,-7.99,0.0,566832.0,0.0,88.95,28.9,0,0,0,0,-7.99,-2.89,5.0,0.0,0
1789648877.0606945,2026-09-17T18:11:17.060694,-7.99,0.0,566832.0,0.0,88.95,28.9,0,0,0,0,-7.99,-2.89,5.0,0.0,0
1789648877.0808332,2026-09-17T18:11:17.080833,-7.99,0.0,566832.0,0.0,88.95,28.9,0,0,0,0,-7.99,-2.89,5.0,0.0,0
1789648877.1013377,2026-09-17T18:11:17.101338,-7.99,0.0,566832.0,0.0,88.95,28.9,0,0,0,0,-7.99,-2.89,5.0,0.0,0
1789648877.1203048,2026-09-17T18:11:17.120305,-7.99,0.0,566832.0,0.0,88.95,28.9,0,0,0,0,-7.99,-2.89,5.0,0.0,0
1789648877.1407936,2026-09-17T18:11:17.140794,-7.95,0.0,566875.0,0.0,89.3,28.9,0,0,0,0,-7.95,-2.86,5.0,0.0,0
1789648877.1612816,2026-09-17T18:11:17.161282,-5.29,0.0,566875.0,0.0,89.3,28.9,0,0,0,0,-5.29,-2.73,5.0,0.0,0
1789648877.1816208,2026-09-17T18:11:17.181621,-6.0,0.0,566875.0,0.0,89.3,28.9,0,0,0,0,-6.0,-2.72,5.0,0.0,0
1789648877.200909,2026-09-17T18:11:17.200909,-6.0,0.0,566875.0,0.0,89.3,28.9,0,0,0,0,-6.0,-2.72,5.0,0.0,0
1789648877.2209613,2026-09-17T18:11:17.220961,-6.0,0.0,566875.0,0.0,89.3,28.9,0,0,0,0,-6.0,-2.72,5.0,0.0,0
1789648877.2407966,2026-09-17T18:11:17.240797,-6.0,0.0,566875.0,0.0,89.3,28.9,0,0,0,0,-6.0,-2.72,5.0,0.0,0
1789648877.2609413,2026-09-17T18:11:17.260941,-6.0,0.0,566875.0,0.0,89.3,28.9,0,0,0,0,-6.0,-2.72,5.0,0.0,0
1789648877.2805321,2026-09-17T18:11:17.280532,-6.0,0.0,566875.0,0.0,89.3,28.9,0,0,0,0,-6.0,-2.72,5.0,0.0,0
1789648877.3010814,2026-09-17T18:11:17.301081,-6.0,0.0,566875.0,0.0,89.3,28.9,0,0,0,0,-6.0,-2.72,5.0,0.0,0
1789648877.320926,2026-09-17T18:11:17.320926,-6.0,0.0,566875.0,0.0,89.3,28.9,0,0,0,0,-6.0,-2.72,5.0,0.0,0
1789648877.3408074,2026-09-17T18:11:17.340807,-6.0,0.0,566875.0,0.0,89.3,28.9,0,0,0,0,-6.0,-2.72,5.0,0.0,0
1789648877.3606179,2026-09-17T18:11:17.360618,-6.0,0.0,566875.0,0.0,89.3,28.9,0,0,0,0,-6.0,-2.72,5.0,0.0,0
1789648877.3811193,2026-09-17T18:11:17.381119,-6.0,0.0,566875.0,0.0,89.3,28.9,0,0,0,0,-6.0,-2.72,5.0,0.0,0
1789648877.4011478,2026-09-17T18:11:17.401148,-6.0,0.0,566875.0,0.0,89.3,28.9,0,0,0,0,-6.0,-2.72,5.0,0.0,0
1789648877.4214847,2026-09-17T18:11:17.421485,-6.0,0.0,566875.0,0.0,89.3,28.9,0,0,0,0,-6.0,-2.72,5.0,0.0,0
1789648877.4411783,2026-09-17T18:11:17.441178,-6.0,0.0,566875.0,0.0,89.3,28.9,0,0,0,0,-6.0,-2.72,5.0,0.0,0
1789648877.4607923,2026-09-17T18:11:17.460792,-6.0,0.0,566875.0,0.0,89.3,28.9,0,0,0,0,-6.0,-2.72,5.0,0.0,0
1789648877.4803624,2026-09-17T18:11:17.480362,-6.0,0.0,566875.0,0.0,89.3,28.9,0,0,0,0,-6.0,-2.72,5.0,0.0,0
1789648877.5014257,2026-09-17T18:11:17.501426,-6.0,0.0,566875.0,0.0,89.3,28.9,0,0,0,0,-6.0,-2.72,5.0,0.0,0
1789648877.5209124,2026-09-17T18:11:17.520912,-6.0,0.0,566875.0,0.0,89.3,28.9,0,0,0,0,-6.0,-2.72,5.0,0.0,0
1789648877.540584,2026-09-17T18:11:17.540584,-6.0,0.0,566875.0,0.0,89.3,28.9,0,0,0,0,-6.0,-2.72,5.0,0.0,0
1789648877.5611167,2026-09-17T18:11:17.561117,-6.0,0.0,566875.0,0.0,89.3,28.9,0,0,0,0,-6.0,-2.72,5.0,0.0,0
1789648877.581287,2026-09-17T18:11:17.581287,-6.0,0.0,566875.0,0.0,89.3,28.9,0,0,0,0,-6.0,-2.72,5.0,0.0,0
1789648877.600466,2026-09-17T18:11:17.600466,-6.0,0.0,566875.0,0.0,89.3,28.9,0,0,0,0,-6.0,-2.72,5.0,0.0,0
1789648877.6204355,2026-09-17T18:11:17.620435,-6.0,0.0,566875.0,0.0,89.3,28.9,0,0,0,0,-6.0,-2.72,5.0,0.0,0
1789648877.6413934,2026-09-17T18:11:17.641393,-6.0,0.0,566875.0,0.0,89.3,28.9,0,0,0,0,-6.0,-2.72,5.0,0.0,0
1789648877.6612751,2026-09-17T18:11:17.661275,-6.0,0.0,566875.0,0.0,89.3,28.9,0,0,0,0,-6.0,-2.72,5.0,0.0,0
1789648877.6807895,2026-09-17T18:11:17.680789,-6.0,0.0,566875.0,0.0,89.3,28.9,0,0,0,0,-6.0,-2.72,5.0,0.0,0
1789648877.7007751,2026-09-17T18:11:17.700775,-6.0,0.0,566875.0,0.0,89.3,28.9,0,0,0,0,-6.0,-2.72,5.0,0.0,0
1789648877.7210417,2026-09-17T18:11:17.721042,-6.0,0.0,566875.0,0.0,89.3,28.9,0,0,0,0,-6.0,-2.72,5.0,0.0,0
1789648877.7414854,2026-09-17T18:11:17.741485,-6.0,0.0,566875.0,0.0,89.3,28.9,0,0,0,0,-6.0,-2.72,5.0,0.0,0
1789648877.761124,2026-09-17T18:11:17.761124,-6.0,0.0,566875.0,0.0,89.3,28.9,0,0,0,0,-6.0,-2.72,5.0,0.0,0
1789648877.7812362,2026-09-17T18:11:17.781236,-6.0,0.0,566875.0,0.0,89.3,28.9,0,0,0,0,-6.0,-2.72,5.0,0.0,0
1789648877.8004637,2026-09-17T18:11:17.800464,-6.0,0.0,566875.0,0.0,89.3,28.9,0,0,0,0,-6.0,-2.72,5.0,0.0,0
1789648877.8209326,2026-09-17T18:11:17.820933,-6.0,0.0,566875.0,0.0,89.3,28.9,0,0,0,0,-6.0,-2.72,5.0,0.0,0
1789648877.8404064,2026-09-17T18:11:17.840406,-6.0,0.0,566875.0,0.0,89.3,28.9,0,0,0,0,-6.0,-2.72,5.0,0.0,0
1789648877.8609867,2026-09-17T18:11:17.860987,-6.0,0.0,566875.0,0.0,89.3,28.9,0,0,0,0,-6.0,-2.72,5.0,0.0,0
1789648877.8810852,2026-09-17T18:11:17.881085,-6.0,0.0,566875.0,0.0,89.3,28.9,0,0,0,0,-6.0,-2.72,5.0,0.0,0
1789648877.9004385,2026-09-17T18:11:17.900439,-6.0,0.0,566875.0,0.0,89.3,28.9,0,0,0,0,-6.0,-2.72,5.0,0.0,0
1789648877.9203682,2026-09-17T18:11:17.920368,-6.0,0.0,566875.0,0.0,89.3,28.9,0,0,0,0,-6.0,-2.72,5.0,0.0,0
1789648877.9406826,2026-09-17T18:11:17.940683,-6.0,0.0,566875.0,0.0,89.3,28.9,0,0,0,0,-6.0,-2.72,5.0,0.0,0
1789648877.9608011,2026-09-17T18:11:17.960801,-6.0,0.0,566875.0,0.0,89.3,28.9,0,0,0,0,-6.0,-2.72,5.0,0.0,0
1789648877.981289,2026-09-17T18:11:17.981289,-6.0,0.0,566875.0,0.0,89.3,28.9,0,0,0,0,-6.0,-2.72,5.0,0.0,0
1789648878.000547,2026-09-17T18:11:18.000547,-6.0,0.0,566875.0,0.0,89.3,28.9,0,0,0,0,-6.0,-2.72,5.0,0.0,0
1789648878.0213878,2026-09-17T18:11:18.021388,-6.0,0.0,566875.0,0.0,89.3,28.9,0,0,0,0,-6.0,-2.72,5.0,0.0,0
1789648878.0413737,2026-09-17T18:11:18.041374,-6.0,0.0,566875.0,0.0,89.3,28.9,0,0,0,0,-6.0,-2.72,5.0,0.0,0
1789648878.0611942,2026-09-17T18:11:18.061194,-6.0,0.0,566875.0,0.0,89.3,28.9,0,0,0,0,-6.0,-2.72,5.0,0.0,0
1789648878.0813608,2026-09-17T18:11:18.081361,-6.0,0.0,566875.0,0.0,89.3,28.9,0,0,0,0,-6.0,-2.72,5.0,0.0,0
1789648878.1013792,2026-09-17T18:11:18.101379,-6.0,0.0,566875.0,0.0,89.3,28.9,0,0,0,0,-6.0,-2.72,5.0,0.0,0
1789648878.1205251,2026-09-17T18:11:18.120525,-6.0,0.0,566875.0,0.0,89.3,28.9,0,0,0,0,-6.0,-2.72,5.0,0.0,0
1789648878.141122,2026-09-17T18:11:18.141122,-6.0,0.0,566875.0,0.0,89.3,28.9,0,0,0,0,-6.0,-2.72,5.0,0.0,0
1789648878.1608438,2026-09-17T18:11:18.160844,-6.0,0.0,566875.0,0.0,89.3,28.9,0,0,0,0,-6.0,-2.72,5.0,0.0,0
1789648878.1812828,2026-09-17T18:11:18.181283,-6.0,0.0,566875.0,0.0,89.3,28.9,0,0,0,0,-6.0,-2.72,5.0,0.0,0
1789648878.200572,2026-09-17T18:11:18.200572,-6.0,0.0,566875.0,0.0,89.3,28.9,0,0,0,0,-6.0,-2.72,5.0,0.0,0
1789648878.2212348,2026-09-17T18:11:18.221235,-6.0,0.0,566875.0,0.0,89.3,28.9,0,0,0,0,-6.0,-2.72,5.0,0.0,0
1789648878.2412493,2026-09-17T18:11:18.241249,-5.03,0.0,566817.0,0.0,89.3,28.9,0,0,0,0,-5.03,-2.69,5.0,0.0,0
1789648878.2609887,2026-09-17T18:11:18.260989,-5.03,0.0,566817.0,0.0,89.3,28.9,0,0,0,0,-5.03,-2.69,5.0,0.0,0
1789648878.2805138,2026-09-17T18:11:18.280514,-5.03,0.0,566817.0,0.0,89.3,28.9,0,0,0,0,-5.03,-2.69,5.0,0.0,0
1789648878.301279,2026-09-17T18:11:18.301279,-5.03,0.0,566817.0,0.0,89.3,28.9,0,0,0,0,-5.03,-2.69,5.0,0.0,0
1789648878.3209908,2026-09-17T18:11:18.320991,-5.03,0.0,566817.0,0.0,89.3,28.9,0,0,0,0,-5.03,-2.69,5.0,0.0,0
1789648878.340573,2026-09-17T18:11:18.340573,-5.03,0.0,566817.0,0.0,89.3,28.9,0,0,0,0,-5.03,-2.69,5.0,0.0,0
1789648878.3612213,2026-09-17T18:11:18.361221,-5.03,0.0,566817.0,0.0,89.3,28.9,0,0,0,0,-5.03,-2.69,5.0,0.0,0
1789648878.3811026,2026-09-17T18:11:18.381103,-5.03,0.0,566817.0,0.0,89.3,28.9,0,0,0,0,-5.03,-2.69,5.0,0.0,0
1789648878.4013062,2026-09-17T18:11:18.401306,-5.03,0.0,566817.0,0.0,89.3,28.9,0,0,0,0,-5.03,-2.69,5.0,0.0,0
1789648878.420512,2026-09-17T18:11:18.420512,-5.03,0.0,566817.0,0.0,89.3,28.9,0,0,0,0,-5.03,-2.69,5.0,0.0,0
1789648878.4406161,2026-09-17T18:11:18.440616,-5.03,0.0,566817.0,0.0,89.3,28.9,0,0,0,0,-5.03,-2.69,5.0,0.0,0
1789648878.4608915,2026-09-17T18:11:18.460891,-5.03,0.0,566817.0,0.0,89.3,28.9,0,0,0,0,-5.03,-2.69,5.0,0.0,0
1789648878.4806201,2026-09-17T18:11:18.480620,-5.03,0.0,566817.0,0.0,89.3,28.9,0,0,0,0,-5.03,-2.69,5.0,0.0,0
1789648878.500553,2026-09-17T18:11:18.500553,-5.03,0.0,566817.0,0.0,89.3,28.9,0,0,0,0,-5.03,-2.69,5.0,0.0,0
1789648878.5212138,2026-09-17T18:11:18.521214,-5.03,0.0,566817.0,0.0,89.3,28.9,0,0,0,0,-5.03,-2.69,5.0,0.0,0
1789648878.5413213,2026-09-17T18:11:18.541321,-5.03,0.0,566817.0,0.0,89.3,28.9,0,0,0,0,-5.03,-2.69,5.0,0.0,0
1789648878.5607455,2026-09-17T18:11:18.560745,-5.03,0.0,566817.0,0.0,89.3,28.9,0,0,0,0,-5.03,-2.69,5.0,0.0,0
1789648878.5803885,2026-09-17T18:11:18.580389,-5.03,0.0,566817.0,0.0,89.3,28.9,0,0,0,0,-5.03,-2.69,5.0,0.0,0
1789648878.6015463,2026-09-17T18:11:18.601546,-5.03,0.0,566817.0,0.0,89.3,28.9,0,0,0,0,-5.03,-2.69,5.0,0.0,0
1789648878.6208122,2026-09-17T18:11:18.620812,-5.03,0.0,566817.0,0.0,89.3,28.9,0,0,0,0,-5.03,-2.69,5.0,0.0,0
1789648878.640782,2026-09-17T18:11:18.640782,-5.03,0.0,566817.0,0.0,89.3,28.9,0,0,0,0,-5.03,-2.69,5.0,0.0,0
1789648878.6605217,2026-09-17T18:11:18.660522,-5.03,0.0,566817.0,0.0,89.3,28.9,0,0,0,0,-5.03,-2.69,5.0,0.0,0
1789648878.6808562,2026-09-17T18:11:18.680856,-5.03,0.0,566817.0,0.0,89.3,28.9,0,0,0,0,-5.03,-2.69,5.0,0.0,0
1789648878.7005155,2026-09-17T18:11:18.700516,-5.03,0.0,566817.0,0.0,89.3,28.9,0,0,0,0,-5.03,-2.69,5.0,0.0,0
1789648878.7212112,2026-09-17T18:11:18.721211,-5.03,0.0,566817.0,0.0,89.3,28.9,0,0,0,0,-5.03,-2.69,5.0,0.0,0
1789648878.7407093,2026-09-17T18:11:18.740709,-5.03,0.0,566817.0,0.0,89.3,28.9,0,0,0,0,-5.03,-2.69,5.0,0.0,0
1789648878.7611594,2026-09-17T18:11:18.761159,-5.03,0.0,566817.0,0.0,89.3,28.9,0,0,0,0,-5.03,-2.69,5.0,0.0,0
1789648878.780873,2026-09-17T18:11:18.780873,-5.03,0.0,566817.0,0.0,89.3,28.9,0,0,0,0,-5.03,-2.69,5.0,0.0,0
1789648878.8008182,2026-09-17T18:11:18.800818,-5.03,0.0,566817.0,0.0,89.3,28.9,0,0,0,0,-5.03,-2.69,5.0,0.0,0
1789648878.8206546,2026-09-17T18:11:18.820655,-5.03,0.0,566817.0,0.0,89.3,28.9,0,0,0,0,-5.03,-2.69,5.0,0.0,0
1789648878.8412724,2026-09-17T18:11:18.841272,-5.03,0.0,566817.0,0.0,89.3,28.9,0,0,0,0,-5.03,-2.69,5.0,0.0,0
1789648878.8608239,2026-09-17T18:11:18.860824,-5.03,0.0,566817.0,0.0,89.3,28.9,0,0,0,0,-5.03,-2.69,5.0,0.0,0
1789648878.8812032,2026-09-17T18:11:18.881203,-5.03,0.0,566817.0,0.0,89.3,28.9,0,0,0,0,-5.03,-2.69,5.0,0.0,0
1789648878.9010453,2026-09-17T18:11:18.901045,-5.03,0.0,566817.0,0.0,89.3,28.9,0,0,0,0,-5.03,-2.69,5.0,0.0,0
1789648878.9210892,2026-09-17T18:11:18.921089,-5.03,0.0,566817.0,0.0,89.3,28.9,0,0,0,0,-5.03,-2.69,5.0,0.0,0
1789648878.9411147,2026-09-17T18:11:18.941115,-5.03,0.0,566817.0,0.0,89.3,28.9,0,0,0,0,-5.03,-2.69,5.0,0.0,0
1789648878.9608226,2026-09-17T18:11:18.960823,-5.03,0.0,566817.0,0.0,89.3,28.9,0,0,0,0,-5.03,-2.69,5.0,0.0,0
1789648878.980636,2026-09-17T18:11:18.980636,-5.03,0.0,566817.0,0.0,89.3,28.9,0,0,0,0,-5.03,-2.69,5.0,0.0,0
1789648879.00119,2026-09-17T18:11:19.001190,-5.03,0.0,566817.0,0.0,89.3,28.9,0,0,0,0,-5.03,-2.69,5.0,0.0,0
1789648879.0211897,2026-09-17T18:11:19.021190,-5.03,0.0,566817.0,0.0,89.3,28.9,0,0,0,0,-5.03,-2.69,5.0,0.0,0
1789648879.0409093,2026-09-17T18:11:19.040909,-5.03,0.0,566817.0,0.0,89.3,28.9,0,0,0,0,-5.03,-2.69,5.0,0.0,0
1789648879.0609186,2026-09-17T18:11:19.060919,-5.03,0.0,566817.0,0.0,89.3,28.9,0,0,0,0,-5.03,-2.69,5.0,0.0,0
1789648879.0805354,2026-09-17T18:11:19.080535,-5.03,0.0,566817.0,0.0,89.3,28.9,0,0,0,0,-5.03,-2.69,5.0,0.0,0
1789648879.1008866,2026-09-17T18:11:19.100887,-5.03,0.0,566817.0,0.0,89.3,28.9,0,0,0,0,-5.03,-2.69,5.0,0.0,0
1789648879.1211498,2026-09-17T18:11:19.121150,-5.03,0.0,566817.0,0.0,89.3,28.9,0,0,0,0,-5.03,-2.69,5.0,0.0,0
1789648879.1414273,2026-09-17T18:11:19.141427,-5.03,0.0,566817.0,0.0,89.3,28.9,0,0,0,0,-5.03,-2.69,5.0,0.0,0
1789648879.1613393,2026-09-17T18:11:19.161339,-5.03,0.0,566817.0,0.0,89.3,28.9,0,0,0,0,-5.03,-2.69,5.0,0.0,0
1789648879.1811538,2026-09-17T18:11:19.181154,-5.03,0.0,566817.0,0.0,89.3,28.9,0,0,0,0,-5.03,-2.69,5.0,0.0,0
1789648879.2009118,2026-09-17T18:11:19.200912,-5.03,0.0,566817.0,0.0,89.3,28.9,0,0,0,0,-5.03,-2.69,5.0,0.0,0
1789648879.220551,2026-09-17T18:11:19.220551,-5.03,0.0,566817.0,0.0,89.3,28.9,0,0,0,0,-5.03,-2.69,5.0,0.0,0
1789648879.2412262,2026-09-17T18:11:19.241226,-4.86,0.0,566814.0,0.0,89.21,28.9,0,0,0,0,-4.86,-2.67,5.0,0.0,0
1789648879.2612484,2026-09-17T18:11:19.261248,-5.42,0.0,566814.0,0.0,89.3,28.9,0,0,0,0,-5.42,-2.7,5.0,0.0,0
1789648879.2809567,2026-09-17T18:11:19.280957,-6.13,0.0,566814.0,0.0,89.3,28.9,0,0,0,0,-6.13,-2.69,5.0,0.0,0
1789648879.3012037,2026-09-17T18:11:19.301204,-6.77,0.0,566814.0,0.0,89.3,28.9,0,0,0,0,-6.77,-2.65,5.0,0.0,0
1789648879.320411,2026-09-17T18:11:19.320411,-7.4,0.0,566814.0,0.0,89.3,28.9,0,0,0,0,-7.4,-2.65,5.0,0.0,0
1789648879.3411179,2026-09-17T18:11:19.341118,-7.6,0.0,566814.0,0.0,89.3,28.9,0,0,0,0,-7.6,-2.65,5.0,0.0,0
1789648879.3609793,2026-09-17T18:11:19.360979,-7.6,0.0,566814.0,0.0,89.3,28.9,0,0,0,0,-7.6,-2.65,5.0,0.0,0
1789648879.3804972,2026-09-17T18:11:19.380497,-7.6,0.0,566814.0,0.0,89.3,28.9,0,0,0,0,-7.6,-2.65,5.0,0.0,0
1789648879.401335,2026-09-17T18:11:19.401335,-7.6,0.0,566814.0,0.0,89.3,28.9,0,0,0,0,-7.6,-2.65,5.0,0.0,0
1789648879.4206743,2026-09-17T18:11:19.420674,-7.79,0.0,566859.0,0.0,89.3,28.9,0,0,0,0,-7.79,-2.65,5.0,0.0,0
1789648879.4405856,2026-09-17T18:11:19.440586,-8.35,0.0,566859.0,0.0,89.3,28.9,0,0,0,0,-8.35,-2.65,5.0,0.0,0
1789648879.460983,2026-09-17T18:11:19.460983,-8.88,0.0,566859.0,0.0,89.3,28.9,0,0,0,0,-8.88,-2.64,5.0,0.0,0
1789648879.4812057,2026-09-17T18:11:19.481206,-8.88,0.0,566859.0,0.0,89.3,28.9,0,0,0,0,-8.88,-2.64,5.0,0.0,0
1789648879.5012283,2026-09-17T18:11:19.501228,-8.88,0.0,566859.0,0.0,89.3,28.9,0,0,0,0,-8.88,-2.64,5.0,0.0,0
1789648879.5210276,2026-09-17T18:11:19.521028,-8.88,0.0,566859.0,0.0,89.3,28.9,0,0,0,0,-8.88,-2.64,5.0,0.0,0
1789648879.540306,2026-09-17T18:11:19.540306,-8.88,0.0,566859.0,0.0,89.3,28.9,0,0,0,0,-8.88,-2.64,5.0,0.0,0
1789648879.560599,2026-09-17T18:11:19.560599,-8.88,0.0,566859.0,0.0,89.3,28.9,0,0,0,0,-8.88,-2.64,5.0,0.0,0
1789648879.5810657,2026-09-17T18:11:19.581066,-8.88,0.0,566859.0,0.0,89.3,28.9,0,0,0,0,-8.88,-2.64,5.0,0.0,0
1789648879.6007764,2026-09-17T18:11:19.600776,-8.88,0.0,566859.0,0.0,89.3,28.9,0,0,0,0,-8.88,-2.64,5.0,0.0,0
1789648879.6206262,2026-09-17T18:11:19.620626,-8.88,0.0,566859.0,0.0,89.3,28.9,0,0,0,0,-8.88,-2.64,5.0,0.0,0
1789648879.6408749,2026-09-17T18:11:19.640875,-8.88,0.0,566859.0,0.0,89.3,28.9,0,0,0,0,-8.88,-2.64,5.0,0.0,0
1789648879.6607788,2026-09-17T18:11:19.660779,-8.88,0.0,566859.0,0.0,89.3,28.9,0,0,0,0,-8.88,-2.64,5.0,0.0,0
1789648879.681304,2026-09-17T18:11:19.681304,-8.88,0.0,566859.0,0.0,89.3,28.9,0,0,0,0,-8.88,-2.64,5.0,0.0,0
1789648879.701373,2026-09-17T18:11:19.701373,-8.88,0.0,566859.0,0.0,89.3,28.9,0,0,0,0,-8.88,-2.64,5.0,0.0,0
1789648879.7210085,2026-09-17T18:11:19.721009,-8.88,0.0,566859.0,0.0,89.3,28.9,0,0,0,0,-8.88,-2.64,5.0,0.0,0
1789648879.7416694,2026-09-17T18:11:19.741669,-8.88,0.0,566859.0,0.0,89.3,28.9,0,0,0,0,-8.88,-2.64,5.0,0.0,0
1789648879.7607195,2026-09-17T18:11:19.760720,-8.88,0.0,566859.0,0.0,89.3,28.9,0,0,0,0,-8.88,-2.64,5.0,0.0,0
1789648879.7808177,2026-09-17T18:11:19.780818,-8.88,0.0,566859.0,0.0,89.3,28.9,0,0,0,0,-8.88,-2.64,5.0,0.0,0
1789648879.8007011,2026-09-17T18:11:19.800701,-8.88,0.0,566859.0,0.0,89.3,28.9,0,0,0,0,-8.88,-2.64,5.0,0.0,0
1789648879.8207023,2026-09-17T18:11:19.820702,-8.88,0.0,566859.0,0.0,89.3,28.9,0,0,0,0,-8.88,-2.64,5.0,0.0,0
1789648879.8407,2026-09-17T18:11:19.840700,-8.88,0.0,566859.0,0.0,89.3,28.9,0,0,0,0,-8.88,-2.64,5.0,0.0,0
1789648879.8612287,2026-09-17T18:11:19.861229,-8.88,0.0,566859.0,0.0,89.3,28.9,0,0,0,0,-8.88,-2.64,5.0,0.0,0
1789648879.8812275,2026-09-17T18:11:19.881227,-8.88,0.0,566859.0,0.0,89.3,28.9,0,0,0,0,-8.88,-2.64,5.0,0.0,0
1789648879.9005096,2026-09-17T18:11:19.900510,-8.88,0.0,566859.0,0.0,89.3,28.9,0,0,0,0,-8.88,-2.64,5.0,0.0,0
1789648879.920754,2026-09-17T18:11:19.920754,-8.88,0.0,566859.0,0.0,89.3,28.9,0,0,0,0,-8.88,-2.64,5.0,0.0,0
1789648879.9410791,2026-09-17T18:11:19.941079,-8.88,0.0,566859.0,0.0,89.3,28.9,0,0,0,0,-8.88,-2.64,5.0,0.0,0
1789648879.9608479,2026-09-17T18:11:19.960848,-8.88,0.0,566859.0,0.0,89.3,28.9,0,0,0,0,-8.88,-2.64,5.0,0.0,0
1789648879.9812765,2026-09-17T18:11:19.981277,-8.88,0.0,566859.0,0.0,89.3,28.9,0,0,0,0,-8.88,-2.64,5.0,0.0,0
1789648880.0008578,2026-09-17T18:11:20.000858,-8.88,0.0,566859.0,0.0,89.3,28.9,0,0,0,0,-8.88,-2.64,5.0,0.0,0
1789648880.0212939,2026-09-17T18:11:20.021294,-8.88,0.0,566859.0,0.0,89.3,28.9,0,0,0,0,-8.88,-2.64,5.0,0.0,0
1789648880.0417047,2026-09-17T18:11:20.041705,-8.88,0.0,566859.0,0.0,89.3,28.9,0,0,0,0,-8.88,-2.64,5.0,0.0,0
1789648880.060928,2026-09-17T18:11:20.060928,-8.88,0.0,566859.0,0.0,89.3,28.9,0,0,0,0,-8.88,-2.64,5.0,0.0,0
1789648880.0820544,2026-09-17T18:11:20.082054,-8.88,0.0,566859.0,0.0,89.3,28.9,0,0,0,0,-8.88,-2.64,5.0,0.0,0
1789648880.1018748,2026-09-17T18:11:20.101875,-8.88,0.0,566859.0,0.0,89.3,28.9,0,0,0,0,-8.88,-2.64,5.0,0.0,0
1789648880.1204634,2026-09-17T18:11:20.120463,-8.88,0.0,566859.0,0.0,89.3,28.9,0,0,0,0,-8.88,-2.64,5.0,0.0,0
1789648880.1413326,2026-09-17T18:11:20.141333,-8.88,0.0,566859.0,0.0,89.3,28.9,0,0,0,0,-8.88,-2.64,5.0,0.0,0
1789648880.1616514,2026-09-17T18:11:20.161651,-8.88,0.0,566859.0,0.0,89.3,28.9,0,0,0,0,-8.88,-2.64,5.0,0.0,0
1789648880.180714,2026-09-17T18:11:20.180714,-8.88,0.0,566859.0,0.0,89.3,28.9,0,0,0,0,-8.88,-2.64,5.0,0.0,0
1789648880.201117,2026-09-17T18:11:20.201117,-8.88,0.0,566859.0,0.0,89.3,28.9,0,0,0,0,-8.88,-2.64,5.0,0.0,0
1789648880.2210946,2026-09-17T18:11:20.221095,-8.88,0.0,566859.0,0.0,89.3,28.9,0,0,0,0,-8.88,-2.64,5.0,0.0,0
1789648880.2411048,2026-09-17T18:11:20.241105,-8.88,0.0,566859.0,0.0,89.3,28.9,0,0,0,0,-8.88,-2.64,5.0,0.0,0
1789648880.2613122,2026-09-17T18:11:20.261312,-8.88,0.0,566859.0,0.0,89.3,28.9,0,0,0,0,-8.88,-2.64,5.0,0.0,0
1789648880.2812014,2026-09-17T18:11:20.281201,-8.88,0.0,566859.0,0.0,89.3,28.9,0,0,0,0,-8.88,-2.64,5.0,0.0,0
1789648880.3011603,2026-09-17T18:11:20.301160,-8.88,0.0,566859.0,0.0,89.3,28.9,0,0,0,0,-8.88,-2.64,5.0,0.0,0
1789648880.3209708,2026-09-17T18:11:20.320971,-8.88,0.0,566859.0,0.0,89.3,28.9,0,0,0,0,-8.88,-2.64,5.0,0.0,0
1789648880.340838,2026-09-17T18:11:20.340838,-8.88,0.0,566859.0,0.0,89.3,28.9,0,0,0,0,-8.88,-2.64,5.0,0.0,0
1789648880.360645,2026-09-17T18:11:20.360645,-8.88,0.0,566859.0,0.0,89.3,28.9,0,0,0,0,-8.88,-2.64,5.0,0.0,0
1789648880.3803718,2026-09-17T18:11:20.380372,-8.88,0.0,566859.0,0.0,89.3,28.9,0,0,0,0,-8.88,-2.64,5.0,0.0,0
1789648880.4013631,2026-09-17T18:11:20.401363,-8.88,0.0,566859.0,0.0,89.3,28.9,0,0,0,0,-8.88,-2.64,5.0,0.0,0
1789648880.4213061,2026-09-17T18:11:20.421306,-8.88,0.0,566859.0,0.0,89.3,28.9,0,0,0,0,-8.88,-2.64,5.0,0.0,0
1789648880.4403899,2026-09-17T18:11:20.440390,-8.88,0.0,566859.0,0.0,89.3,28.9,0,0,0,0,-8.88,-2.64,5.0,0.0,0
1789648880.4608517,2026-09-17T18:11:20.460852,-8.88,0.0,566859.0,0.0,89.3,28.9,0,0,0,0,-8.88,-2.64,5.0,0.0,0
1789648880.4806614,2026-09-17T18:11:20.480661,-8.88,0.0,566859.0,0.0,89.3,28.9,0,0,0,0,-8.88,-2.64,5.0,0.0,0
1789648880.5005794,2026-09-17T18:11:20.500579,-8.88,0.0,566859.0,0.0,89.3,28.9,0,0,0,0,-8.88,-2.64,5.0,0.0,0
1789648880.5212948,2026-09-17T18:11:20.521295,-8.63,0.0,566783.0,0.0,89.3,28.9,0,0,0,0,-8.63,-2.62,5.0,0.0,0
1789648880.5408132,2026-09-17T18:11:20.540813,-8.81,0.0,566783.0,0.0,89.21,28.9,0,0,0,0,-8.81,-2.62,5.0,0.0,0
1789648880.560763,2026-09-17T18:11:20.560763,-8.81,0.0,566783.0,0.0,89.21,28.9,0,0,0,0,-8.81,-2.62,5.0,0.0,0
1789648880.581317,2026-09-17T18:11:20.581317,-8.81,0.0,566783.0,0.0,89.21,28.9,0,0,0,0,-8.81,-2.62,5.0,0.0,0
1789648880.6015878,2026-09-17T18:11:20.601588,-8.81,0.0,566783.0,0.0,89.21,28.9,0,0,0,0,-8.81,-2.62,5.0,0.0,0
1789648880.6215687,2026-09-17T18:11:20.621569,-8.81,0.0,566783.0,0.0,89.21,28.9,0,0,0,0,-8.81,-2.62,5.0,0.0,0
1789648880.6410222,2026-09-17T18:11:20.641022,-8.81,0.0,566783.0,0.0,89.21,28.9,0,0,0,0,-8.81,-2.62,5.0,0.0,0
1789648880.6613646,2026-09-17T18:11:20.661365,-8.81,0.0,566783.0,0.0,89.21,28.9,0,0,0,0,-8.81,-2.62,5.0,0.0,0
1789648880.6806812,2026-09-17T18:11:20.680681,-8.81,0.0,566783.0,0.0,89.21,28.9,0,0,0,0,-8.81,-2.62,5.0,0.0,0
1789648880.7012079,2026-09-17T18:11:20.701208,-8.81,0.0,566783.0,0.0,89.21,28.9,0,0,0,0,-8.81,-2.62,5.0,0.0,0
1789648880.721198,2026-09-17T18:11:20.721198,-8.81,0.0,566783.0,0.0,89.21,28.9,0,0,0,0,-8.81,-2.62,5.0,0.0,0
1789648880.7408714,2026-09-17T18:11:20.740871,-8.81,0.0,566783.0,0.0,89.21,28.9,0,0,0,0,-8.81,-2.62,5.0,0.0,0
1789648880.7615283,2026-09-17T18:11:20.761528,-8.81,0.0,566783.0,0.0,89.21,28.9,0,0,0,0,-8.81,-2.62,5.0,0.0,0
1789648880.7815294,2026-09-17T18:11:20.781529,-8.81,0.0,566783.0,0.0,89.21,28.9,0,0,0,0,-8.81,-2.62,5.0,0.0,0
1789648880.8012424,2026-09-17T18:11:20.801242,-8.81,0.0,566783.0,0.0,89.21,28.9,0,0,0,0,-8.81,-2.62,5.0,0.0,0
1789648880.820551,2026-09-17T18:11:20.820551,-8.81,0.0,566783.0,0.0,89.21,28.9,0,0,0,0,-8.81,-2.62,5.0,0.0,0
1789648880.8412564,2026-09-17T18:11:20.841256,-8.81,0.0,566783.0,0.0,89.21,28.9,0,0,0,0,-8.81,-2.62,5.0,0.0,0
1789648880.8612642,2026-09-17T18:11:20.861264,-8.81,0.0,566783.0,0.0,89.21,28.9,0,0,0,0,-8.81,-2.62,5.0,0.0,0
1789648880.8811202,2026-09-17T18:11:20.881120,-8.81,0.0,566783.0,0.0,89.21,28.9,0,0,0,0,-8.81,-2.62,5.0,0.0,0
1789648880.9010322,2026-09-17T18:11:20.901032,-8.81,0.0,566783.0,0.0,89.21,28.9,0,0,0,0,-8.81,-2.62,5.0,0.0,0
1789648880.920781,2026-09-17T18:11:20.920781,-8.81,0.0,566783.0,0.0,89.21,28.9,0,0,0,0,-8.81,-2.62,5.0,0.0,0
1789648880.9405355,2026-09-17T18:11:20.940536,-8.81,0.0,566783.0,0.0,89.21,28.9,0,0,0,0,-8.81,-2.62,5.0,0.0,0
1789648880.9607222,2026-09-17T18:11:20.960722,-8.81,0.0,566783.0,0.0,89.21,28.9,0,0,0,0,-8.81,-2.62,5.0,0.0,0
1789648880.9806345,2026-09-17T18:11:20.980634,-8.81,0.0,566783.0,0.0,89.21,28.9,0,0,0,0,-8.81,-2.62,5.0,0.0,0
1789648881.0012054,2026-09-17T18:11:21.001205,-8.81,0.0,566783.0,0.0,89.21,28.9,0,0,0,0,-8.81,-2.62,5.0,0.0,0
1789648881.0213773,2026-09-17T18:11:21.021377,-8.81,0.0,566783.0,0.0,89.21,28.9,0,0,0,0,-8.81,-2.62,5.0,0.0,0
1789648881.0415108,2026-09-17T18:11:21.041511,-8.81,0.0,566783.0,0.0,89.21,28.9,0,0,0,0,-8.81,-2.62,5.0,0.0,0
1789648881.0611045,2026-09-17T18:11:21.061105,-8.81,0.0,566783.0,0.0,89.21,28.9,0,0,0,0,-8.81,-2.62,5.0,0.0,0
1789648881.0808911,2026-09-17T18:11:21.080891,-8.81,0.0,566783.0,0.0,89.21,28.9,0,0,0,0,-8.81,-2.62,5.0,0.0,0
1789648881.1011486,2026-09-17T18:11:21.101149,-8.81,0.0,566783.0,0.0,89.21,28.9,0,0,0,0,-8.81,-2.62,5.0,0.0,0
1789648881.121122,2026-09-17T18:11:21.121122,-8.81,0.0,566783.0,0.0,89.21,28.9,0,0,0,0,-8.81,-2.62,5.0,0.0,0
1789648881.1405573,2026-09-17T18:11:21.140557,-8.81,0.0,566783.0,0.0,89.21,28.9,0,0,0,0,-8.81,-2.62,5.0,0.0,0
1789648881.1610997,2026-09-17T18:11:21.161100,-8.81,0.0,566783.0,0.0,89.21,28.9,0,0,0,0,-8.81,-2.62,5.0,0.0,0
1789648881.1811304,2026-09-17T18:11:21.181130,-8.81,0.0,566783.0,0.0,89.21,28.9,0,0,0,0,-8.81,-2.62,5.0,0.0,0
1789648881.200673,2026-09-17T18:11:21.200673,-8.81,0.0,566783.0,0.0,89.21,28.9,0,0,0,0,-8.81,-2.62,5.0,0.0,0
1789648881.2211182,2026-09-17T18:11:21.221118,-8.81,0.0,566783.0,0.0,89.21,28.9,0,0,0,0,-8.81,-2.62,5.0,0.0,0
1789648881.241404,2026-09-17T18:11:21.241404,-8.81,0.0,566783.0,0.0,89.21,28.9,0,0,0,0,-8.81,-2.62,5.0,0.0,0
1789648881.261445,2026-09-17T18:11:21.261445,-8.81,0.0,566783.0,0.0,89.21,28.9,0,0,0,0,-8.81,-2.62,5.0,0.0,0
1789648881.281031,2026-09-17T18:11:21.281031,-8.81,0.0,566783.0,0.0,89.21,28.9,0,0,0,0,-8.81,-2.62,5.0,0.0,0
1789648881.3005404,2026-09-17T18:11:21.300540,-8.81,0.0,566783.0,0.0,89.21,28.9,0,0,0,0,-8.81,-2.62,5.0,0.0,0
1789648881.321017,2026-09-17T18:11:21.321017,-8.81,0.0,566783.0,0.0,89.21,28.9,0,0,0,0,-8.81,-2.62,5.0,0.0,0
1789648881.340466,2026-09-17T18:11:21.340466,-8.81,0.0,566783.0,0.0,89.21,28.9,0,0,0,0,-8.81,-2.62,5.0,0.0,0
1789648881.3614643,2026-09-17T18:11:21.361464,-8.81,0.0,566783.0,0.0,89.21,28.9,0,0,0,0,-8.81,-2.62,5.0,0.0,0
1789648881.3808537,2026-09-17T18:11:21.380854,-8.81,0.0,566783.0,0.0,89.21,28.9,0,0,0,0,-8.81,-2.62,5.0,0.0,0
1789648881.4008684,2026-09-17T18:11:21.400868,-8.81,0.0,566783.0,0.0,89.21,28.9,0,0,0,0,-8.81,-2.62,5.0,0.0,0
1789648881.4209833,2026-09-17T18:11:21.420983,-8.81,0.0,566783.0,0.0,89.21,28.9,0,0,0,0,-8.81,-2.62,5.0,0.0,0
1789648881.441048,2026-09-17T18:11:21.441048,-8.81,0.0,566783.0,0.0,89.21,28.9,0,0,0,0,-8.81,-2.62,5.0,0.0,0
1789648881.4608753,2026-09-17T18:11:21.460875,-8.81,0.0,566783.0,0.0,89.21,28.9,0,0,0,0,-8.81,-2.62,5.0,0.0,0
1789648881.4808974,2026-09-17T18:11:21.480897,-8.81,0.0,566783.0,0.0,89.21,28.9,0,0,0,0,-8.81,-2.62,5.0,0.0,0
1789648881.501391,2026-09-17T18:11:21.501391,-8.81,0.0,566783.0,0.0,89.21,28.9,0,0,0,0,-8.81,-2.62,5.0,0.0,0
1789648881.5214229,2026-09-17T18:11:21.521423,-8.81,0.0,566783.0,0.0,89.21,28.9,0,0,0,0,-8.81,-2.62,5.0,0.0,0
1789648881.541094,2026-09-17T18:11:21.541094,-8.81,0.0,566783.0,0.0,89.21,28.9,0,0,0,0,-8.81,-2.62,5.0,0.0,0
1789648881.561125,2026-09-17T18:11:21.561125,-8.81,0.0,566783.0,0.0,89.21,28.9,0,0,0,0,-8.81,-2.62,5.0,0.0,0
1789648881.5803742,2026-09-17T18:11:21.580374,-8.81,0.0,566783.0,0.0,89.21,28.9,0,0,0,0,-8.81,-2.62,5.0,0.0,0
1789648881.6007888,2026-09-17T18:11:21.600789,-8.81,0.0,566783.0,0.0,89.21,28.9,0,0,0,0,-8.81,-2.62,5.0,0.0,0
1789648881.6206372,2026-09-17T18:11:21.620637,-8.56,0.0,566822.0,0.0,89.21,28.9,0,0,0,0,-8.56,-2.59,5.0,0.0,0
1789648881.6412063,2026-09-17T18:11:21.641206,-8.84,0.0,566822.0,0.0,89.21,28.9,0,0,0,0,-8.84,-2.56,5.0,0.0,0
1789648881.661036,2026-09-17T18:11:21.661036,-9.02,0.0,566822.0,0.0,89.21,28.9,0,0,0,0,-9.02,-2.57,5.0,0.0,0
1789648881.6807373,2026-09-17T18:11:21.680737,-9.02,0.0,566822.0,0.0,89.21,28.9,0,0,0,0,-9.02,-2.57,5.0,0.0,0
1789648881.7011008,2026-09-17T18:11:21.701101,-9.02,0.0,566822.0,0.0,89.21,28.9,0,0,0,0,-9.02,-2.57,5.0,0.0,0
1789648881.7211876,2026-09-17T18:11:21.721188,-9.02,0.0,566822.0,0.0,89.21,28.9,0,0,0,0,-9.02,-2.57,5.0,0.0,0
1789648881.7407653,2026-09-17T18:11:21.740765,-9.02,0.0,566822.0,0.0,89.21,28.9,0,0,0,0,-9.02,-2.57,5.0,0.0,0
1789648881.7615461,2026-09-17T18:11:21.761546,-9.02,0.0,566822.0,0.0,89.21,28.9,0,0,0,0,-9.02,-2.57,5.0,0.0,0
1789648881.780671,2026-09-17T18:11:21.780671,-9.02,0.0,566822.0,0.0,89.21,28.9,0,0,0,0,-9.02,-2.57,5.0,0.0,0
1789648881.80119,2026-09-17T18:11:21.801190,-9.02,0.0,566822.0,0.0,89.21,28.9,0,0,0,0,-9.02,-2.57,5.0,0.0,0
1789648881.8209815,2026-09-17T18:11:21.820982,-9.02,0.0,566822.0,0.0,89.21,28.9,0,0,0,0,-9.02,-2.57,5.0,0.0,0
1789648881.8410907,2026-09-17T18:11:21.841091,-9.02,0.0,566822.0,0.0,89.21,28.9,0,0,0,0,-9.02,-2.57,5.0,0.0,0
1789648881.860856,2026-09-17T18:11:21.860856,-9.02,0.0,566822.0,0.0,89.21,28.9,0,0,0,0,-9.02,-2.57,5.0,0.0,0
1789648881.880657,2026-09-17T18:11:21.880657,-9.02,0.0,566822.0,0.0,89.21,28.9,0,0,0,0,-9.02,-2.57,5.0,0.0,0
1789648881.9014037,2026-09-17T18:11:21.901404,-9.02,0.0,566822.0,0.0,89.21,28.9,0,0,0,0,-9.02,-2.57,5.0,0.0,0
1789648881.9211853,2026-09-17T18:11:21.921185,-9.02,0.0,566822.0,0.0,89.21,28.9,0,0,0,0,-9.02,-2.57,5.0,0.0,0
1789648881.9412413,2026-09-17T18:11:21.941241,-9.02,0.0,566822.0,0.0,89.21,28.9,0,0,0,0,-9.02,-2.57,5.0,0.0,0
1789648881.9604993,2026-09-17T18:11:21.960499,-9.02,0.0,566822.0,0.0,89.21,28.9,0,0,0,0,-9.02,-2.57,5.0,0.0,0
1789648881.9808767,2026-09-17T18:11:21.980877,-9.02,0.0,566822.0,0.0,89.21,28.9,0,0,0,0,-9.02,-2.57,5.0,0.0,0
1789648882.0013614,2026-09-17T18:11:22.001361,-9.02,0.0,566822.0,0.0,89.21,28.9,0,0,0,0,-9.02,-2.57,5.0,0.0,0
1789648882.0207274,2026-09-17T18:11:22.020727,-9.02,0.0,566822.0,0.0,89.21,28.9,0,0,0,0,-9.02,-2.57,5.0,0.0,0
1789648882.0407388,2026-09-17T18:11:22.040739,-9.02,0.0,566822.0,0.0,89.21,28.9,0,0,0,0,-9.02,-2.57,5.0,0.0,0
1789648882.0614715,2026-09-17T18:11:22.061471,-9.02,0.0,566822.0,0.0,89.21,28.9,0,0,0,0,-9.02,-2.57,5.0,0.0,0
1789648882.081558,2026-09-17T18:11:22.081558,-9.02,0.0,566822.0,0.0,89.21,28.9,0,0,0,0,-9.02,-2.57,5.0,0.0,0
1789648882.1013308,2026-09-17T18:11:22.101331,-9.02,0.0,566822.0,0.0,89.21,28.9,0,0,0,0,-9.02,-2.57,5.0,0.0,0
1789648882.1207805,2026-09-17T18:11:22.120780,-9.02,0.0,566822.0,0.0,89.21,28.9,0,0,0,0,-9.02,-2.57,5.0,0.0,0
1789648882.1412263,2026-09-17T18:11:22.141226,-9.02,0.0,566822.0,0.0,89.21,28.9,0,0,0,0,-9.02,-2.57,5.0,0.0,0
1789648882.1610165,2026-09-17T18:11:22.161016,-9.02,0.0,566822.0,0.0,89.21,28.9,0,0,0,0,-9.02,-2.57,5.0,0.0,0
1789648882.1811676,2026-09-17T18:11:22.181168,-9.02,0.0,566822.0,0.0,89.21,28.9,0,0,0,0,-9.02,-2.57,5.0,0.0,0
1789648882.2010086,2026-09-17T18:11:22.201009,-9.02,0.0,566822.0,0.0,89.21,28.9,0,0,0,0,-9.02,-2.57,5.0,0.0,0
1789648882.221339,2026-09-17T18:11:22.221339,-9.02,0.0,566822.0,0.0,89.21,28.9,0,0,0,0,-9.02,-2.57,5.0,0.0,0
1789648882.2405186,2026-09-17T18:11:22.240519,-9.02,0.0,566822.0,0.0,89.21,28.9,0,0,0,0,-9.02,-2.57,5.0,0.0,0
1789648882.2616239,2026-09-17T18:11:22.261624,-9.02,0.0,566822.0,0.0,89.21,28.9,0,0,0,0,-9.02,-2.57,5.0,0.0,0
1789648882.281165,2026-09-17T18:11:22.281165,-9.02,0.0,566822.0,0.0,89.21,28.9,0,0,0,0,-9.02,-2.57,5.0,0.0,0
1789648882.301326,2026-09-17T18:11:22.301326,-9.02,0.0,566822.0,0.0,89.21,28.9,0,0,0,0,-9.02,-2.57,5.0,0.0,0
1789648882.3205976,2026-09-17T18:11:22.320598,-9.02,0.0,566822.0,0.0,89.21,28.9,0,0,0,0,-9.02,-2.57,5.0,0.0,0
1789648882.3410223,2026-09-17T18:11:22.341022,-9.02,0.0,566822.0,0.0,89.21,28.9,0,0,0,0,-9.02,-2.57,5.0,0.0,0
1789648882.3613794,2026-09-17T18:11:22.361379,-9.02,0.0,566822.0,0.0,89.21,28.9,0,0,0,0,-9.02,-2.57,5.0,0.0,0
1789648882.3809354,2026-09-17T18:11:22.380935,-9.02,0.0,566822.0,0.0,89.21,28.9,0,0,0,0,-9.02,-2.57,5.0,0.0,0
1789648882.402945,2026-09-17T18:11:22.402945,-9.02,0.0,566822.0,0.0,89.21,28.9,0,0,0,0,-9.02,-2.57,5.0,0.0,0
1789648882.4215426,2026-09-17T18:11:22.421543,-9.02,0.0,566822.0,0.0,89.21,28.9,0,0,0,0,-9.02,-2.57,5.0,0.0,0
1789648882.4413762,2026-09-17T18:11:22.441376,-9.02,0.0,566822.0,0.0,89.21,28.9,0,0,0,0,-9.02,-2.57,5.0,0.0,0
1789648882.4612463,2026-09-17T18:11:22.461246,-9.02,0.0,566822.0,0.0,89.21,28.9,0,0,0,0,-9.02,-2.57,5.0,0.0,0
1789648882.4812613,2026-09-17T18:11:22.481261,-9.02,0.0,566822.0,0.0,89.21,28.9,0,0,0,0,-9.02,-2.57,5.0,0.0,0
1789648882.5011392,2026-09-17T18:11:22.501139,-9.02,0.0,566822.0,0.0,89.21,28.9,0,0,0,0,-9.02,-2.57,5.0,0.0,0
1789648882.5213645,2026-09-17T18:11:22.521364,-9.02,0.0,566822.0,0.0,89.21,28.9,0,0,0,0,-9.02,-2.57,5.0,0.0,0
1789648882.541483,2026-09-17T18:11:22.541483,-9.02,0.0,566822.0,0.0,89.21,28.9,0,0,0,0,-9.02,-2.57,5.0,0.0,0
1789648882.5605037,2026-09-17T18:11:22.560504,-9.02,0.0,566822.0,0.0,89.21,28.9,0,0,0,0,-9.02,-2.57,5.0,0.0,0
1789648882.5805051,2026-09-17T18:11:22.580505,-9.02,0.0,566822.0,0.0,89.21,28.9,0,0,0,0,-9.02,-2.57,5.0,0.0,0
1789648882.6003687,2026-09-17T18:11:22.600369,-9.02,0.0,566822.0,0.0,89.21,28.9,0,0,0,0,-9.02,-2.57,5.0,0.0,0
1789648882.621372,2026-09-17T18:11:22.621372,-9.02,0.0,566822.0,0.0,89.21,28.9,0,0,0,0,-9.02,-2.57,5.0,0.0,0
1789648882.641113,2026-09-17T18:11:22.641113,-9.02,0.0,566822.0,0.0,89.21,28.9,0,0,0,0,-9.02,-2.57,5.0,0.0,0
1789648882.6617148,2026-09-17T18:11:22.661715,-9.02,0.0,566822.0,0.0,89.21,28.9,0,0,0,0,-9.02,-2.57,5.0,0.0,0
1789648882.6807327,2026-09-17T18:11:22.680733,-9.02,0.0,566822.0,0.0,89.21,28.9,0,0,0,0,-9.02,-2.57,5.0,0.0,0
1789648882.700908,2026-09-17T18:11:22.700908,-9.02,0.0,566822.0,0.0,89.21,28.9,0,0,0,0,-9.02,-2.57,5.0,0.0,0
1789648882.721687,2026-09-17T18:11:22.721687,-8.94,0.0,566881.0,0.0,89.03,28.9,0,0,0,0,-8.94,-2.55,5.0,0.0,0
1789648882.7405283,2026-09-17T18:11:22.740528,-6.3,0.0,566881.0,0.0,89.03,28.9,0,0,0,0,-6.3,-2.8,5.0,0.0,0
1789648882.7611868,2026-09-17T18:11:22.761187,-6.95,0.0,566881.0,0.0,89.03,28.9,0,0,0,0,-6.95,-2.83,5.0,0.0,0
1789648882.7809052,2026-09-17T18:11:22.780905,-7.57,0.0,566881.0,0.0,89.03,28.9,0,0,0,0,-7.57,-2.82,5.0,0.0,0
1789648882.8008912,2026-09-17T18:11:22.800891,-8.15,0.0,566881.0,0.0,89.03,28.9,0,0,0,0,-8.15,-2.8,5.0,0.0,0
1789648882.8211055,2026-09-17T18:11:22.821105,-8.34,0.0,566881.0,0.0,89.03,28.9,0,0,0,0,-8.34,-2.79,5.0,0.0,0
1789648882.8415139,2026-09-17T18:11:22.841514,-8.34,0.0,566881.0,0.0,89.03,28.9,0,0,0,0,-8.34,-2.79,5.0,0.0,0
1789648882.8611202,2026-09-17T18:11:22.861120,-8.34,0.0,566881.0,0.0,89.03,28.9,0,0,0,0,-8.34,-2.79,5.0,0.0,0
1789648882.881101,2026-09-17T18:11:22.881101,-8.34,0.0,566881.0,0.0,89.03,28.9,0,0,0,0,-8.34,-2.79,5.0,0.0,0
1789648882.9008596,2026-09-17T18:11:22.900860,-8.52,0.0,566868.0,0.0,89.03,28.9,0,0,0,0,-8.52,-2.79,5.0,0.0,0
1789648882.9210596,2026-09-17T18:11:22.921060,-9.04,0.0,566868.0,0.0,89.03,28.9,0,0,0,0,-9.04,-2.77,5.0,0.0,0
1789648882.941062,2026-09-17T18:11:22.941062,-9.28,0.0,566868.0,0.0,89.03,28.9,0,0,0,0,-9.28,-2.73,5.0,0.0,0
1789648882.9608102,2026-09-17T18:11:22.960810,-9.18,0.0,566868.0,0.0,89.03,28.9,0,0,0,0,-9.18,-2.7,5.0,0.0,0
1789648882.9813604,2026-09-17T18:11:22.981360,-9.18,0.0,566868.0,0.0,89.03,28.9,0,0,0,0,-9.18,-2.7,5.0,0.0,0
1789648883.0012183,2026-09-17T18:11:23.001218,-9.18,0.0,566868.0,0.0,89.03,28.9,0,0,0,0,-9.18,-2.7,5.0,0.0,0
1789648883.0211232,2026-09-17T18:11:23.021123,-9.18,0.0,566868.0,0.0,89.03,28.9,0,0,0,0,-9.18,-2.7,5.0,0.0,0
1789648883.0407565,2026-09-17T18:11:23.040756,-9.18,0.0,566868.0,0.0,89.03,28.9,0,0,0,0,-9.18,-2.7,5.0,0.0,0
1789648883.060807,2026-09-17T18:11:23.060807,-9.18,0.0,566868.0,0.0,89.03,28.9,0,0,0,0,-9.18,-2.7,5.0,0.0,0
1789648883.0810344,2026-09-17T18:11:23.081034,-9.18,0.0,566868.0,0.0,89.03,28.9,0,0,0,0,-9.18,-2.7,5.0,0.0,0
1789648883.100744,2026-09-17T18:11:23.100744,-9.18,0.0,566868.0,0.0,89.03,28.9,0,0,0,0,-9.18,-2.7,5.0,0.0,0
1789648883.120597,2026-09-17T18:11:23.120597,-9.18,0.0,566868.0,0.0,89.03,28.9,0,0,0,0,-9.18,-2.7,5.0,0.0,0
1789648883.1405542,2026-09-17T18:11:23.140554,-9.18,0.0,566868.0,0.0,89.03,28.9,0,0,0,0,-9.18,-2.7,5.0,0.0,0
1789648883.1613271,2026-09-17T18:11:23.161327,-9.18,0.0,566868.0,0.0,89.03,28.9,0,0,0,0,-9.18,-2.7,5.0,0.0,0
1789648883.180992,2026-09-17T18:11:23.180992,-9.18,0.0,566868.0,0.0,89.03,28.9,0,0,0,0,-9.18,-2.7,5.0,0.0,0
1789648883.201342,2026-09-17T18:11:23.201342,-9.18,0.0,566868.0,0.0,89.03,28.9,0,0,0,0,-9.18,-2.7,5.0,0.0,0
1789648883.2208362,2026-09-17T18:11:23.220836,-9.18,0.0,566868.0,0.0,89.03,28.9,0,0,0,0,-9.18,-2.7,5.0,0.0,0
1789648883.2406538,2026-09-17T18:11:23.240654,-9.18,0.0,566868.0,0.0,89.03,28.9,0,0,0,0,-9.18,-2.7,5.0,0.0,0
1789648883.261249,2026-09-17T18:11:23.261249,-9.18,0.0,566868.0,0.0,89.03,28.9,0,0,0,0,-9.18,-2.7,5.0,0.0,0
1789648883.2808366,2026-09-17T18:11:23.280837,-9.18,0.0,566868.0,0.0,89.03,28.9,0,0,0,0,-9.18,-2.7,5.0,0.0,0
1789648883.3012419,2026-09-17T18:11:23.301242,-9.18,0.0,566868.0,0.0,89.03,28.9,0,0,0,0,-9.18,-2.7,5.0,0.0,0
1789648883.3210163,2026-09-17T18:11:23.321016,-9.18,0.0,566868.0,0.0,89.03,28.9,0,0,0,0,-9.18,-2.7,5.0,0.0,0
1789648883.3408158,2026-09-17T18:11:23.340816,-9.18,0.0,566868.0,0.0,89.03,28.9,0,0,0,0,-9.18,-2.7,5.0,0.0,0
1789648883.3611658,2026-09-17T18:11:23.361166,-9.18,0.0,566868.0,0.0,89.03,28.9,0,0,0,0,-9.18,-2.7,5.0,0.0,0
1789648883.3813846,2026-09-17T18:11:23.381385,-9.18,0.0,566868.0,0.0,89.03,28.9,0,0,0,0,-9.18,-2.7,5.0,0.0,0
1789648883.4010527,2026-09-17T18:11:23.401053,-9.18,0.0,566868.0,0.0,89.03,28.9,0,0,0,0,-9.18,-2.7,5.0,0.0,0
1789648883.4210815,2026-09-17T18:11:23.421082,-9.18,0.0,566868.0,0.0,89.03,28.9,0,0,0,0,-9.18,-2.7,5.0,0.0,0
1789648883.4409983,2026-09-17T18:11:23.440998,-9.18,0.0,566868.0,0.0,89.03,28.9,0,0,0,0,-9.18,-2.7,5.0,0.0,0
1789648883.4607804,2026-09-17T18:11:23.460780,-9.18,0.0,566868.0,0.0,89.03,28.9,0,0,0,0,-9.18,-2.7,5.0,0.0,0
1789648883.4812427,2026-09-17T18:11:23.481243,-9.18,0.0,566868.0,0.0,89.03,28.9,0,0,0,0,-9.18,-2.7,5.0,0.0,0
1789648883.5014813,2026-09-17T18:11:23.501481,-9.18,0.0,566868.0,0.0,89.03,28.9,0,0,0,0,-9.18,-2.7,5.0,0.0,0
1789648883.5212877,2026-09-17T18:11:23.521288,-9.18,0.0,566868.0,0.0,89.03,28.9,0,0,0,0,-9.18,-2.7,5.0,0.0,0
1789648883.5412025,2026-09-17T18:11:23.541203,-9.18,0.0,566868.0,0.0,89.03,28.9,0,0,0,0,-9.18,-2.7,5.0,0.0,0
1789648883.5617716,2026-09-17T18:11:23.561772,-9.18,0.0,566868.0,0.0,89.03,28.9,0,0,0,0,-9.18,-2.7,5.0,0.0,0
1789648883.5823889,2026-09-17T18:11:23.582389,-9.18,0.0,566868.0,0.0,89.03,28.9,0,0,0,0,-9.18,-2.7,5.0,0.0,0
1789648883.6009057,2026-09-17T18:11:23.600906,-9.18,0.0,566868.0,0.0,89.03,28.9,0,0,0,0,-9.18,-2.7,5.0,0.0,0
1789648883.6207397,2026-09-17T18:11:23.620740,-9.18,0.0,566868.0,0.0,89.03,28.9,0,0,0,0,-9.18,-2.7,5.0,0.0,0
1789648883.6407683,2026-09-17T18:11:23.640768,-9.18,0.0,566868.0,0.0,89.03,28.9,0,0,0,0,-9.18,-2.7,5.0,0.0,0
1789648883.6613607,2026-09-17T18:11:23.661361,-9.18,0.0,566868.0,0.0,89.03,28.9,0,0,0,0,-9.18,-2.7,5.0,0.0,0
1789648883.6813784,2026-09-17T18:11:23.681378,-9.18,0.0,566868.0,0.0,89.03,28.9,0,0,0,0,-9.18,-2.7,5.0,0.0,0
1789648883.7006693,2026-09-17T18:11:23.700669,-9.18,0.0,566868.0,0.0,89.03,28.9,0,0,0,0,-9.18,-2.7,5.0,0.0,0
1789648883.7215781,2026-09-17T18:11:23.721578,-9.18,0.0,566868.0,0.0,89.03,28.9,0,0,0,0,-9.18,-2.7,5.0,0.0,0
1789648883.7418318,2026-09-17T18:11:23.741832,-9.18,0.0,566868.0,0.0,89.03,28.9,0,0,0,0,-9.18,-2.7,5.0,0.0,0
1789648883.7614334,2026-09-17T18:11:23.761433,-9.18,0.0,566868.0,0.0,89.03,28.9,0,0,0,0,-9.18,-2.7,5.0,0.0,0
1789648883.7813778,2026-09-17T18:11:23.781378,-9.18,0.0,566868.0,0.0,89.03,28.9,0,0,0,0,-9.18,-2.7,5.0,0.0,0
1789648883.8013294,2026-09-17T18:11:23.801329,-9.18,0.0,566868.0,0.0,89.03,28.9,0,0,0,0,-9.18,-2.7,5.0,0.0,0
1789648883.8217669,2026-09-17T18:11:23.821767,-9.18,0.0,566868.0,0.0,89.03,28.9,0,0,0,0,-9.18,-2.7,5.0,0.0,0
1789648883.8408234,2026-09-17T18:11:23.840823,-9.18,0.0,566868.0,0.0,89.03,28.9,0,0,0,0,-9.18,-2.7,5.0,0.0,0
1789648883.861713,2026-09-17T18:11:23.861713,-9.18,0.0,566868.0,0.0,89.03,28.9,0,0,0,0,-9.18,-2.7,5.0,0.0,0
1789648883.8814616,2026-09-17T18:11:23.881462,-9.18,0.0,566868.0,0.0,89.03,28.9,0,0,0,0,-9.18,-2.7,5.0,0.0,0
1789648883.9019556,2026-09-17T18:11:23.901956,-9.18,0.0,566868.0,0.0,89.03,28.9,0,0,0,0,-9.18,-2.7,5.0,0.0,0
1789648883.9212477,2026-09-17T18:11:23.921248,-9.18,0.0,566868.0,0.0,89.03,28.9,0,0,0,0,-9.18,-2.7,5.0,0.0,0
1789648883.9416223,2026-09-17T18:11:23.941622,-9.18,0.0,566868.0,0.0,89.03,28.9,0,0,0,0,-9.18,-2.7,5.0,0.0,0
1789648883.9617095,2026-09-17T18:11:23.961709,-9.18,0.0,566868.0,0.0,89.03,28.9,0,0,0,0,-9.18,-2.7,5.0,0.0,0
1789648883.9808078,2026-09-17T18:11:23.980808,-9.18,0.0,566868.0,0.0,89.03,28.9,0,0,0,0,-9.18,-2.7,5.0,0.0,0
1789648884.0009828,2026-09-17T18:11:24.000983,-8.92,0.0,566890.0,0.0,89.03,28.9,0,0,0,0,-8.92,-2.67,5.0,0.0,0
1789648884.0212429,2026-09-17T18:11:24.021243,-9.42,0.0,566890.0,0.0,89.03,28.9,0,0,0,0,-9.42,-2.65,5.0,0.0,0
1789648884.041926,2026-09-17T18:11:24.041926,-10.05,0.0,566890.0,0.0,89.03,28.9,0,0,0,0,-10.05,-2.65,5.0,0.0,0
1789648884.0610685,2026-09-17T18:11:24.061069,-8.93,0.0,566890.0,0.0,89.03,28.9,0,0,0,0,-8.93,-2.61,5.0,0.0,0
1789648884.082047,2026-09-17T18:11:24.082047,-9.1,0.0,566890.0,0.0,89.03,28.9,0,0,0,0,-9.1,-2.61,5.0,0.0,0
1789648884.1012008,2026-09-17T18:11:24.101201,-9.1,0.0,566890.0,0.0,89.03,28.9,0,0,0,0,-9.1,-2.61,5.0,0.0,0
1789648884.121042,2026-09-17T18:11:24.121042,-9.1,0.0,566890.0,0.0,89.03,28.9,0,0,0,0,-9.1,-2.61,5.0,0.0,0
1789648884.1413667,2026-09-17T18:11:24.141367,-9.1,0.0,566890.0,0.0,89.03,28.9,0,0,0,0,-9.1,-2.61,5.0,0.0,0
1789648884.1611726,2026-09-17T18:11:24.161173,-9.1,0.0,566890.0,0.0,89.03,28.9,0,0,0,0,-9.1,-2.61,5.0,0.0,0
1789648884.1807678,2026-09-17T18:11:24.180768,-9.1,0.0,566890.0,0.0,89.03,28.9,0,0,0,0,-9.1,-2.61,5.0,0.0,0
1789648884.2008781,2026-09-17T18:11:24.200878,-9.1,0.0,566890.0,0.0,89.03,28.9,0,0,0,0,-9.1,-2.61,5.0,0.0,0
1789648884.221928,2026-09-17T18:11:24.221928,-9.1,0.0,566890.0,0.0,89.03,28.9,0,0,0,0,-9.1,-2.61,5.0,0.0,0
1789648884.2421825,2026-09-17T18:11:24.242182,-9.1,0.0,566890.0,0.0,89.03,28.9,0,0,0,0,-9.1,-2.61,5.0,0.0,0
1789648884.2616513,2026-09-17T18:11:24.261651,-9.1,0.0,566890.0,0.0,89.03,28.9,0,0,0,0,-9.1,-2.61,5.0,0.0,0
1789648884.2808034,2026-09-17T18:11:24.280803,-9.1,0.0,566890.0,0.0,89.03,28.9,0,0,0,0,-9.1,-2.61,5.0,0.0,0
1789648884.300653,2026-09-17T18:11:24.300653,-9.1,0.0,566890.0,0.0,89.03,28.9,0,0,0,0,-9.1,-2.61,5.0,0.0,0
1789648884.3214357,2026-09-17T18:11:24.321436,-9.1,0.0,566890.0,0.0,89.03,28.9,0,0,0,0,-9.1,-2.61,5.0,0.0,0
1789648884.341311,2026-09-17T18:11:24.341311,-9.1,0.0,566890.0,0.0,89.03,28.9,0,0,0,0,-9.1,-2.61,5.0,0.0,0
1789648884.3610206,2026-09-17T18:11:24.361021,-9.1,0.0,566890.0,0.0,89.03,28.9,0,0,0,0,-9.1,-2.61,5.0,0.0,0
1789648884.3810754,2026-09-17T18:11:24.381075,-9.1,0.0,566890.0,0.0,89.03,28.9,0,0,0,0,-9.1,-2.61,5.0,0.0,0
1789648884.401418,2026-09-17T18:11:24.401418,-9.1,0.0,566890.0,0.0,89.03,28.9,0,0,0,0,-9.1,-2.61,5.0,0.0,0
1789648884.421181,2026-09-17T18:11:24.421181,-9.1,0.0,566890.0,0.0,89.03,28.9,0,0,0,0,-9.1,-2.61,5.0,0.0,0
1789648884.4406164,2026-09-17T18:11:24.440616,-9.1,0.0,566890.0,0.0,89.03,28.9,0,0,0,0,-9.1,-2.61,5.0,0.0,0
1789648884.4606807,2026-09-17T18:11:24.460681,-9.1,0.0,566890.0,0.0,89.03,28.9,0,0,0,0,-9.1,-2.61,5.0,0.0,0
1789648884.4805777,2026-09-17T18:11:24.480578,-9.1,0.0,566890.0,0.0,89.03,28.9,0,0,0,0,-9.1,-2.61,5.0,0.0,0
1789648884.500765,2026-09-17T18:11:24.500765,-9.1,0.0,566890.0,0.0,89.03,28.9,0,0,0,0,-9.1,-2.61,5.0,0.0,0
1789648884.521313,2026-09-17T18:11:24.521313,-9.1,0.0,566890.0,0.0,89.03,28.9,0,0,0,0,-9.1,-2.61,5.0,0.0,0
1789648884.5415447,2026-09-17T18:11:24.541545,-9.1,0.0,566890.0,0.0,89.03,28.9,0,0,0,0,-9.1,-2.61,5.0,0.0,0
1789648884.5615568,2026-09-17T18:11:24.561557,-9.1,0.0,566890.0,0.0,89.03,28.9,0,0,0,0,-9.1,-2.61,5.0,0.0,0
1789648884.580594,2026-09-17T18:11:24.580594,-9.1,0.0,566890.0,0.0,89.03,28.9,0,0,0,0,-9.1,-2.61,5.0,0.0,0
1789648884.6007707,2026-09-17T18:11:24.600771,-9.1,0.0,566890.0,0.0,89.03,28.9,0,0,0,0,-9.1,-2.61,5.0,0.0,0
1789648884.6210327,2026-09-17T18:11:24.621033,-9.1,0.0,566890.0,0.0,89.03,28.9,0,0,0,0,-9.1,-2.61,5.0,0.0,0
1789648884.6409714,2026-09-17T18:11:24.640971,-9.1,0.0,566890.0,0.0,89.03,28.9,0,0,0,0,-9.1,-2.61,5.0,0.0,0
1789648884.660769,2026-09-17T18:11:24.660769,-9.1,0.0,566890.0,0.0,89.03,28.9,0,0,0,0,-9.1,-2.61,5.0,0.0,0
1789648884.6815603,2026-09-17T18:11:24.681560,-9.1,0.0,566890.0,0.0,89.03,28.9,0,0,0,0,-9.1,-2.61,5.0,0.0,0
1789648884.7011666,2026-09-17T18:11:24.701167,-9.1,0.0,566890.0,0.0,89.03,28.9,0,0,0,0,-9.1,-2.61,5.0,0.0,0
1789648884.7208056,2026-09-17T18:11:24.720806,-9.1,0.0,566890.0,0.0,89.03,28.9,0,0,0,0,-9.1,-2.61,5.0,0.0,0
1789648884.7410667,2026-09-17T18:11:24.741067,-9.1,0.0,566890.0,0.0,89.03,28.9,0,0,0,0,-9.1,-2.61,5.0,0.0,0
1789648884.7621076,2026-09-17T18:11:24.762108,-9.1,0.0,566890.0,0.0,89.03,28.9,0,0,0,0,-9.1,-2.61,5.0,0.0,0
1789648884.781018,2026-09-17T18:11:24.781018,-9.1,0.0,566890.0,0.0,89.03,28.9,0,0,0,0,-9.1,-2.61,5.0,0.0,0
1789648884.801293,2026-09-17T18:11:24.801293,-9.1,0.0,566890.0,0.0,89.03,28.9,0,0,0,0,-9.1,-2.61,5.0,0.0,0
1789648884.820778,2026-09-17T18:11:24.820778,-9.1,0.0,566890.0,0.0,89.03,28.9,0,0,0,0,-9.1,-2.61,5.0,0.0,0
1789648884.8416488,2026-09-17T18:11:24.841649,-9.1,0.0,566890.0,0.0,89.03,28.9,0,0,0,0,-9.1,-2.61,5.0,0.0,0
1789648884.8609471,2026-09-17T18:11:24.860947,-9.1,0.0,566890.0,0.0,89.03,28.9,0,0,0,0,-9.1,-2.61,5.0,0.0,0
1789648884.8815665,2026-09-17T18:11:24.881567,-9.1,0.0,566890.0,0.0,89.03,28.9,0,0,0,0,-9.1,-2.61,5.0,0.0,0
1789648884.9009144,2026-09-17T18:11:24.900914,-9.1,0.0,566890.0,0.0,89.03,28.9,0,0,0,0,-9.1,-2.61,5.0,0.0,0
1789648884.9215834,2026-09-17T18:11:24.921583,-9.1,0.0,566890.0,0.0,89.03,28.9,0,0,0,0,-9.1,-2.61,5.0,0.0,0
1789648884.9416494,2026-09-17T18:11:24.941649,-9.1,0.0,566890.0,0.0,89.03,28.9,0,0,0,0,-9.1,-2.61,5.0,0.0,0
1789648884.9609017,2026-09-17T18:11:24.960902,-9.1,0.0,566890.0,0.0,89.03,28.9,0,0,0,0,-9.1,-2.61,5.0,0.0,0
1789648884.9807885,2026-09-17T18:11:24.980788,-9.1,0.0,566890.0,0.0,89.03,28.9,0,0,0,0,-9.1,-2.61,5.0,0.0,0
1789648885.000597,2026-09-17T18:11:25.000597,-9.1,0.0,566890.0,0.0,89.03,28.9,0,0,0,0,-9.1,-2.61,5.0,0.0,0
1789648885.021032,2026-09-17T18:11:25.021032,-9.1,0.0,566890.0,0.0,89.03,28.9,0,0,0,0,-9.1,-2.61,5.0,0.0,0
1789648885.040555,2026-09-17T18:11:25.040555,-9.1,0.0,566890.0,0.0,89.03,28.9,0,0,0,0,-9.1,-2.61,5.0,0.0,0
1789648885.0608134,2026-09-17T18:11:25.060813,-9.1,0.0,566890.0,0.0,89.03,28.9,0,0,0,0,-9.1,-2.61,5.0,0.0,0
1789648885.0807767,2026-09-17T18:11:25.080777,-9.1,0.0,566890.0,0.0,89.03,28.9,0,0,0,0,-9.1,-2.61,5.0,0.0,0
1789648885.1017334,2026-09-17T18:11:25.101733,-11.84,0.0,566789.0,0.0,89.3,28.9,0,0,0,0,-11.84,-2.59,5.0,0.0,0
1789648885.1211262,2026-09-17T18:11:25.121126,-12.09,0.0,566789.0,0.0,89.21,28.9,0,0,0,0,-12.09,-2.56,5.0,0.0,0
1789648885.1409497,2026-09-17T18:11:25.140950,-12.4,0.0,566789.0,0.0,89.21,28.9,0,0,0,0,-12.4,-2.56,5.0,0.0,0
1789648885.1614366,2026-09-17T18:11:25.161437,-12.7,0.0,566789.0,0.0,89.21,28.9,0,0,0,0,-12.7,-2.56,5.0,0.0,0
1789648885.1806562,2026-09-17T18:11:25.180656,-12.98,0.0,566789.0,0.0,89.21,28.9,0,0,0,0,-12.98,-2.57,5.0,0.0,0
1789648885.2015011,2026-09-17T18:11:25.201501,-13.06,0.0,566789.0,0.0,89.21,28.9,0,0,0,0,-13.06,-2.57,5.0,0.0,0
1789648885.2212987,2026-09-17T18:11:25.221299,-13.06,0.0,566789.0,0.0,89.21,28.9,0,0,0,0,-13.06,-2.57,5.0,0.0,0
1789648885.2410624,2026-09-17T18:11:25.241062,-13.06,0.0,566789.0,0.0,89.21,28.9,0,0,0,0,-13.06,-2.57,5.0,0.0,0
1789648885.2615077,2026-09-17T18:11:25.261508,-13.06,0.0,566789.0,0.0,89.21,28.9,0,0,0,0,-13.06,-2.57,5.0,0.0,0
1789648885.2813802,2026-09-17T18:11:25.281380,-13.06,0.0,566789.0,0.0,89.21,28.9,0,0,0,0,-13.06,-2.57,5.0,0.0,0
1789648885.3016105,2026-09-17T18:11:25.301610,-13.06,0.0,566789.0,0.0,89.21,28.9,0,0,0,0,-13.06,-2.57,5.0,0.0,0
1789648885.3219817,2026-09-17T18:11:25.321982,-13.06,0.0,566789.0,0.0,89.21,28.9,0,0,0,0,-13.06,-2.57,5.0,0.0,0
1789648885.3418486,2026-09-17T18:11:25.341849,-13.06,0.0,566789.0,0.0,89.21,28.9,0,0,0,0,-13.06,-2.57,5.0,0.0,0
1789648885.3609912,2026-09-17T18:11:25.360991,-13.06,0.0,566789.0,0.0,89.21,28.9,0,0,0,0,-13.06,-2.57,5.0,0.0,0
1789648885.3820791,2026-09-17T18:11:25.382079,-13.06,0.0,566789.0,0.0,89.21,28.9,0,0,0,0,-13.06,-2.57,5.0,0.0,0
1789648885.4017544,2026-09-17T18:11:25.401754,-13.06,0.0,566789.0,0.0,89.21,28.9,0,0,0,0,-13.06,-2.57,5.0,0.0,0
1789648885.4219933,2026-09-17T18:11:25.421993,-13.06,0.0,566789.0,0.0,89.21,28.9,0,0,0,0,-13.06,-2.57,5.0,0.0,0
1789648885.44147,2026-09-17T18:11:25.441470,-13.06,0.0,566789.0,0.0,89.21,28.9,0,0,0,0,-13.06,-2.57,5.0,0.0,0
1789648885.4614801,2026-09-17T18:11:25.461480,-13.06,0.0,566789.0,0.0,89.21,28.9,0,0,0,0,-13.06,-2.57,5.0,0.0,0
1789648885.4813926,2026-09-17T18:11:25.481393,-13.06,0.0,566789.0,0.0,89.21,28.9,0,0,0,0,-13.06,-2.57,5.0,0.0,0
1789648885.5018132,2026-09-17T18:11:25.501813,-13.06,0.0,566789.0,0.0,89.21,28.9,0,0,0,0,-13.06,-2.57,5.0,0.0,0
1789648885.5213203,2026-09-17T18:11:25.521320,-13.06,0.0,566789.0,0.0,89.21,28.9,0,0,0,0,-13.06,-2.57,5.0,0.0,0
1789648885.5418582,2026-09-17T18:11:25.541858,-13.06,0.0,566789.0,0.0,89.21,28.9,0,0,0,0,-13.06,-2.57,5.0,0.0,0
1789648885.562194,2026-09-17T18:11:25.562194,-13.06,0.0,566789.0,0.0,89.21,28.9,0,0,0,0,-13.06,-2.57,5.0,0.0,0
1789648885.581123,2026-09-17T18:11:25.581123,-13.06,0.0,566789.0,0.0,89.21,28.9,0,0,0,0,-13.06,-2.57,5.0,0.0,0
1789648885.6010945,2026-09-17T18:11:25.601094,-13.06,0.0,566789.0,0.0,89.21,28.9,0,0,0,0,-13.06,-2.57,5.0,0.0,0
1789648885.621472,2026-09-17T18:11:25.621472,-13.06,0.0,566789.0,0.0,89.21,28.9,0,0,0,0,-13.06,-2.57,5.0,0.0,0
1789648885.6414833,2026-09-17T18:11:25.641483,-13.06,0.0,566789.0,0.0,89.21,28.9,0,0,0,0,-13.06,-2.57,5.0,0.0,0
1789648885.661687,2026-09-17T18:11:25.661687,-13.06,0.0,566789.0,0.0,89.21,28.9,0,0,0,0,-13.06,-2.57,5.0,0.0,0
1789648885.6815305,2026-09-17T18:11:25.681530,-13.06,0.0,566789.0,0.0,89.21,28.9,0,0,0,0,-13.06,-2.57,5.0,0.0,0
1789648885.7017782,2026-09-17T18:11:25.701778,-13.06,0.0,566789.0,0.0,89.21,28.9,0,0,0,0,-13.06,-2.57,5.0,0.0,0
1789648885.7217953,2026-09-17T18:11:25.721795,-13.06,0.0,566789.0,0.0,89.21,28.9,0,0,0,0,-13.06,-2.57,5.0,0.0,0
1789648885.7412667,2026-09-17T18:11:25.741267,-13.06,0.0,566789.0,0.0,89.21,28.9,0,0,0,0,-13.06,-2.57,5.0,0.0,0
1789648885.7610295,2026-09-17T18:11:25.761029,-13.06,0.0,566789.0,0.0,89.21,28.9,0,0,0,0,-13.06,-2.57,5.0,0.0,0
1789648885.7816234,2026-09-17T18:11:25.781623,-13.06,0.0,566789.0,0.0,89.21,28.9,0,0,0,0,-13.06,-2.57,5.0,0.0,0
1789648885.8008637,2026-09-17T18:11:25.800864,-13.06,0.0,566789.0,0.0,89.21,28.9,0,0,0,0,-13.06,-2.57,5.0,0.0,0
1789648885.8210442,2026-09-17T18:11:25.821044,-13.06,0.0,566789.0,0.0,89.21,28.9,0,0,0,0,-13.06,-2.57,5.0,0.0,0
1789648885.841163,2026-09-17T18:11:25.841163,-13.06,0.0,566789.0,0.0,89.21,28.9,0,0,0,0,-13.06,-2.57,5.0,0.0,0
1789648885.8608034,2026-09-17T18:11:25.860803,-13.06,0.0,566789.0,0.0,89.21,28.9,0,0,0,0,-13.06,-2.57,5.0,0.0,0
1789648885.8817692,2026-09-17T18:11:25.881769,-13.06,0.0,566789.0,0.0,89.21,28.9,0,0,0,0,-13.06,-2.57,5.0,0.0,0
1789648885.901729,2026-09-17T18:11:25.901729,-13.06,0.0,566789.0,0.0,89.21,28.9,0,0,0,0,-13.06,-2.57,5.0,0.0,0
1789648885.9213252,2026-09-17T18:11:25.921325,-13.06,0.0,566789.0,0.0,89.21,28.9,0,0,0,0,-13.06,-2.57,5.0,0.0,0
1789648885.9409428,2026-09-17T18:11:25.940943,-13.06,0.0,566789.0,0.0,89.21,28.9,0,0,0,0,-13.06,-2.57,5.0,0.0,0
1789648885.9620028,2026-09-17T18:11:25.962003,-13.06,0.0,566789.0,0.0,89.21,28.9,0,0,0,0,-13.06,-2.57,5.0,0.0,0
1789648885.9809918,2026-09-17T18:11:25.980992,-13.06,0.0,566789.0,0.0,89.21,28.9,0,0,0,0,-13.06,-2.57,5.0,0.0,0
1789648886.0013797,2026-09-17T18:11:26.001380,-13.06,0.0,566789.0,0.0,89.21,28.9,0,0,0,0,-13.06,-2.57,5.0,0.0,0
1789648886.0214546,2026-09-17T18:11:26.021455,-13.06,0.0,566789.0,0.0,89.21,28.9,0,0,0,0,-13.06,-2.57,5.0,0.0,0
1789648886.0411701,2026-09-17T18:11:26.041170,-13.06,0.0,566789.0,0.0,89.21,28.9,0,0,0,0,-13.06,-2.57,5.0,0.0,0
1789648886.0621715,2026-09-17T18:11:26.062171,-13.06,0.0,566789.0,0.0,89.21,28.9,0,0,0,0,-13.06,-2.57,5.0,0.0,0
1789648886.080805,2026-09-17T18:11:26.080805,-13.06,0.0,566789.0,0.0,89.21,28.9,0,0,0,0,-13.06,-2.57,5.0,0.0,0
1789648886.1020777,2026-09-17T18:11:26.102078,-13.06,0.0,566789.0,0.0,89.21,28.9,0,0,0,0,-13.06,-2.57,5.0,0.0,0
1789648886.121082,2026-09-17T18:11:26.121082,-13.06,0.0,566789.0,0.0,89.21,28.9,0,0,0,0,-13.06,-2.57,5.0,0.0,0
1789648886.1415503,2026-09-17T18:11:26.141550,-13.06,0.0,566789.0,0.0,89.21,28.9,0,0,0,0,-13.06,-2.57,5.0,0.0,0
1789648886.161834,2026-09-17T18:11:26.161834,-13.06,0.0,566789.0,0.0,89.21,28.9,0,0,0,0,-13.06,-2.57,5.0,0.0,0
1789648886.1819508,2026-09-17T18:11:26.181951,-13.06,0.0,566789.0,0.0,89.21,28.9,0,0,0,0,-13.06,-2.57,5.0,0.0,0
1789648886.2013588,2026-09-17T18:11:26.201359,-14.98,0.0,566884.0,0.0,89.12,28.9,0,0,0,0,-14.98,-2.46,5.0,0.0,0
1789648886.2213752,2026-09-17T18:11:26.221375,-15.02,0.0,566884.0,0.0,89.12,28.9,0,0,0,0,-15.02,-2.46,5.0,0.0,0
1789648886.241127,2026-09-17T18:11:26.241127,-15.02,0.0,566884.0,0.0,89.12,28.9,0,0,0,0,-15.02,-2.46,5.0,0.0,0
1789648886.2619312,2026-09-17T18:11:26.261931,-15.02,0.0,566884.0,0.0,89.12,28.9,0,0,0,0,-15.02,-2.46,5.0,0.0,0
1789648886.2819417,2026-09-17T18:11:26.281942,-15.02,0.0,566884.0,0.0,89.12,28.9,0,0,0,0,-15.02,-2.46,5.0,0.0,0
1789648886.300958,2026-09-17T18:11:26.300958,-15.02,0.0,566884.0,0.0,89.12,28.9,0,0,0,0,-15.02,-2.46,5.0,0.0,0
1789648886.320986,2026-09-17T18:11:26.320986,-15.02,0.0,566884.0,0.0,89.12,28.9,0,0,0,0,-15.02,-2.46,5.0,0.0,0
1789648886.3411975,2026-09-17T18:11:26.341197,-15.02,0.0,566884.0,0.0,89.12,28.9,0,0,0,0,-15.02,-2.46,5.0,0.0,0
1789648886.3617687,2026-09-17T18:11:26.361769,-15.02,0.0,566884.0,0.0,89.12,28.9,0,0,0,0,-15.02,-2.46,5.0,0.0,0
1789648886.3817813,2026-09-17T18:11:26.381781,-15.02,0.0,566884.0,0.0,89.12,28.9,0,0,0,0,-15.02,-2.46,5.0,0.0,0
1789648886.4014895,2026-09-17T18:11:26.401489,-15.02,0.0,566884.0,0.0,89.12,28.9,0,0,0,0,-15.02,-2.46,5.0,0.0,0
1789648886.4208167,2026-09-17T18:11:26.420817,-15.02,0.0,566884.0,0.0,89.12,28.9,0,0,0,0,-15.02,-2.46,5.0,0.0,0
1789648886.4412103,2026-09-17T18:11:26.441210,-15.02,0.0,566884.0,0.0,89.12,28.9,0,0,0,0,-15.02,-2.46,5.0,0.0,0
1789648886.4616625,2026-09-17T18:11:26.461663,-15.02,0.0,566884.0,0.0,89.12,28.9,0,0,0,0,-15.02,-2.46,5.0,0.0,0
1789648886.4815166,2026-09-17T18:11:26.481517,-15.02,0.0,566884.0,0.0,89.12,28.9,0,0,0,0,-15.02,-2.46,5.0,0.0,0
1789648886.5015736,2026-09-17T18:11:26.501574,-15.02,0.0,566884.0,0.0,89.12,28.9,0,0,0,0,-15.02,-2.46,5.0,0.0,0
1789648886.521342,2026-09-17T18:11:26.521342,-15.02,0.0,566884.0,0.0,89.12,28.9,0,0,0,0,-15.02,-2.46,5.0,0.0,0
1789648886.5410533,2026-09-17T18:11:26.541053,-15.02,0.0,566884.0,0.0,89.12,28.9,0,0,0,0,-15.02,-2.46,5.0,0.0,0
1789648886.561099,2026-09-17T18:11:26.561099,-15.02,0.0,566884.0,0.0,89.12,28.9,0,0,0,0,-15.02,-2.46,5.0,0.0,0
1789648886.5818367,2026-09-17T18:11:26.581837,-15.02,0.0,566884.0,0.0,89.12,28.9,0,0,0,0,-15.02,-2.46,5.0,0.0,0
1789648886.600781,2026-09-17T18:11:26.600781,-15.02,0.0,566884.0,0.0,89.12,28.9,0,0,0,0,-15.02,-2.46,5.0,0.0,0
1789648886.6216037,2026-09-17T18:11:26.621604,-15.02,0.0,566884.0,0.0,89.12,28.9,0,0,0,0,-15.02,-2.46,5.0,0.0,0
1789648886.641486,2026-09-17T18:11:26.641486,-15.02,0.0,566884.0,0.0,89.12,28.9,0,0,0,0,-15.02,-2.46,5.0,0.0,0
1789648886.6619067,2026-09-17T18:11:26.661907,-15.02,0.0,566884.0,0.0,89.12,28.9,0,0,0,0,-15.02,-2.46,5.0,0.0,0
1789648886.6810641,2026-09-17T18:11:26.681064,-15.02,0.0,566884.0,0.0,89.12,28.9,0,0,0,0,-15.02,-2.46,5.0,0.0,0
1789648886.7010522,2026-09-17T18:11:26.701052,-15.02,0.0,566884.0,0.0,89.12,28.9,0,0,0,0,-15.02,-2.46,5.0,0.0,0
1789648886.7215102,2026-09-17T18:11:26.721510,-15.02,0.0,566884.0,0.0,89.12,28.9,0,0,0,0,-15.02,-2.46,5.0,0.0,0
1789648886.741552,2026-09-17T18:11:26.741552,-15.02,0.0,566884.0,0.0,89.12,28.9,0,0,0,0,-15.02,-2.46,5.0,0.0,0
1789648886.7615309,2026-09-17T18:11:26.761531,-15.02,0.0,566884.0,0.0,89.12,28.9,0,0,0,0,-15.02,-2.46,5.0,0.0,0
1789648886.7809763,2026-09-17T18:11:26.780976,-15.02,0.0,566884.0,0.0,89.12,28.9,0,0,0,0,-15.02,-2.46,5.0,0.0,0
1789648886.8010786,2026-09-17T18:11:26.801079,-15.02,0.0,566884.0,0.0,89.12,28.9,0,0,0,0,-15.02,-2.46,5.0,0.0,0
1789648886.821884,2026-09-17T18:11:26.821884,-15.02,0.0,566884.0,0.0,89.12,28.9,0,0,0,0,-15.02,-2.46,5.0,0.0,0
1789648886.840708,2026-09-17T18:11:26.840708,-15.02,0.0,566884.0,0.0,89.12,28.9,0,0,0,0,-15.02,-2.46,5.0,0.0,0
1789648886.861286,2026-09-17T18:11:26.861286,-15.02,0.0,566884.0,0.0,89.12,28.9,0,0,0,0,-15.02,-2.46,5.0,0.0,0
1789648886.8821087,2026-09-17T18:11:26.882109,-15.02,0.0,566884.0,0.0,89.12,28.9,0,0,0,0,-15.02,-2.46,5.0,0.0,0
1789648886.9022748,2026-09-17T18:11:26.902275,-15.02,0.0,566884.0,0.0,89.12,28.9,0,0,0,0,-15.02,-2.46,5.0,0.0,0
1789648886.9215555,2026-09-17T18:11:26.921556,-15.02,0.0,566884.0,0.0,89.12,28.9,0,0,0,0,-15.02,-2.46,5.0,0.0,0
1789648886.942278,2026-09-17T18:11:26.942278,-15.02,0.0,566884.0,0.0,89.12,28.9,0,0,0,0,-15.02,-2.46,5.0,0.0,0
1789648886.9613507,2026-09-17T18:11:26.961351,-15.02,0.0,566884.0,0.0,89.12,28.9,0,0,0,0,-15.02,-2.46,5.0,0.0,0
1789648886.9810963,2026-09-17T18:11:26.981096,-15.02,0.0,566884.0,0.0,89.12,28.9,0,0,0,0,-15.02,-2.46,5.0,0.0,0
1789648887.001295,2026-09-17T18:11:27.001295,-15.02,0.0,566884.0,0.0,89.12,28.9,0,0,0,0,-15.02,-2.46,5.0,0.0,0
1789648887.0216925,2026-09-17T18:11:27.021693,-15.02,0.0,566884.0,0.0,89.12,28.9,0,0,0,0,-15.02,-2.46,5.0,0.0,0
1789648887.041694,2026-09-17T18:11:27.041694,-15.02,0.0,566884.0,0.0,89.12,28.9,0,0,0,0,-15.02,-2.46,5.0,0.0,0
1789648887.0613153,2026-09-17T18:11:27.061315,-15.02,0.0,566884.0,0.0,89.12,28.9,0,0,0,0,-15.02,-2.46,5.0,0.0,0
1789648887.0813208,2026-09-17T18:11:27.081321,-15.02,0.0,566884.0,0.0,89.12,28.9,0,0,0,0,-15.02,-2.46,5.0,0.0,0
1789648887.1014035,2026-09-17T18:11:27.101403,-15.02,0.0,566884.0,0.0,89.12,28.9,0,0,0,0,-15.02,-2.46,5.0,0.0,0
1789648887.121623,2026-09-17T18:11:27.121623,-15.02,0.0,566884.0,0.0,89.12,28.9,0,0,0,0,-15.02,-2.46,5.0,0.0,0
1789648887.1411045,2026-09-17T18:11:27.141104,-15.02,0.0,566884.0,0.0,89.12,28.9,0,0,0,0,-15.02,-2.46,5.0,0.0,0
1789648887.1616666,2026-09-17T18:11:27.161667,-15.02,0.0,566884.0,0.0,89.12,28.9,0,0,0,0,-15.02,-2.46,5.0,0.0,0
1789648887.1813216,2026-09-17T18:11:27.181322,-15.02,0.0,566884.0,0.0,89.12,28.9,0,0,0,0,-15.02,-2.46,5.0,0.0,0
1789648887.201775,2026-09-17T18:11:27.201775,-15.02,0.0,566884.0,0.0,89.12,28.9,0,0,0,0,-15.02,-2.46,5.0,0.0,0
1789648887.2218382,2026-09-17T18:11:27.221838,-15.02,0.0,566884.0,0.0,89.12,28.9,0,0,0,0,-15.02,-2.46,5.0,0.0,0
1789648887.241354,2026-09-17T18:11:27.241354,-15.02,0.0,566884.0,0.0,89.12,28.9,0,0,0,0,-15.02,-2.46,5.0,0.0,0
1789648887.2618396,2026-09-17T18:11:27.261840,-15.02,0.0,566884.0,0.0,89.12,28.9,0,0,0,0,-15.02,-2.46,5.0,0.0,0
1789648887.2817414,2026-09-17T18:11:27.281741,-15.02,0.0,566884.0,0.0,89.12,28.9,0,0,0,0,-15.02,-2.46,5.0,0.0,0
1789648887.3017662,2026-09-17T18:11:27.301766,-14.71,0.0,566803.0,0.0,89.12,28.9,0,0,0,0,-14.71,-2.44,5.0,0.0,0
1789648887.3215814,2026-09-17T18:11:27.321581,-14.82,0.0,566803.0,0.0,89.12,28.9,0,0,0,0,-14.82,-2.44,5.0,0.0,0
1789648887.3412266,2026-09-17T18:11:27.341227,-14.82,0.0,566803.0,0.0,89.12,28.9,0,0,0,0,-14.82,-2.44,5.0,0.0,0
1789648887.3615532,2026-09-17T18:11:27.361553,-14.82,0.0,566803.0,0.0,89.12,28.9,0,0,0,0,-14.82,-2.44,5.0,0.0,0
1789648887.3814807,2026-09-17T18:11:27.381481,-14.82,0.0,566803.0,0.0,89.12,28.9,0,0,0,0,-14.82,-2.44,5.0,0.0,0
1789648887.4013083,2026-09-17T18:11:27.401308,-14.82,0.0,566803.0,0.0,89.12,28.9,0,0,0,0,-14.82,-2.44,5.0,0.0,0
1789648887.4219027,2026-09-17T18:11:27.421903,-14.82,0.0,566803.0,0.0,89.12,28.9,0,0,0,0,-14.82,-2.44,5.0,0.0,0
1789648887.4420931,2026-09-17T18:11:27.442093,-14.82,0.0,566803.0,0.0,89.12,28.9,0,0,0,0,-14.82,-2.44,5.0,0.0,0
1789648887.4615934,2026-09-17T18:11:27.461593,-14.82,0.0,566803.0,0.0,89.12,28.9,0,0,0,0,-14.82,-2.44,5.0,0.0,0
1789648887.4809935,2026-09-17T18:11:27.480994,-14.82,0.0,566803.0,0.0,89.12,28.9,0,0,0,0,-14.82,-2.44,5.0,0.0,0
1789648887.5011885,2026-09-17T18:11:27.501189,-14.82,0.0,566803.0,0.0,89.12,28.9,0,0,0,0,-14.82,-2.44,5.0,0.0,0
1789648887.5214312,2026-09-17T18:11:27.521431,-14.82,0.0,566803.0,0.0,89.12,28.9,0,0,0,0,-14.82,-2.44,5.0,0.0,0
1789648887.5407982,2026-09-17T18:11:27.540798,-14.82,0.0,566803.0,0.0,89.12,28.9,0,0,0,0,-14.82,-2.44,5.0,0.0,0
1789648887.5610538,2026-09-17T18:11:27.561054,-14.82,0.0,566803.0,0.0,89.12,28.9,0,0,0,0,-14.82,-2.44,5.0,0.0,0
1789648887.5811276,2026-09-17T18:11:27.581128,-14.82,0.0,566803.0,0.0,89.12,28.9,0,0,0,0,-14.82,-2.44,5.0,0.0,0
1789648887.6012695,2026-09-17T18:11:27.601269,-14.82,0.0,566803.0,0.0,89.12,28.9,0,0,0,0,-14.82,-2.44,5.0,0.0,0
1789648887.6214848,2026-09-17T18:11:27.621485,-14.82,0.0,566803.0,0.0,89.12,28.9,0,0,0,0,-14.82,-2.44,5.0,0.0,0
1789648887.641511,2026-09-17T18:11:27.641511,-14.82,0.0,566803.0,0.0,89.12,28.9,0,0,0,0,-14.82,-2.44,5.0,0.0,0
1789648887.6611369,2026-09-17T18:11:27.661137,-14.82,0.0,566803.0,0.0,89.12,28.9,0,0,0,0,-14.82,-2.44,5.0,0.0,0
1789648887.6819303,2026-09-17T18:11:27.681930,-14.82,0.0,566803.0,0.0,89.12,28.9,0,0,0,0,-14.82,-2.44,5.0,0.0,0
1789648887.7016253,2026-09-17T18:11:27.701625,-14.82,0.0,566803.0,0.0,89.12,28.9,0,0,0,0,-14.82,-2.44,5.0,0.0,0
1789648887.7217178,2026-09-17T18:11:27.721718,-14.82,0.0,566803.0,0.0,89.12,28.9,0,0,0,0,-14.82,-2.44,5.0,0.0,0
1789648887.740797,2026-09-17T18:11:27.740797,-14.82,0.0,566803.0,0.0,89.12,28.9,0,0,0,0,-14.82,-2.44,5.0,0.0,0
1789648887.7615616,2026-09-17T18:11:27.761562,-14.82,0.0,566803.0,0.0,89.12,28.9,0,0,0,0,-14.82,-2.44,5.0,0.0,0
1789648887.7817974,2026-09-17T18:11:27.781797,-14.82,0.0,566803.0,0.0,89.12,28.9,0,0,0,0,-14.82,-2.44,5.0,0.0,0
1789648887.8012378,2026-09-17T18:11:27.801238,-14.82,0.0,566803.0,0.0,89.12,28.9,0,0,0,0,-14.82,-2.44,5.0,0.0,0
1789648887.8214223,2026-09-17T18:11:27.821422,-14.82,0.0,566803.0,0.0,89.12,28.9,0,0,0,0,-14.82,-2.44,5.0,0.0,0
1789648887.8411987,2026-09-17T18:11:27.841199,-14.82,0.0,566803.0,0.0,89.12,28.9,0,0,0,0,-14.82,-2.44,5.0,0.0,0
1789648887.8612678,2026-09-17T18:11:27.861268,-14.82,0.0,566803.0,0.0,89.12,28.9,0,0,0,0,-14.82,-2.44,5.0,0.0,0
1789648887.8807895,2026-09-17T18:11:27.880790,-14.82,0.0,566803.0,0.0,89.12,28.9,0,0,0,0,-14.82,-2.44,5.0,0.0,0
1789648887.9016547,2026-09-17T18:11:27.901655,-14.82,0.0,566803.0,0.0,89.12,28.9,0,0,0,0,-14.82,-2.44,5.0,0.0,0
1789648887.9209995,2026-09-17T18:11:27.921000,-14.82,0.0,566803.0,0.0,89.12,28.9,0,0,0,0,-14.82,-2.44,5.0,0.0,0
1789648887.9408143,2026-09-17T18:11:27.940814,-14.82,0.0,566803.0,0.0,89.12,28.9,0,0,0,0,-14.82,-2.44,5.0,0.0,0
1789648887.9608376,2026-09-17T18:11:27.960838,-14.82,0.0,566803.0,0.0,89.12,28.9,0,0,0,0,-14.82,-2.44,5.0,0.0,0
1789648887.981052,2026-09-17T18:11:27.981052,-14.82,0.0,566803.0,0.0,89.12,28.9,0,0,0,0,-14.82,-2.44,5.0,0.0,0
1789648888.0009906,2026-09-17T18:11:28.000991,-14.82,0.0,566803.0,0.0,89.12,28.9,0,0,0,0,-14.82,-2.44,5.0,0.0,0
1789648888.021616,2026-09-17T18:11:28.021616,-14.82,0.0,566803.0,0.0,89.12,28.9,0,0,0,0,-14.82,-2.44,5.0,0.0,0
1789648888.0413594,2026-09-17T18:11:28.041359,-14.82,0.0,566803.0,0.0,89.12,28.9,0,0,0,0,-14.82,-2.44,5.0,0.0,0
1789648888.061349,2026-09-17T18:11:28.061349,-14.82,0.0,566803.0,0.0,89.12,28.9,0,0,0,0,-14.82,-2.44,5.0,0.0,0
1789648888.0817924,2026-09-17T18:11:28.081792,-14.82,0.0,566803.0,0.0,89.12,28.9,0,0,0,0,-14.82,-2.44,5.0,0.0,0
1789648888.1017365,2026-09-17T18:11:28.101737,-14.82,0.0,566803.0,0.0,89.12,28.9,0,0,0,0,-14.82,-2.44,5.0,0.0,0
1789648888.1214738,2026-09-17T18:11:28.121474,-14.82,0.0,566803.0,0.0,89.12,28.9,0,0,0,0,-14.82,-2.44,5.0,0.0,0
1789648888.141332,2026-09-17T18:11:28.141332,-14.82,0.0,566803.0,0.0,89.12,28.9,0,0,0,0,-14.82,-2.44,5.0,0.0,0
1789648888.1616979,2026-09-17T18:11:28.161698,-14.82,0.0,566803.0,0.0,89.12,28.9,0,0,0,0,-14.82,-2.44,5.0,0.0,0
1789648888.1811788,2026-09-17T18:11:28.181179,-14.82,0.0,566803.0,0.0,89.12,28.9,0,0,0,0,-14.82,-2.44,5.0,0.0,0
1789648888.2014375,2026-09-17T18:11:28.201437,-14.82,0.0,566803.0,0.0,89.12,28.9,0,0,0,0,-14.82,-2.44,5.0,0.0,0
1789648888.221628,2026-09-17T18:11:28.221628,-14.82,0.0,566803.0,0.0,89.12,28.9,0,0,0,0,-14.82,-2.44,5.0,0.0,0
1789648888.2411177,2026-09-17T18:11:28.241118,-14.82,0.0,566803.0,0.0,89.12,28.9,0,0,0,0,-14.82,-2.44,5.0,0.0,0
1789648888.2612903,2026-09-17T18:11:28.261290,-14.82,0.0,566803.0,0.0,89.12,28.9,0,0,0,0,-14.82,-2.44,5.0,0.0,0
1789648888.2815716,2026-09-17T18:11:28.281572,-14.82,0.0,566803.0,0.0,89.12,28.9,0,0,0,0,-14.82,-2.44,5.0,0.0,0
1789648888.3015928,2026-09-17T18:11:28.301593,-14.82,0.0,566803.0,0.0,89.12,28.9,0,0,0,0,-14.82,-2.44,5.0,0.0,0
1789648888.3216171,2026-09-17T18:11:28.321617,-14.82,0.0,566803.0,0.0,89.12,28.9,0,0,0,0,-14.82,-2.44,5.0,0.0,0
1789648888.3408709,2026-09-17T18:11:28.340871,-14.82,0.0,566803.0,0.0,89.12,28.9,0,0,0,0,-14.82,-2.44,5.0,0.0,0
1789648888.3611417,2026-09-17T18:11:28.361142,-14.82,0.0,566803.0,0.0,89.12,28.9,0,0,0,0,-14.82,-2.44,5.0,0.0,0
1789648888.3814223,2026-09-17T18:11:28.381422,-14.82,0.0,566803.0,0.0,89.12,28.9,0,0,0,0,-14.82,-2.44,5.0,0.0,0
1789648888.4018908,2026-09-17T18:11:28.401891,-14.94,0.0,566825.0,0.0,90.18,28.9,0,0,0,0,-14.94,-2.46,5.0,0.0,0
1789648888.4212554,2026-09-17T18:11:28.421255,-15.09,0.0,566825.0,0.0,90.18,28.9,0,0,0,0,-15.09,-2.47,5.0,0.0,0
1789648888.4414883,2026-09-17T18:11:28.441488,-15.27,0.0,566825.0,0.0,90.18,28.9,0,0,0,0,-15.27,-2.45,5.0,0.0,0
1789648888.4610322,2026-09-17T18:11:28.461032,-12.34,0.0,566825.0,0.0,90.18,28.9,0,0,0,0,-12.34,-3.13,5.0,0.0,0
1789648888.4820414,2026-09-17T18:11:28.482041,-12.46,0.0,566825.0,0.0,90.18,28.9,0,0,0,0,-12.46,-3.12,5.0,0.0,0
1789648888.5011282,2026-09-17T18:11:28.501128,-12.46,0.0,566825.0,0.0,90.18,28.9,0,0,0,0,-12.46,-3.12,5.0,0.0,0
1789648888.52143,2026-09-17T18:11:28.521430,-12.46,0.0,566825.0,0.0,90.18,28.9,0,0,0,0,-12.46,-3.12,5.0,0.0,0
1789648888.5417936,2026-09-17T18:11:28.541794,-12.46,0.0,566825.0,0.0,90.18,28.9,0,0,0,0,-12.46,-3.12,5.0,0.0,0
1789648888.561548,2026-09-17T18:11:28.561548,-12.46,0.0,566825.0,0.0,90.18,28.9,0,0,0,0,-12.46,-3.12,5.0,0.0,0
1789648888.5815573,2026-09-17T18:11:28.581557,-12.46,0.0,566825.0,0.0,90.18,28.9,0,0,0,0,-12.46,-3.12,5.0,0.0,0
1789648888.6015966,2026-09-17T18:11:28.601597,-12.46,0.0,566825.0,0.0,90.18,28.9,0,0,0,0,-12.46,-3.12,5.0,0.0,0
1789648888.6210804,2026-09-17T18:11:28.621080,-12.46,0.0,566825.0,0.0,90.18,28.9,0,0,0,0,-12.46,-3.12,5.0,0.0,0
1789648888.6410568,2026-09-17T18:11:28.641057,-12.46,0.0,566825.0,0.0,90.18,28.9,0,0,0,0,-12.46,-3.12,5.0,0.0,0
1789648888.6615303,2026-09-17T18:11:28.661530,-12.46,0.0,566825.0,0.0,90.18,28.9,0,0,0,0,-12.46,-3.12,5.0,0.0,0
1789648888.6818597,2026-09-17T18:11:28.681860,-12.46,0.0,566825.0,0.0,90.18,28.9,0,0,0,0,-12.46,-3.12,5.0,0.0,0
1789648888.7015905,2026-09-17T18:11:28.701591,-12.46,0.0,566825.0,0.0,90.18,28.9,0,0,0,0,-12.46,-3.12,5.0,0.0,0
1789648888.7211313,2026-09-17T18:11:28.721131,-12.46,0.0,566825.0,0.0,90.18,28.9,0,0,0,0,-12.46,-3.12,5.0,0.0,0
1789648888.741106,2026-09-17T18:11:28.741106,-12.46,0.0,566825.0,0.0,90.18,28.9,0,0,0,0,-12.46,-3.12,5.0,0.0,0
1789648888.76117,2026-09-17T18:11:28.761170,-12.46,0.0,566825.0,0.0,90.18,28.9,0,0,0,0,-12.46,-3.12,5.0,0.0,0
1789648888.7813334,2026-09-17T18:11:28.781333,-12.46,0.0,566825.0,0.0,90.18,28.9,0,0,0,0,-12.46,-3.12,5.0,0.0,0
1789648888.8010573,2026-09-17T18:11:28.801057,-12.46,0.0,566825.0,0.0,90.18,28.9,0,0,0,0,-12.46,-3.12,5.0,0.0,0
1789648888.8218417,2026-09-17T18:11:28.821842,-12.46,0.0,566825.0,0.0,90.18,28.9,0,0,0,0,-12.46,-3.12,5.0,0.0,0
1789648888.841913,2026-09-17T18:11:28.841913,-12.46,0.0,566825.0,0.0,90.18,28.9,0,0,0,0,-12.46,-3.12,5.0,0.0,0
1789648888.8617356,2026-09-17T18:11:28.861736,-12.46,0.0,566825.0,0.0,90.18,28.9,0,0,0,0,-12.46,-3.12,5.0,0.0,0
1789648888.8818934,2026-09-17T18:11:28.881893,-12.46,0.0,566825.0,0.0,90.18,28.9,0,0,0,0,-12.46,-3.12,5.0,0.0,0
1789648888.9009514,2026-09-17T18:11:28.900951,-12.46,0.0,566825.0,0.0,90.18,28.9,0,0,0,0,-12.46,-3.12,5.0,0.0,0
1789648888.9208293,2026-09-17T18:11:28.920829,-12.46,0.0,566825.0,0.0,90.18,28.9,0,0,0,0,-12.46,-3.12,5.0,0.0,0
1789648888.9410725,2026-09-17T18:11:28.941072,-12.46,0.0,566825.0,0.0,90.18,28.9,0,0,0,0,-12.46,-3.12,5.0,0.0,0
1789648888.9613252,2026-09-17T18:11:28.961325,-12.46,0.0,566825.0,0.0,90.18,28.9,0,0,0,0,-12.46,-3.12,5.0,0.0,0
1789648888.981653,2026-09-17T18:11:28.981653,-12.46,0.0,566825.0,0.0,90.18,28.9,0,0,0,0,-12.46,-3.12,5.0,0.0,0
1789648889.0009873,2026-09-17T18:11:29.000987,-12.46,0.0,566825.0,0.0,90.18,28.9,0,0,0,0,-12.46,-3.12,5.0,0.0,0
1789648889.0212345,2026-09-17T18:11:29.021235,-12.46,0.0,566825.0,0.0,90.18,28.9,0,0,0,0,-12.46,-3.12,5.0,0.0,0
1789648889.0411263,2026-09-17T18:11:29.041126,-12.46,0.0,566825.0,0.0,90.18,28.9,0,0,0,0,-12.46,-3.12,5.0,0.0,0
1789648889.0619051,2026-09-17T18:11:29.061905,-12.46,0.0,566825.0,0.0,90.18,28.9,0,0,0,0,-12.46,-3.12,5.0,0.0,0
1789648889.0818987,2026-09-17T18:11:29.081899,-12.46,0.0,566825.0,0.0,90.18,28.9,0,0,0,0,-12.46,-3.12,5.0,0.0,0
1789648889.1013906,2026-09-17T18:11:29.101391,-12.46,0.0,566825.0,0.0,90.18,28.9,0,0,0,0,-12.46,-3.12,5.0,0.0,0
1789648889.1216037,2026-09-17T18:11:29.121604,-12.46,0.0,566825.0,0.0,90.18,28.9,0,0,0,0,-12.46,-3.12,5.0,0.0,0
1789648889.1414201,2026-09-17T18:11:29.141420,-12.46,0.0,566825.0,0.0,90.18,28.9,0,0,0,0,-12.46,-3.12,5.0,0.0,0
1789648889.1614664,2026-09-17T18:11:29.161466,-12.46,0.0,566825.0,0.0,90.18,28.9,0,0,0,0,-12.46,-3.12,5.0,0.0,0
1789648889.1813307,2026-09-17T18:11:29.181331,-12.46,0.0,566825.0,0.0,90.18,28.9,0,0,0,0,-12.46,-3.12,5.0,0.0,0
1789648889.2010555,2026-09-17T18:11:29.201056,-12.46,0.0,566825.0,0.0,90.18,28.9,0,0,0,0,-12.46,-3.12,5.0,0.0,0
1789648889.2210255,2026-09-17T18:11:29.221025,-12.46,0.0,566825.0,0.0,90.18,28.9,0,0,0,0,-12.46,-3.12,5.0,0.0,0
1789648889.2420614,2026-09-17T18:11:29.242061,-12.46,0.0,566825.0,0.0,90.18,28.9,0,0,0,0,-12.46,-3.12,5.0,0.0,0
1789648889.2620094,2026-09-17T18:11:29.262009,-12.46,0.0,566825.0,0.0,90.18,28.9,0,0,0,0,-12.46,-3.12,5.0,0.0,0
1789648889.2812638,2026-09-17T18:11:29.281264,-12.46,0.0,566825.0,0.0,90.18,28.9,0,0,0,0,-12.46,-3.12,5.0,0.0,0
1789648889.3009467,2026-09-17T18:11:29.300947,-12.46,0.0,566825.0,0.0,90.18,28.9,0,0,0,0,-12.46,-3.12,5.0,0.0,0
1789648889.3207896,2026-09-17T18:11:29.320790,-12.46,0.0,566825.0,0.0,90.18,28.9,0,0,0,0,-12.46,-3.12,5.0,0.0,0
1789648889.3416295,2026-09-17T18:11:29.341630,-12.46,0.0,566825.0,0.0,90.18,28.9,0,0,0,0,-12.46,-3.12,5.0,0.0,0
1789648889.361146,2026-09-17T18:11:29.361146,-12.46,0.0,566825.0,0.0,90.18,28.9,0,0,0,0,-12.46,-3.12,5.0,0.0,0
1789648889.3815348,2026-09-17T18:11:29.381535,-12.46,0.0,566825.0,0.0,90.18,28.9,0,0,0,0,-12.46,-3.12,5.0,0.0,0
1789648889.401788,2026-09-17T18:11:29.401788,-12.46,0.0,566825.0,0.0,90.18,28.9,0,0,0,0,-12.46,-3.12,5.0,0.0,0
1789648889.4216633,2026-09-17T18:11:29.421663,-12.46,0.0,566825.0,0.0,90.18,28.9,0,0,0,0,-12.46,-3.12,5.0,0.0,0
1789648889.4413302,2026-09-17T18:11:29.441330,-12.46,0.0,566825.0,0.0,90.18,28.9,0,0,0,0,-12.46,-3.12,5.0,0.0,0
1789648889.4617846,2026-09-17T18:11:29.461785,-12.46,0.0,566825.0,0.0,90.18,28.9,0,0,0,0,-12.46,-3.12,5.0,0.0,0
1789648889.4815056,2026-09-17T18:11:29.481506,-12.46,0.0,566825.0,0.0,90.18,28.9,0,0,0,0,-12.46,-3.12,5.0,0.0,0
1789648889.5014803,2026-09-17T18:11:29.501480,-12.14,0.0,566806.0,0.0,90.18,28.9,0,0,0,0,-12.14,-4.62,5.0,0.0,0
1789648889.5208678,2026-09-17T18:11:29.520868,-12.14,0.0,566806.0,0.0,90.18,28.9,0,0,0,0,-12.14,-4.62,5.0,0.0,0
1789648889.5410593,2026-09-17T18:11:29.541059,-12.14,0.0,566806.0,0.0,90.18,28.9,0,0,0,0,-12.14,-4.62,5.0,0.0,0
1789648889.561834,2026-09-17T18:11:29.561834,-12.14,0.0,566806.0,0.0,90.18,28.9,0,0,0,0,-12.14,-4.62,5.0,0.0,0
1789648889.5813148,2026-09-17T18:11:29.581315,-12.14,0.0,566806.0,0.0,90.18,28.9,0,0,0,0,-12.14,-4.62,5.0,0.0,0
1789648889.601784,2026-09-17T18:11:29.601784,-12.14,0.0,566806.0,0.0,90.18,28.9,0,0,0,0,-12.14,-4.62,5.0,0.0,0
1789648889.6215475,2026-09-17T18:11:29.621547,-12.14,0.0,566806.0,0.0,90.18,28.9,0,0,0,0,-12.14,-4.62,5.0,0.0,0
1789648889.6411104,2026-09-17T18:11:29.641110,-12.14,0.0,566806.0,0.0,90.18,28.9,0,0,0,0,-12.14,-4.62,5.0,0.0,0
1789648889.661529,2026-09-17T18:11:29.661529,-12.14,0.0,566806.0,0.0,90.18,28.9,0,0,0,0,-12.14,-4.62,5.0,0.0,0
1789648889.6817822,2026-09-17T18:11:29.681782,-12.14,0.0,566806.0,0.0,90.18,28.9,0,0,0,0,-12.14,-4.62,5.0,0.0,0
1789648889.7021534,2026-09-17T18:11:29.702153,-12.14,0.0,566806.0,0.0,90.18,28.9,0,0,0,0,-12.14,-4.62,5.0,0.0,0
1789648889.722235,2026-09-17T18:11:29.722235,-12.14,0.0,566806.0,0.0,90.18,28.9,0,0,0,0,-12.14,-4.62,5.0,0.0,0
1789648889.7413127,2026-09-17T18:11:29.741313,-12.14,0.0,566806.0,0.0,90.18,28.9,0,0,0,0,-12.14,-4.62,5.0,0.0,0
1789648889.762249,2026-09-17T18:11:29.762249,-12.14,0.0,566806.0,0.0,90.18,28.9,0,0,0,0,-12.14,-4.62,5.0,0.0,0
1789648889.78173,2026-09-17T18:11:29.781730,-12.14,0.0,566806.0,0.0,90.18,28.9,0,0,0,0,-12.14,-4.62,5.0,0.0,0
1789648889.8017414,2026-09-17T18:11:29.801741,-12.14,0.0,566806.0,0.0,90.18,28.9,0,0,0,0,-12.14,-4.62,5.0,0.0,0
1789648889.8214774,2026-09-17T18:11:29.821477,-12.14,0.0,566806.0,0.0,90.18,28.9,0,0,0,0,-12.14,-4.62,5.0,0.0,0
1789648889.8416922,2026-09-17T18:11:29.841692,-12.14,0.0,566806.0,0.0,90.18,28.9,0,0,0,0,-12.14,-4.62,5.0,0.0,0
1789648889.8616045,2026-09-17T18:11:29.861604,-12.14,0.0,566806.0,0.0,90.18,28.9,0,0,0,0,-12.14,-4.62,5.0,0.0,0
1789648889.8811967,2026-09-17T18:11:29.881197,-12.14,0.0,566806.0,0.0,90.18,28.9,0,0,0,0,-12.14,-4.62,5.0,0.0,0
1789648889.9017432,2026-09-17T18:11:29.901743,-12.14,0.0,566806.0,0.0,90.18,28.9,0,0,0,0,-12.14,-4.62,5.0,0.0,0
1789648889.9214306,2026-09-17T18:11:29.921431,-12.14,0.0,566806.0,0.0,90.18,28.9,0,0,0,0,-12.14,-4.62,5.0,0.0,0
1789648889.941064,2026-09-17T18:11:29.941064,-12.14,0.0,566806.0,0.0,90.18,28.9,0,0,0,0,-12.14,-4.62,5.0,0.0,0
1789648889.9617236,2026-09-17T18:11:29.961724,-12.14,0.0,566806.0,0.0,90.18,28.9,0,0,0,0,-12.14,-4.62,5.0,0.0,0
1789648889.9812026,2026-09-17T18:11:29.981203,-12.14,0.0,566806.0,0.0,90.18,28.9,0,0,0,0,-12.14,-4.62,5.0,0.0,0
1789648890.0011325,2026-09-17T18:11:30.001132,-12.14,0.0,566806.0,0.0,90.18,28.9,0,0,0,0,-12.14,-4.62,5.0,0.0,0
1789648890.021856,2026-09-17T18:11:30.021856,-12.14,0.0,566806.0,0.0,90.18,28.9,0,0,0,0,-12.14,-4.62,5.0,0.0,0
1789648890.0413077,2026-09-17T18:11:30.041308,-12.14,0.0,566806.0,0.0,90.18,28.9,0,0,0,0,-12.14,-4.62,5.0,0.0,0
1789648890.0617285,2026-09-17T18:11:30.061728,-12.14,0.0,566806.0,0.0,90.18,28.9,0,0,0,0,-12.14,-4.62,5.0,0.0,0
1789648890.0812387,2026-09-17T18:11:30.081239,-12.14,0.0,566806.0,0.0,90.18,28.9,0,0,0,0,-12.14,-4.62,5.0,0.0,0
1789648890.101388,2026-09-17T18:11:30.101388,-12.14,0.0,566806.0,0.0,90.18,28.9,0,0,0,0,-12.14,-4.62,5.0,0.0,0
1789648890.1210387,2026-09-17T18:11:30.121039,-12.14,0.0,566806.0,0.0,90.18,28.9,0,0,0,0,-12.14,-4.62,5.0,0.0,0
1789648890.1413271,2026-09-17T18:11:30.141327,-12.14,0.0,566806.0,0.0,90.18,28.9,0,0,0,0,-12.14,-4.62,5.0,0.0,0
1789648890.1612718,2026-09-17T18:11:30.161272,-12.14,0.0,566806.0,0.0,90.18,28.9,0,0,0,0,-12.14,-4.62,5.0,0.0,0
1789648890.1809742,2026-09-17T18:11:30.180974,-12.14,0.0,566806.0,0.0,90.18,28.9,0,0,0,0,-12.14,-4.62,5.0,0.0,0
1789648890.2014563,2026-09-17T18:11:30.201456,-12.14,0.0,566806.0,0.0,90.18,28.9,0,0,0,0,-12.14,-4.62,5.0,0.0,0
1789648890.2217283,2026-09-17T18:11:30.221728,-12.14,0.0,566806.0,0.0,90.18,28.9,0,0,0,0,-12.14,-4.62,5.0,0.0,0
1789648890.2419329,2026-09-17T18:11:30.241933,-12.14,0.0,566806.0,0.0,90.18,28.9,0,0,0,0,-12.14,-4.62,5.0,0.0,0
1789648890.2613993,2026-09-17T18:11:30.261399,-12.14,0.0,566806.0,0.0,90.18,28.9,0,0,0,0,-12.14,-4.62,5.0,0.0,0
1789648890.2817624,2026-09-17T18:11:30.281762,-12.14,0.0,566806.0,0.0,90.18,28.9,0,0,0,0,-12.14,-4.62,5.0,0.0,0
1789648890.301749,2026-09-17T18:11:30.301749,-12.14,0.0,566806.0,0.0,90.18,28.9,0,0,0,0,-12.14,-4.62,5.0,0.0,0
1789648890.3212514,2026-09-17T18:11:30.321251,-12.14,0.0,566806.0,0.0,90.18,28.9,0,0,0,0,-12.14,-4.62,5.0,0.0,0
1789648890.3412595,2026-09-17T18:11:30.341259,-12.14,0.0,566806.0,0.0,90.18,28.9,0,0,0,0,-12.14,-4.62,5.0,0.0,0
1789648890.3612707,2026-09-17T18:11:30.361271,-12.14,0.0,566806.0,0.0,90.18,28.9,0,0,0,0,-12.14,-4.62,5.0,0.0,0
1789648890.381042,2026-09-17T18:11:30.381042,-12.14,0.0,566806.0,0.0,90.18,28.9,0,0,0,0,-12.14,-4.62,5.0,0.0,0
1789648890.4020424,2026-09-17T18:11:30.402042,-12.14,0.0,566806.0,0.0,90.18,28.9,0,0,0,0,-12.14,-4.62,5.0,0.0,0
1789648890.421734,2026-09-17T18:11:30.421734,-12.14,0.0,566806.0,0.0,90.18,28.9,0,0,0,0,-12.14,-4.62,5.0,0.0,0
1789648890.441733,2026-09-17T18:11:30.441733,-12.14,0.0,566806.0,0.0,90.18,28.9,0,0,0,0,-12.14,-4.62,5.0,0.0,0
1789648890.4617302,2026-09-17T18:11:30.461730,-12.14,0.0,566806.0,0.0,90.18,28.9,0,0,0,0,-12.14,-4.62,5.0,0.0,0
1789648890.4815547,2026-09-17T18:11:30.481555,-12.14,0.0,566806.0,0.0,90.18,28.9,0,0,0,0,-12.14,-4.62,5.0,0.0,0
1789648890.50175,2026-09-17T18:11:30.501750,-11.82,0.0,566844.0,0.0,90.0,28.9,0,0,0,0,-11.82,-4.55,5.0,0.0,0
1789648890.5218763,2026-09-17T18:11:30.521876,-11.82,0.0,566844.0,0.0,90.0,28.9,0,0,0,0,-11.82,-4.55,5.0,0.0,0
1789648890.541151,2026-09-17T18:11:30.541151,-11.82,0.0,566844.0,0.0,90.0,28.9,0,0,0,0,-11.82,-4.55,5.0,0.0,0
1789648890.5619364,2026-09-17T18:11:30.561936,-11.82,0.0,566844.0,0.0,90.0,28.9,0,0,0,0,-11.82,-4.55,5.0,0.0,0
1789648890.581573,2026-09-17T18:11:30.581573,-11.82,0.0,566844.0,0.0,90.0,28.9,0,0,0,0,-11.82,-4.55,5.0,0.0,0
1789648890.6008418,2026-09-17T18:11:30.600842,-11.82,0.0,566844.0,0.0,90.0,28.9,0,0,0,0,-11.82,-4.55,5.0,0.0,0
1789648890.6211023,2026-09-17T18:11:30.621102,-11.82,0.0,566844.0,0.0,90.0,28.9,0,0,0,0,-11.82,-4.55,5.0,0.0,0
1789648890.6412764,2026-09-17T18:11:30.641276,-11.82,0.0,566844.0,0.0,90.0,28.9,0,0,0,0,-11.82,-4.55,5.0,0.0,0
1789648890.6612966,2026-09-17T18:11:30.661297,-11.82,0.0,566844.0,0.0,90.0,28.9,0,0,0,0,-11.82,-4.55,5.0,0.0,0
1789648890.6815095,2026-09-17T18:11:30.681509,-11.82,0.0,566844.0,0.0,90.0,28.9,0,0,0,0,-11.82,-4.55,5.0,0.0,0
1789648890.7014017,2026-09-17T18:11:30.701402,-11.82,0.0,566844.0,0.0,90.0,28.9,0,0,0,0,-11.82,-4.55,5.0,0.0,0
1789648890.7212641,2026-09-17T18:11:30.721264,-11.82,0.0,566844.0,0.0,90.0,28.9,0,0,0,0,-11.82,-4.55,5.0,0.0,0
1789648890.74145,2026-09-17T18:11:30.741450,-11.82,0.0,566844.0,0.0,90.0,28.9,0,0,0,0,-11.82,-4.55,5.0,0.0,0
1789648890.7614498,2026-09-17T18:11:30.761450,-11.82,0.0,566844.0,0.0,90.0,28.9,0,0,0,0,-11.82,-4.55,5.0,0.0,0
1789648890.781715,2026-09-17T18:11:30.781715,-11.82,0.0,566844.0,0.0,90.0,28.9,0,0,0,0,-11.82,-4.55,5.0,0.0,0
1789648890.801697,2026-09-17T18:11:30.801697,-11.82,0.0,566844.0,0.0,90.0,28.9,0,0,0,0,-11.82,-4.55,5.0,0.0,0
1789648890.821494,2026-09-17T18:11:30.821494,-11.82,0.0,566844.0,0.0,90.0,28.9,0,0,0,0,-11.82,-4.55,5.0,0.0,0
1789648890.8411608,2026-09-17T18:11:30.841161,-11.82,0.0,566844.0,0.0,90.0,28.9,0,0,0,0,-11.82,-4.55,5.0,0.0,0
1789648890.8621686,2026-09-17T18:11:30.862169,-11.82,0.0,566844.0,0.0,90.0,28.9,0,0,0,0,-11.82,-4.55,5.0,0.0,0
1789648890.8812194,2026-09-17T18:11:30.881219,-11.82,0.0,566844.0,0.0,90.0,28.9,0,0,0,0,-11.82,-4.55,5.0,0.0,0
1789648890.9015493,2026-09-17T18:11:30.901549,-11.82,0.0,566844.0,0.0,90.0,28.9,0,0,0,0,-11.82,-4.55,5.0,0.0,0
1789648890.9217365,2026-09-17T18:11:30.921736,-11.82,0.0,566844.0,0.0,90.0,28.9,0,0,0,0,-11.82,-4.55,5.0,0.0,0
1789648890.9417372,2026-09-17T18:11:30.941737,-11.82,0.0,566844.0,0.0,90.0,28.9,0,0,0,0,-11.82,-4.55,5.0,0.0,0
1789648890.961239,2026-09-17T18:11:30.961239,-11.82,0.0,566844.0,0.0,90.0,28.9,0,0,0,0,-11.82,-4.55,5.0,0.0,0
1789648890.9813812,2026-09-17T18:11:30.981381,-11.82,0.0,566844.0,0.0,90.0,28.9,0,0,0,0,-11.82,-4.55,5.0,0.0,0
1789648891.0014427,2026-09-17T18:11:31.001443,-11.82,0.0,566844.0,0.0,90.0,28.9,0,0,0,0,-11.82,-4.55,5.0,0.0,0
1789648891.0215583,2026-09-17T18:11:31.021558,-11.82,0.0,566844.0,0.0,90.0,28.9,0,0,0,0,-11.82,-4.55,5.0,0.0,0
1789648891.0418913,2026-09-17T18:11:31.041891,-11.82,0.0,566844.0,0.0,90.0,28.9,0,0,0,0,-11.82,-4.55,5.0,0.0,0
1789648891.061376,2026-09-17T18:11:31.061376,-11.82,0.0,566844.0,0.0,90.0,28.9,0,0,0,0,-11.82,-4.55,5.0,0.0,0
1789648891.0818322,2026-09-17T18:11:31.081832,-11.82,0.0,566844.0,0.0,90.0,28.9,0,0,0,0,-11.82,-4.55,5.0,0.0,0
1789648891.101358,2026-09-17T18:11:31.101358,-11.82,0.0,566844.0,0.0,90.0,28.9,0,0,0,0,-11.82,-4.55,5.0,0.0,0
1789648891.1213572,2026-09-17T18:11:31.121357,-11.82,0.0,566844.0,0.0,90.0,28.9,0,0,0,0,-11.82,-4.55,5.0,0.0,0
1789648891.1413672,2026-09-17T18:11:31.141367,-11.82,0.0,566844.0,0.0,90.0,28.9,0,0,0,0,-11.82,-4.55,5.0,0.0,0
1789648891.1614454,2026-09-17T18:11:31.161445,-11.82,0.0,566844.0,0.0,90.0,28.9,0,0,0,0,-11.82,-4.55,5.0,0.0,0
1789648891.1819425,2026-09-17T18:11:31.181942,-11.82,0.0,566844.0,0.0,90.0,28.9,0,0,0,0,-11.82,-4.55,5.0,0.0,0
1789648891.2012818,2026-09-17T18:11:31.201282,-11.82,0.0,566844.0,0.0,90.0,28.9,0,0,0,0,-11.82,-4.55,5.0,0.0,0
1789648891.221296,2026-09-17T18:11:31.221296,-11.82,0.0,566844.0,0.0,90.0,28.9,0,0,0,0,-11.82,-4.55,5.0,0.0,0
1789648891.2413058,2026-09-17T18:11:31.241306,-11.82,0.0,566844.0,0.0,90.0,28.9,0,0,0,0,-11.82,-4.55,5.0,0.0,0
1789648891.2613506,2026-09-17T18:11:31.261351,-11.82,0.0,566844.0,0.0,90.0,28.9,0,0,0,0,-11.82,-4.55,5.0,0.0,0
1789648891.2815776,2026-09-17T18:11:31.281578,-11.82,0.0,566844.0,0.0,90.0,28.9,0,0,0,0,-11.82,-4.55,5.0,0.0,0
1789648891.3009698,2026-09-17T18:11:31.300970,-11.82,0.0,566844.0,0.0,90.0,28.9,0,0,0,0,-11.82,-4.55,5.0,0.0,0
1789648891.3217814,2026-09-17T18:11:31.321781,-11.82,0.0,566844.0,0.0,90.0,28.9,0,0,0,0,-11.82,-4.55,5.0,0.0,0
1789648891.3412828,2026-09-17T18:11:31.341283,-11.82,0.0,566844.0,0.0,90.0,28.9,0,0,0,0,-11.82,-4.55,5.0,0.0,0
1789648891.362102,2026-09-17T18:11:31.362102,-11.82,0.0,566844.0,0.0,90.0,28.9,0,0,0,0,-11.82,-4.55,5.0,0.0,0
1789648891.3821201,2026-09-17T18:11:31.382120,-11.82,0.0,566844.0,0.0,90.0,28.9,0,0,0,0,-11.82,-4.55,5.0,0.0,0
1789648891.4011223,2026-09-17T18:11:31.401122,-11.82,0.0,566844.0,0.0,90.0,28.9,0,0,0,0,-11.82,-4.55,5.0,0.0,0
1789648891.4212515,2026-09-17T18:11:31.421252,-11.82,0.0,566844.0,0.0,90.0,28.9,0,0,0,0,-11.82,-4.55,5.0,0.0,0
1789648891.4413323,2026-09-17T18:11:31.441332,-11.82,0.0,566844.0,0.0,90.0,28.9,0,0,0,0,-11.82,-4.55,5.0,0.0,0
1789648891.4608943,2026-09-17T18:11:31.460894,-11.82,0.0,566844.0,0.0,90.0,28.9,0,0,0,0,-11.82,-4.55,5.0,0.0,0
1789648891.4819038,2026-09-17T18:11:31.481904,-11.82,0.0,566844.0,0.0,90.0,28.9,0,0,0,0,-11.82,-4.55,5.0,0.0,0
1789648891.5017452,2026-09-17T18:11:31.501745,-11.82,0.0,566844.0,0.0,90.0,28.9,0,0,0,0,-11.82,-4.55,5.0,0.0,0
1789648891.5212662,2026-09-17T18:11:31.521266,-13.15,0.0,566893.0,0.0,89.74,28.9,0,0,0,0,-13.15,-4.4,5.0,0.0,0
1789648891.5412333,2026-09-17T18:11:31.541233,-15.06,0.0,566893.0,0.0,89.74,28.9,0,0,0,0,-15.06,-4.24,5.0,0.0,0
1789648891.5613568,2026-09-17T18:11:31.561357,-14.79,0.0,566893.0,0.0,89.74,28.9,0,0,0,0,-14.79,-4.12,5.0,0.0,0
1789648891.58188,2026-09-17T18:11:31.581880,-11.81,0.0,566893.0,0.0,89.74,28.9,0,0,0,0,-11.81,-4.29,5.0,0.0,0
1789648891.6017056,2026-09-17T18:11:31.601706,-11.92,0.0,566893.0,0.0,89.74,28.9,0,0,0,0,-11.92,-4.26,5.0,0.0,0
1789648891.621004,2026-09-17T18:11:31.621004,-11.92,0.0,566893.0,0.0,89.74,28.9,0,0,0,0,-11.92,-4.26,5.0,0.0,0
1789648891.642004,2026-09-17T18:11:31.642004,-11.92,0.0,566893.0,0.0,89.74,28.9,0,0,0,0,-11.92,-4.26,5.0,0.0,0
1789648891.6612372,2026-09-17T18:11:31.661237,-11.92,0.0,566893.0,0.0,89.74,28.9,0,0,0,0,-11.92,-4.26,5.0,0.0,0
1789648891.6811922,2026-09-17T18:11:31.681192,-11.92,0.0,566893.0,0.0,89.74,28.9,0,0,0,0,-11.92,-4.26,5.0,0.0,0
1789648891.701953,2026-09-17T18:11:31.701953,-11.92,0.0,566893.0,0.0,89.74,28.9,0,0,0,0,-11.92,-4.26,5.0,0.0,0
1789648891.722005,2026-09-17T18:11:31.722005,-11.92,0.0,566893.0,0.0,89.74,28.9,0,0,0,0,-11.92,-4.26,5.0,0.0,0
1789648891.7420113,2026-09-17T18:11:31.742011,-11.92,0.0,566893.0,0.0,89.74,28.9,0,0,0,0,-11.92,-4.26,5.0,0.0,0
1789648891.76134,2026-09-17T18:11:31.761340,-11.92,0.0,566893.0,0.0,89.74,28.9,0,0,0,0,-11.92,-4.26,5.0,0.0,0
1789648891.7816272,2026-09-17T18:11:31.781627,-11.92,0.0,566893.0,0.0,89.74,28.9,0,0,0,0,-11.92,-4.26,5.0,0.0,0
1789648891.8016925,2026-09-17T18:11:31.801692,-11.92,0.0,566893.0,0.0,89.74,28.9,0,0,0,0,-11.92,-4.26,5.0,0.0,0
1789648891.82163,2026-09-17T18:11:31.821630,-11.92,0.0,566893.0,0.0,89.74,28.9,0,0,0,0,-11.92,-4.26,5.0,0.0,0
1789648891.8418055,2026-09-17T18:11:31.841805,-11.92,0.0,566893.0,0.0,89.74,28.9,0,0,0,0,-11.92,-4.26,5.0,0.0,0
1789648891.8615863,2026-09-17T18:11:31.861586,-11.92,0.0,566893.0,0.0,89.74,28.9,0,0,0,0,-11.92,-4.26,5.0,0.0,0
1789648891.88184,2026-09-17T18:11:31.881840,-11.92,0.0,566893.0,0.0,89.74,28.9,0,0,0,0,-11.92,-4.26,5.0,0.0,0
1789648891.9018393,2026-09-17T18:11:31.901839,-11.92,0.0,566893.0,0.0,89.74,28.9,0,0,0,0,-11.92,-4.26,5.0,0.0,0
1789648891.9211829,2026-09-17T18:11:31.921183,-11.92,0.0,566893.0,0.0,89.74,28.9,0,0,0,0,-11.92,-4.26,5.0,0.0,0
1789648891.9411728,2026-09-17T18:11:31.941173,-11.92,0.0,566893.0,0.0,89.74,28.9,0,0,0,0,-11.92,-4.26,5.0,0.0,0
1789648891.9618013,2026-09-17T18:11:31.961801,-11.92,0.0,566893.0,0.0,89.74,28.9,0,0,0,0,-11.92,-4.26,5.0,0.0,0
1789648891.98187,2026-09-17T18:11:31.981870,-11.92,0.0,566893.0,0.0,89.74,28.9,0,0,0,0,-11.92,-4.26,5.0,0.0,0
1789648892.0018687,2026-09-17T18:11:32.001869,-11.92,0.0,566893.0,0.0,89.74,28.9,0,0,0,0,-11.92,-4.26,5.0,0.0,0
1789648892.0223134,2026-09-17T18:11:32.022313,-11.92,0.0,566893.0,0.0,89.74,28.9,0,0,0,0,-11.92,-4.26,5.0,0.0,0
1789648892.0422513,2026-09-17T18:11:32.042251,-11.92,0.0,566893.0,0.0,89.74,28.9,0,0,0,0,-11.92,-4.26,5.0,0.0,0
1789648892.0612504,2026-09-17T18:11:32.061250,-11.92,0.0,566893.0,0.0,89.74,28.9,0,0,0,0,-11.92,-4.26,5.0,0.0,0
1789648892.0819001,2026-09-17T18:11:32.081900,-11.92,0.0,566893.0,0.0,89.74,28.9,0,0,0,0,-11.92,-4.26,5.0,0.0,0
1789648892.1014788,2026-09-17T18:11:32.101479,-11.92,0.0,566893.0,0.0,89.74,28.9,0,0,0,0,-11.92,-4.26,5.0,0.0,0
1789648892.1214883,2026-09-17T18:11:32.121488,-11.92,0.0,566893.0,0.0,89.74,28.9,0,0,0,0,-11.92,-4.26,5.0,0.0,0
1789648892.1415818,2026-09-17T18:11:32.141582,-11.92,0.0,566893.0,0.0,89.74,28.9,0,0,0,0,-11.92,-4.26,5.0,0.0,0
1789648892.1617832,2026-09-17T18:11:32.161783,-11.92,0.0,566893.0,0.0,89.74,28.9,0,0,0,0,-11.92,-4.26,5.0,0.0,0
1789648892.1813872,2026-09-17T18:11:32.181387,-11.92,0.0,566893.0,0.0,89.74,28.9,0,0,0,0,-11.92,-4.26,5.0,0.0,0
1789648892.201866,2026-09-17T18:11:32.201866,-11.92,0.0,566893.0,0.0,89.74,28.9,0,0,0,0,-11.92,-4.26,5.0,0.0,0
1789648892.2218745,2026-09-17T18:11:32.221874,-11.92,0.0,566893.0,0.0,89.74,28.9,0,0,0,0,-11.92,-4.26,5.0,0.0,0
1789648892.2414823,2026-09-17T18:11:32.241482,-11.92,0.0,566893.0,0.0,89.74,28.9,0,0,0,0,-11.92,-4.26,5.0,0.0,0
1789648892.2612767,2026-09-17T18:11:32.261277,-11.92,0.0,566893.0,0.0,89.74,28.9,0,0,0,0,-11.92,-4.26,5.0,0.0,0
1789648892.2815216,2026-09-17T18:11:32.281522,-11.92,0.0,566893.0,0.0,89.74,28.9,0,0,0,0,-11.92,-4.26,5.0,0.0,0
1789648892.3019004,2026-09-17T18:11:32.301900,-11.92,0.0,566893.0,0.0,89.74,28.9,0,0,0,0,-11.92,-4.26,5.0,0.0,0
1789648892.3210976,2026-09-17T18:11:32.321098,-11.92,0.0,566893.0,0.0,89.74,28.9,0,0,0,0,-11.92,-4.26,5.0,0.0,0
1789648892.3411083,2026-09-17T18:11:32.341108,-11.92,0.0,566893.0,0.0,89.74,28.9,0,0,0,0,-11.92,-4.26,5.0,0.0,0
1789648892.3617368,2026-09-17T18:11:32.361737,-11.92,0.0,566893.0,0.0,89.74,28.9,0,0,0,0,-11.92,-4.26,5.0,0.0,0
1789648892.3818927,2026-09-17T18:11:32.381893,-11.92,0.0,566893.0,0.0,89.74,28.9,0,0,0,0,-11.92,-4.26,5.0,0.0,0
1789648892.4021263,2026-09-17T18:11:32.402126,-11.92,0.0,566893.0,0.0,89.74,28.9,0,0,0,0,-11.92,-4.26,5.0,0.0,0
1789648892.421594,2026-09-17T18:11:32.421594,-11.92,0.0,566893.0,0.0,89.74,28.9,0,0,0,0,-11.92,-4.26,5.0,0.0,0
1789648892.4417856,2026-09-17T18:11:32.441786,-11.92,0.0,566893.0,0.0,89.74,28.9,0,0,0,0,-11.92,-4.26,5.0,0.0,0
1789648892.4617677,2026-09-17T18:11:32.461768,-11.92,0.0,566893.0,0.0,89.74,28.9,0,0,0,0,-11.92,-4.26,5.0,0.0,0
1789648892.481685,2026-09-17T18:11:32.481685,-11.92,0.0,566893.0,0.0,89.74,28.9,0,0,0,0,-11.92,-4.26,5.0,0.0,0
1789648892.5022967,2026-09-17T18:11:32.502297,-11.92,0.0,566893.0,0.0,89.74,28.9,0,0,0,0,-11.92,-4.26,5.0,0.0,0
1789648892.5217578,2026-09-17T18:11:32.521758,-11.92,0.0,566893.0,0.0,89.74,28.9,0,0,0,0,-11.92,-4.26,5.0,0.0,0
1789648892.5412555,2026-09-17T18:11:32.541255,-11.92,0.0,566893.0,0.0,89.74,28.9,0,0,0,0,-11.92,-4.26,5.0,0.0,0
1789648892.5619142,2026-09-17T18:11:32.561914,-11.92,0.0,566893.0,0.0,89.74,28.9,0,0,0,0,-11.92,-4.26,5.0,0.0,0
1789648892.5818696,2026-09-17T18:11:32.581870,-11.92,0.0,566893.0,0.0,89.74,28.9,0,0,0,0,-11.92,-4.26,5.0,0.0,0
1789648892.601635,2026-09-17T18:11:32.601635,-11.92,0.0,566893.0,0.0,89.74,28.9,0,0,0,0,-11.92,-4.26,5.0,0.0,0
1789648892.6215975,2026-09-17T18:11:32.621598,-11.92,0.0,566893.0,0.0,89.74,28.9,0,0,0,0,-11.92,-4.26,5.0,0.0,0
1789648892.6413445,2026-09-17T18:11:32.641345,-11.92,0.0,566893.0,0.0,89.74,28.9,0,0,0,0,-11.92,-4.26,5.0,0.0,0
1789648892.6613035,2026-09-17T18:11:32.661304,-11.92,0.0,566893.0,0.0,89.74,28.9,0,0,0,0,-11.92,-4.26,5.0,0.0,0
1789648892.6811974,2026-09-17T18:11:32.681197,-11.92,0.0,566893.0,0.0,89.74,28.9,0,0,0,0,-11.92,-4.26,5.0,0.0,0
1789648892.701637,2026-09-17T18:11:32.701637,-11.92,0.0,566893.0,0.0,89.74,28.9,0,0,0,0,-11.92,-4.26,5.0,0.0,0
1789648892.7212458,2026-09-17T18:11:32.721246,-11.92,0.0,566893.0,0.0,89.74,28.9,0,0,0,0,-11.92,-4.26,5.0,0.0,0
1789648892.741618,2026-09-17T18:11:32.741618,-11.92,0.0,566893.0,0.0,89.74,28.9,0,0,0,0,-11.92,-4.26,5.0,0.0,0
1789648892.7615116,2026-09-17T18:11:32.761512,-11.92,0.0,566893.0,0.0,89.74,28.9,0,0,0,0,-11.92,-4.26,5.0,0.0,0
1789648892.7820978,2026-09-17T18:11:32.782098,-11.92,0.0,566893.0,0.0,89.74,28.9,0,0,0,0,-11.92,-4.26,5.0,0.0,0
1789648892.8013432,2026-09-17T18:11:32.801343,-11.92,0.0,566893.0,0.0,89.74,28.9,0,0,0,0,-11.92,-4.26,5.0,0.0,0
1789648892.8216765,2026-09-17T18:11:32.821676,-11.92,0.0,566893.0,0.0,89.74,28.9,0,0,0,0,-11.92,-4.26,5.0,0.0,0
1789648892.841942,2026-09-17T18:11:32.841942,-11.92,0.0,566893.0,0.0,89.74,28.9,0,0,0,0,-11.92,-4.26,5.0,0.0,0
1789648892.8616729,2026-09-17T18:11:32.861673,-11.92,0.0,566893.0,0.0,89.74,28.9,0,0,0,0,-11.92,-4.26,5.0,0.0,0
1789648892.8821194,2026-09-17T18:11:32.882119,-11.92,0.0,566893.0,0.0,89.74,28.9,0,0,0,0,-11.92,-4.26,5.0,0.0,0
1789648892.9019258,2026-09-17T18:11:32.901926,-11.92,0.0,566893.0,0.0,89.74,28.9,0,0,0,0,-11.92,-4.26,5.0,0.0,0
1789648892.9215639,2026-09-17T18:11:32.921564,-11.92,0.0,566893.0,0.0,89.74,28.9,0,0,0,0,-11.92,-4.26,5.0,0.0,0
1789648892.941738,2026-09-17T18:11:32.941738,-11.92,0.0,566893.0,0.0,89.74,28.9,0,0,0,0,-11.92,-4.26,5.0,0.0,0
1789648892.962477,2026-09-17T18:11:32.962477,-11.92,0.0,566893.0,0.0,89.74,28.9,0,0,0,0,-11.92,-4.26,5.0,0.0,0
1789648892.9811916,2026-09-17T18:11:32.981192,-11.92,0.0,566893.0,0.0,89.74,28.9,0,0,0,0,-11.92,-4.26,5.0,0.0,0
1789648893.0016754,2026-09-17T18:11:33.001675,-11.92,0.0,566893.0,0.0,89.74,28.9,0,0,0,0,-11.92,-4.26,5.0,0.0,0
1789648893.021473,2026-09-17T18:11:33.021473,-11.92,0.0,566893.0,0.0,89.74,28.9,0,0,0,0,-11.92,-4.26,5.0,0.0,0
1789648893.0418694,2026-09-17T18:11:33.041869,-11.92,0.0,566893.0,0.0,89.74,28.9,0,0,0,0,-11.92,-4.26,5.0,0.0,0
1789648893.0614645,2026-09-17T18:11:33.061465,-11.92,0.0,566893.0,0.0,89.74,28.9,0,0,0,0,-11.92,-4.26,5.0,0.0,0
1789648893.0812364,2026-09-17T18:11:33.081236,-11.92,0.0,566893.0,0.0,89.74,28.9,0,0,0,0,-11.92,-4.26,5.0,0.0,0
1789648893.1017513,2026-09-17T18:11:33.101751,-11.92,0.0,566893.0,0.0,89.74,28.9,0,0,0,0,-11.92,-4.26,5.0,0.0,0
1789648893.1215196,2026-09-17T18:11:33.121520,-11.92,0.0,566893.0,0.0,89.74,28.9,0,0,0,0,-11.92,-4.26,5.0,0.0,0
1789648893.1417825,2026-09-17T18:11:33.141783,-11.92,0.0,566893.0,0.0,89.74,28.9,0,0,0,0,-11.92,-4.26,5.0,0.0,0
1789648893.1618412,2026-09-17T18:11:33.161841,-11.92,0.0,566893.0,0.0,89.74,28.9,0,0,0,0,-11.92,-4.26,5.0,0.0,0
1789648893.1818266,2026-09-17T18:11:33.181827,-11.92,0.0,566893.0,0.0,89.74,28.9,0,0,0,0,-11.92,-4.26,5.0,0.0,0
1789648893.201353,2026-09-17T18:11:33.201353,-11.92,0.0,566893.0,0.0,89.74,28.9,0,0,0,0,-11.92,-4.26,5.0,0.0,0
1789648893.2209198,2026-09-17T18:11:33.220920,-11.92,0.0,566893.0,0.0,89.74,28.9,0,0,0,0,-11.92,-4.26,5.0,0.0,0
1789648893.2421014,2026-09-17T18:11:33.242101,-11.92,0.0,566893.0,0.0,89.74,28.9,0,0,0,0,-11.92,-4.26,5.0,0.0,0
1789648893.26196,2026-09-17T18:11:33.261960,-11.92,0.0,566893.0,0.0,89.74,28.9,0,0,0,0,-11.92,-4.26,5.0,0.0,0
1789648893.2815876,2026-09-17T18:11:33.281588,-11.92,0.0,566893.0,0.0,89.74,28.9,0,0,0,0,-11.92,-4.26,5.0,0.0,0
1789648893.3015277,2026-09-17T18:11:33.301528,-11.92,0.0,566893.0,0.0,89.74,28.9,0,0,0,0,-11.92,-4.26,5.0,0.0,0
1789648893.321963,2026-09-17T18:11:33.321963,-11.92,0.0,566893.0,0.0,89.74,28.9,0,0,0,0,-11.92,-4.26,5.0,0.0,0
1789648893.3409562,2026-09-17T18:11:33.340956,-11.92,0.0,566893.0,0.0,89.74,28.9,0,0,0,0,-11.92,-4.26,5.0,0.0,0
1789648893.361629,2026-09-17T18:11:33.361629,-11.92,0.0,566893.0,0.0,89.74,28.9,0,0,0,0,-11.92,-4.26,5.0,0.0,0
1789648893.3815863,2026-09-17T18:11:33.381586,-11.92,0.0,566893.0,0.0,89.74,28.9,0,0,0,0,-11.92,-4.26,5.0,0.0,0
1789648893.4016922,2026-09-17T18:11:33.401692,-11.92,0.0,566893.0,0.0,89.74,28.9,0,0,0,0,-11.92,-4.26,5.0,0.0,0
1789648893.4216633,2026-09-17T18:11:33.421663,-11.92,0.0,566893.0,0.0,89.74,28.9,0,0,0,0,-11.92,-4.26,5.0,0.0,0
1789648893.441824,2026-09-17T18:11:33.441824,-11.92,0.0,566893.0,0.0,89.74,28.9,0,0,0,0,-11.92,-4.26,5.0,0.0,0
1789648893.4618876,2026-09-17T18:11:33.461888,-11.92,0.0,566893.0,0.0,89.74,28.9,0,0,0,0,-11.92,-4.26,5.0,0.0,0
1789648893.4815133,2026-09-17T18:11:33.481513,-11.92,0.0,566893.0,0.0,89.74,28.9,0,0,0,0,-11.92,-4.26,5.0,0.0,0
1789648893.5017374,2026-09-17T18:11:33.501737,-11.92,0.0,566893.0,0.0,89.74,28.9,0,0,0,0,-11.92,-4.26,5.0,0.0,0
1789648893.521698,2026-09-17T18:11:33.521698,-11.92,0.0,566893.0,0.0,89.74,28.9,0,0,0,0,-11.92,-4.26,5.0,0.0,0
1789648893.5413215,2026-09-17T18:11:33.541322,-11.92,0.0,566893.0,0.0,89.74,28.9,0,0,0,0,-11.92,-4.26,5.0,0.0,0
1789648893.5615373,2026-09-17T18:11:33.561537,-11.92,0.0,566893.0,0.0,89.74,28.9,0,0,0,0,-11.92,-4.26,5.0,0.0,0
1789648893.5817735,2026-09-17T18:11:33.581774,-11.92,0.0,566893.0,0.0,89.74,28.9,0,0,0,0,-11.92,-4.26,5.0,0.0,0
1789648893.6018496,2026-09-17T18:11:33.601850,-11.92,0.0,566893.0,0.0,89.74,28.9,0,0,0,0,-11.92,-4.26,5.0,0.0,0
1789648893.623925,2026-09-17T18:11:33.623925,-11.84,0.0,566810.0,0.0,89.56,28.9,0,0,0,0,-11.84,-4.12,5.0,0.0,0
1789648893.6419291,2026-09-17T18:11:33.641929,-12.16,0.0,566810.0,0.0,89.56,28.9,0,0,0,0,-12.16,-4.03,5.0,0.0,0
1789648893.6622016,2026-09-17T18:11:33.662202,-12.48,0.0,566810.0,0.0,89.56,28.9,0,0,0,0,-12.48,-3.95,5.0,0.0,0
1789648893.682196,2026-09-17T18:11:33.682196,-12.48,0.0,566810.0,0.0,89.56,28.9,0,0,0,0,-12.48,-3.95,5.0,0.0,0
1789648893.7018757,2026-09-17T18:11:33.701876,-12.48,0.0,566810.0,0.0,89.56,28.9,0,0,0,0,-12.48,-3.95,5.0,0.0,0
1789648893.7217216,2026-09-17T18:11:33.721722,-12.48,0.0,566810.0,0.0,89.56,28.9,0,0,0,0,-12.48,-3.95,5.0,0.0,0
1789648893.7415395,2026-09-17T18:11:33.741539,-12.48,0.0,566810.0,0.0,89.56,28.9,0,0,0,0,-12.48,-3.95,5.0,0.0,0
1789648893.7627165,2026-09-17T18:11:33.762717,-12.48,0.0,566810.0,0.0,89.56,28.9,0,0,0,0,-12.48,-3.95,5.0,0.0,0
1789648893.782302,2026-09-17T18:11:33.782302,-12.48,0.0,566810.0,0.0,89.56,28.9,0,0,0,0,-12.48,-3.95,5.0,0.0,0
1789648893.8014534,2026-09-17T18:11:33.801453,-12.48,0.0,566810.0,0.0,89.56,28.9,0,0,0,0,-12.48,-3.95,5.0,0.0,0
1789648893.8218973,2026-09-17T18:11:33.821897,-12.48,0.0,566810.0,0.0,89.56,28.9,0,0,0,0,-12.48,-3.95,5.0,0.0,0
1789648893.8428483,2026-09-17T18:11:33.842848,-12.48,0.0,566810.0,0.0,89.56,28.9,0,0,0,0,-12.48,-3.95,5.0,0.0,0
1789648893.8616157,2026-09-17T18:11:33.861616,-12.48,0.0,566810.0,0.0,89.56,28.9,0,0,0,0,-12.48,-3.95,5.0,0.0,0
1789648893.8818352,2026-09-17T18:11:33.881835,-12.48,0.0,566810.0,0.0,89.56,28.9,0,0,0,0,-12.48,-3.95,5.0,0.0,0
1789648893.9020858,2026-09-17T18:11:33.902086,-12.48,0.0,566810.0,0.0,89.56,28.9,0,0,0,0,-12.48,-3.95,5.0,0.0,0
1789648893.9237366,2026-09-17T18:11:33.923737,-12.48,0.0,566810.0,0.0,89.56,28.9,0,0,0,0,-12.48,-3.95,5.0,0.0,0
1789648893.9435341,2026-09-17T18:11:33.943534,-12.48,0.0,566810.0,0.0,89.56,28.9,0,0,0,0,-12.48,-3.95,5.0,0.0,0
1789648893.9622328,2026-09-17T18:11:33.962233,-12.48,0.0,566810.0,0.0,89.56,28.9,0,0,0,0,-12.48,-3.95,5.0,0.0,0
1789648893.9811974,2026-09-17T18:11:33.981197,-12.48,0.0,566810.0,0.0,89.56,28.9,0,0,0,0,-12.48,-3.95,5.0,0.0,0
1789648894.0020354,2026-09-17T18:11:34.002035,-12.48,0.0,566810.0,0.0,89.56,28.9,0,0,0,0,-12.48,-3.95,5.0,0.0,0
1789648894.0213742,2026-09-17T18:11:34.021374,-12.48,0.0,566810.0,0.0,89.56,28.9,0,0,0,0,-12.48,-3.95,5.0,0.0,0
1789648894.0416622,2026-09-17T18:11:34.041662,-12.48,0.0,566810.0,0.0,89.56,28.9,0,0,0,0,-12.48,-3.95,5.0,0.0,0
1789648894.0615523,2026-09-17T18:11:34.061552,-12.48,0.0,566810.0,0.0,89.56,28.9,0,0,0,0,-12.48,-3.95,5.0,0.0,0
1789648894.082071,2026-09-17T18:11:34.082071,-12.48,0.0,566810.0,0.0,89.56,28.9,0,0,0,0,-12.48,-3.95,5.0,0.0,0
1789648894.1018326,2026-09-17T18:11:34.101833,-12.48,0.0,566810.0,0.0,89.56,28.9,0,0,0,0,-12.48,-3.95,5.0,0.0,0
1789648894.121999,2026-09-17T18:11:34.121999,-12.48,0.0,566810.0,0.0,89.56,28.9,0,0,0,0,-12.48,-3.95,5.0,0.0,0
1789648894.1615877,2026-09-17T18:11:34.161588,-12.48,0.0,566810.0,0.0,89.56,28.9,0,0,0,0,-12.48,-3.95,5.0,0.0,0
1789648894.1625957,2026-09-17T18:11:34.162596,-12.48,0.0,566810.0,0.0,89.56,28.9,0,0,0,0,-12.48,-3.95,5.0,0.0,0
1789648894.1816347,2026-09-17T18:11:34.181635,-12.48,0.0,566810.0,0.0,89.56,28.9,0,0,0,0,-12.48,-3.95,5.0,0.0,0
1789648894.2018797,2026-09-17T18:11:34.201880,-12.48,0.0,566810.0,0.0,89.56,28.9,0,0,0,0,-12.48,-3.95,5.0,0.0,0
1789648894.2220557,2026-09-17T18:11:34.222056,-12.48,0.0,566810.0,0.0,89.56,28.9,0,0,0,0,-12.48,-3.95,5.0,0.0,0
1789648894.2413063,2026-09-17T18:11:34.241306,-12.48,0.0,566810.0,0.0,89.56,28.9,0,0,0,0,-12.48,-3.95,5.0,0.0,0
1789648894.26176,2026-09-17T18:11:34.261760,-12.48,0.0,566810.0,0.0,89.56,28.9,0,0,0,0,-12.48,-3.95,5.0,0.0,0
1789648894.2818353,2026-09-17T18:11:34.281835,-12.48,0.0,566810.0,0.0,89.56,28.9,0,0,0,0,-12.48,-3.95,5.0,0.0,0
1789648894.3015506,2026-09-17T18:11:34.301551,-12.48,0.0,566810.0,0.0,89.56,28.9,0,0,0,0,-12.48,-3.95,5.0,0.0,0
1789648894.321441,2026-09-17T18:11:34.321441,-12.48,0.0,566810.0,0.0,89.56,28.9,0,0,0,0,-12.48,-3.95,5.0,0.0,0
1789648894.3416095,2026-09-17T18:11:34.341609,-12.48,0.0,566810.0,0.0,89.56,28.9,0,0,0,0,-12.48,-3.95,5.0,0.0,0
1789648894.3613791,2026-09-17T18:11:34.361379,-12.48,0.0,566810.0,0.0,89.56,28.9,0,0,0,0,-12.48,-3.95,5.0,0.0,0
1789648894.38191,2026-09-17T18:11:34.381910,-12.48,0.0,566810.0,0.0,89.56,28.9,0,0,0,0,-12.48,-3.95,5.0,0.0,0
1789648894.4027402,2026-09-17T18:11:34.402740,-12.48,0.0,566810.0,0.0,89.56,28.9,0,0,0,0,-12.48,-3.95,5.0,0.0,0
1789648894.421774,2026-09-17T18:11:34.421774,-12.48,0.0,566810.0,0.0,89.56,28.9,0,0,0,0,-12.48,-3.95,5.0,0.0,0
1789648894.4420464,2026-09-17T18:11:34.442046,-12.48,0.0,566810.0,0.0,89.56,28.9,0,0,0,0,-12.48,-3.95,5.0,0.0,0
1789648894.4611015,2026-09-17T18:11:34.461102,-12.48,0.0,566810.0,0.0,89.56,28.9,0,0,0,0,-12.48,-3.95,5.0,0.0,0
1789648894.4820592,2026-09-17T18:11:34.482059,-12.48,0.0,566810.0,0.0,89.56,28.9,0,0,0,0,-12.48,-3.95,5.0,0.0,0
1789648894.5006528,2026-09-17T18:11:34.500653,-12.48,0.0,566810.0,0.0,89.56,28.9,0,0,0,0,-12.48,-3.95,5.0,0.0,0
1789648894.5215278,2026-09-17T18:11:34.521528,-12.48,0.0,566810.0,0.0,89.56,28.9,0,0,0,0,-12.48,-3.95,5.0,0.0,0
1789648894.5421112,2026-09-17T18:11:34.542111,-12.48,0.0,566810.0,0.0,89.56,28.9,0,0,0,0,-12.48,-3.95,5.0,0.0,0
1789648894.5620754,2026-09-17T18:11:34.562075,-12.48,0.0,566810.0,0.0,89.56,28.9,0,0,0,0,-12.48,-3.95,5.0,0.0,0
1789648894.5814977,2026-09-17T18:11:34.581498,-12.48,0.0,566810.0,0.0,89.56,28.9,0,0,0,0,-12.48,-3.95,5.0,0.0,0
1789648894.6020815,2026-09-17T18:11:34.602082,-12.48,0.0,566810.0,0.0,89.56,28.9,0,0,0,0,-12.48,-3.95,5.0,0.0,0
1789648894.6228228,2026-09-17T18:11:34.622823,-12.48,0.0,566810.0,0.0,89.56,28.9,0,0,0,0,-12.48,-3.95,5.0,0.0,0
1789648894.6420128,2026-09-17T18:11:34.642013,-12.48,0.0,566810.0,0.0,89.56,28.9,0,0,0,0,-12.48,-3.95,5.0,0.0,0
1789648894.66127,2026-09-17T18:11:34.661270,-12.48,0.0,566810.0,0.0,89.56,28.9,0,0,0,0,-12.48,-3.95,5.0,0.0,0
1789648894.68155,2026-09-17T18:11:34.681550,-12.48,0.0,566810.0,0.0,89.56,28.9,0,0,0,0,-12.48,-3.95,5.0,0.0,0
1789648894.702218,2026-09-17T18:11:34.702218,-12.48,0.0,566810.0,0.0,89.56,28.9,0,0,0,0,-12.48,-3.95,5.0,0.0,0
1789648894.7221785,2026-09-17T18:11:34.722178,-12.48,0.0,566810.0,0.0,89.56,28.9,0,0,0,0,-12.48,-3.95,5.0,0.0,0
1789648894.7422945,2026-09-17T18:11:34.742295,-12.48,0.0,566810.0,0.0,89.56,28.9,0,0,0,0,-12.48,-3.95,5.0,0.0,0
1789648894.7618568,2026-09-17T18:11:34.761857,-12.48,0.0,566810.0,0.0,89.56,28.9,0,0,0,0,-12.48,-3.95,5.0,0.0,0
1789648894.781673,2026-09-17T18:11:34.781673,-12.48,0.0,566810.0,0.0,89.56,28.9,0,0,0,0,-12.48,-3.95,5.0,0.0,0
1789648894.8013833,2026-09-17T18:11:34.801383,-12.48,0.0,566810.0,0.0,89.56,28.9,0,0,0,0,-12.48,-3.95,5.0,0.0,0
1789648894.8213916,2026-09-17T18:11:34.821392,-12.48,0.0,566810.0,0.0,89.56,28.9,0,0,0,0,-12.48,-3.95,5.0,0.0,0
1789648894.8419936,2026-09-17T18:11:34.841994,-12.48,0.0,566810.0,0.0,89.56,28.9,0,0,0,0,-12.48,-3.95,5.0,0.0,0
1789648894.86145,2026-09-17T18:11:34.861450,-12.48,0.0,566810.0,0.0,89.56,28.9,0,0,0,0,-12.48,-3.95,5.0,0.0,0
1789648894.8816948,2026-09-17T18:11:34.881695,-12.48,0.0,566810.0,0.0,89.56,28.9,0,0,0,0,-12.48,-3.95,5.0,0.0,0
1789648894.9012809,2026-09-17T18:11:34.901281,-12.48,0.0,566810.0,0.0,89.56,28.9,0,0,0,0,-12.48,-3.95,5.0,0.0,0
1789648894.921113,2026-09-17T18:11:34.921113,-12.48,0.0,566810.0,0.0,89.56,28.9,0,0,0,0,-12.48,-3.95,5.0,0.0,0
1789648894.9410744,2026-09-17T18:11:34.941074,-12.48,0.0,566810.0,0.0,89.56,28.9,0,0,0,0,-12.48,-3.95,5.0,0.0,0
1789648894.9617379,2026-09-17T18:11:34.961738,-12.48,0.0,566810.0,0.0,89.56,28.9,0,0,0,0,-12.48,-3.95,5.0,0.0,0
1789648894.9816394,2026-09-17T18:11:34.981639,-12.48,0.0,566810.0,0.0,89.56,28.9,0,0,0,0,-12.48,-3.95,5.0,0.0,0
1789648895.0016093,2026-09-17T18:11:35.001609,-12.48,0.0,566810.0,0.0,89.56,28.9,0,0,0,0,-12.48,-3.95,5.0,0.0,0
1789648895.0217211,2026-09-17T18:11:35.021721,-12.48,0.0,566810.0,0.0,89.56,28.9,0,0,0,0,-12.48,-3.95,5.0,0.0,0
1789648895.041394,2026-09-17T18:11:35.041394,-12.48,0.0,566810.0,0.0,89.56,28.9,0,0,0,0,-12.48,-3.95,5.0,0.0,0
1789648895.0622556,2026-09-17T18:11:35.062256,-12.48,0.0,566810.0,0.0,89.56,28.9,0,0,0,0,-12.48,-3.95,5.0,0.0,0
1789648895.0819395,2026-09-17T18:11:35.081939,-12.48,0.0,566810.0,0.0,89.56,28.9,0,0,0,0,-12.48,-3.95,5.0,0.0,0
1789648895.1016781,2026-09-17T18:11:35.101678,-12.48,0.0,566810.0,0.0,89.56,28.9,0,0,0,0,-12.48,-3.95,5.0,0.0,0
1789648895.1220036,2026-09-17T18:11:35.122004,-12.48,0.0,566810.0,0.0,89.56,28.9,0,0,0,0,-12.48,-3.95,5.0,0.0,0
1789648895.1420102,2026-09-17T18:11:35.142010,-12.48,0.0,566810.0,0.0,89.56,28.9,0,0,0,0,-12.48,-3.95,5.0,0.0,0
1789648895.161244,2026-09-17T18:11:35.161244,-12.48,0.0,566810.0,0.0,89.56,28.9,0,0,0,0,-12.48,-3.95,5.0,0.0,0
1789648895.1820338,2026-09-17T18:11:35.182034,-12.48,0.0,566810.0,0.0,89.56,28.9,0,0,0,0,-12.48,-3.95,5.0,0.0,0
1789648895.2014372,2026-09-17T18:11:35.201437,-12.48,0.0,566810.0,0.0,89.56,28.9,0,0,0,0,-12.48,-3.95,5.0,0.0,0
1789648895.2236874,2026-09-17T18:11:35.223687,-12.48,0.0,566810.0,0.0,89.56,28.9,0,0,0,0,-12.48,-3.95,5.0,0.0,0
1789648895.2420435,2026-09-17T18:11:35.242043,-12.48,0.0,566810.0,0.0,89.56,28.9,0,0,0,0,-12.48,-3.95,5.0,0.0,0
1789648895.2623355,2026-09-17T18:11:35.262336,-12.48,0.0,566810.0,0.0,89.56,28.9,0,0,0,0,-12.48,-3.95,5.0,0.0,0
1789648895.2827203,2026-09-17T18:11:35.282720,-12.48,0.0,566810.0,0.0,89.56,28.9,0,0,0,0,-12.48,-3.95,5.0,0.0,0
1789648895.3018522,2026-09-17T18:11:35.301852,-12.48,0.0,566810.0,0.0,89.56,28.9,0,0,0,0,-12.48,-3.95,5.0,0.0,0
1789648895.3222356,2026-09-17T18:11:35.322236,-12.48,0.0,566810.0,0.0,89.56,28.9,0,0,0,0,-12.48,-3.95,5.0,0.0,0
1789648895.341733,2026-09-17T18:11:35.341733,-12.48,0.0,566810.0,0.0,89.56,28.9,0,0,0,0,-12.48,-3.95,5.0,0.0,0
1789648895.3619528,2026-09-17T18:11:35.361953,-12.48,0.0,566810.0,0.0,89.56,28.9,0,0,0,0,-12.48,-3.95,5.0,0.0,0
1789648895.3812754,2026-09-17T18:11:35.381275,-12.48,0.0,566810.0,0.0,89.56,28.9,0,0,0,0,-12.48,-3.95,5.0,0.0,0
1789648895.4014523,2026-09-17T18:11:35.401452,-12.48,0.0,566810.0,0.0,89.56,28.9,0,0,0,0,-12.48,-3.95,5.0,0.0,0
1789648895.4221218,2026-09-17T18:11:35.422122,-12.48,0.0,566810.0,0.0,89.56,28.9,0,0,0,0,-12.48,-3.95,5.0,0.0,0
1789648895.4413621,2026-09-17T18:11:35.441362,-12.48,0.0,566810.0,0.0,89.56,28.9,0,0,0,0,-12.48,-3.95,5.0,0.0,0
1789648895.4620461,2026-09-17T18:11:35.462046,-12.48,0.0,566810.0,0.0,89.56,28.9,0,0,0,0,-12.48,-3.95,5.0,0.0,0
1789648895.4813356,2026-09-17T18:11:35.481336,-12.48,0.0,566810.0,0.0,89.56,28.9,0,0,0,0,-12.48,-3.95,5.0,0.0,0
1789648895.5014796,2026-09-17T18:11:35.501480,-12.48,0.0,566810.0,0.0,89.56,28.9,0,0,0,0,-12.48,-3.95,5.0,0.0,0
1789648895.5213647,2026-09-17T18:11:35.521365,-12.48,0.0,566810.0,0.0,89.56,28.9,0,0,0,0,-12.48,-3.95,5.0,0.0,0
1789648895.542094,2026-09-17T18:11:35.542094,-12.48,0.0,566810.0,0.0,89.56,28.9,0,0,0,0,-12.48,-3.95,5.0,0.0,0
1789648895.5624118,2026-09-17T18:11:35.562412,-12.48,0.0,566810.0,0.0,89.56,28.9,0,0,0,0,-12.48,-3.95,5.0,0.0,0
1789648895.5811832,2026-09-17T18:11:35.581183,-12.48,0.0,566810.0,0.0,89.56,28.9,0,0,0,0,-12.48,-3.95,5.0,0.0,0
1789648895.602683,2026-09-17T18:11:35.602683,-12.48,0.0,566810.0,0.0,89.56,28.9,0,0,0,0,-12.48,-3.95,5.0,0.0,0
1789648895.6217296,2026-09-17T18:11:35.621730,-12.48,0.0,566810.0,0.0,89.56,28.9,0,0,0,0,-12.48,-3.95,5.0,0.0,0
1789648895.6414328,2026-09-17T18:11:35.641433,-12.48,0.0,566810.0,0.0,89.56,28.9,0,0,0,0,-12.48,-3.95,5.0,0.0,0
1789648895.661464,2026-09-17T18:11:35.661464,-12.48,0.0,566810.0,0.0,89.56,28.9,0,0,0,0,-12.48,-3.95,5.0,0.0,0
1789648895.6817436,2026-09-17T18:11:35.681744,-12.48,0.0,566810.0,0.0,89.56,28.9,0,0,0,0,-12.48,-3.95,5.0,0.0,0
1789648895.7015803,2026-09-17T18:11:35.701580,-12.48,0.0,566810.0,0.0,89.56,28.9,0,0,0,0,-12.48,-3.95,5.0,0.0,0
1789648895.7217455,2026-09-17T18:11:35.721745,-12.27,0.0,566805.0,0.0,89.56,28.9,0,0,0,0,-12.27,-3.87,5.0,0.0,0
1789648895.7419002,2026-09-17T18:11:35.741900,-12.57,0.0,566805.0,0.0,89.56,28.9,0,0,0,0,-12.57,-3.8,5.0,0.0,0
1789648895.761478,2026-09-17T18:11:35.761478,-12.57,0.0,566805.0,0.0,89.56,28.9,0,0,0,0,-12.57,-3.8,5.0,0.0,0
1789648895.78188,2026-09-17T18:11:35.781880,-12.57,0.0,566805.0,0.0,89.56,28.9,0,0,0,0,-12.57,-3.8,5.0,0.0,0
1789648895.8019981,2026-09-17T18:11:35.801998,-12.57,0.0,566805.0,0.0,89.56,28.9,0,0,0,0,-12.57,-3.8,5.0,0.0,0
1789648895.8218336,2026-09-17T18:11:35.821834,-12.57,0.0,566805.0,0.0,89.56,28.9,0,0,0,0,-12.57,-3.8,5.0,0.0,0
1789648895.8417394,2026-09-17T18:11:35.841739,-12.57,0.0,566805.0,0.0,89.56,28.9,0,0,0,0,-12.57,-3.8,5.0,0.0,0
1789648895.8616056,2026-09-17T18:11:35.861606,-12.57,0.0,566805.0,0.0,89.56,28.9,0,0,0,0,-12.57,-3.8,5.0,0.0,0
1789648895.8815944,2026-09-17T18:11:35.881594,-12.57,0.0,566805.0,0.0,89.56,28.9,0,0,0,0,-12.57,-3.8,5.0,0.0,0
1789648895.9013138,2026-09-17T18:11:35.901314,-12.57,0.0,566805.0,0.0,89.56,28.9,0,0,0,0,-12.57,-3.8,5.0,0.0,0
1789648895.921888,2026-09-17T18:11:35.921888,-12.57,0.0,566805.0,0.0,89.56,28.9,0,0,0,0,-12.57,-3.8,5.0,0.0,0
1789648895.9424467,2026-09-17T18:11:35.942447,-12.57,0.0,566805.0,0.0,89.56,28.9,0,0,0,0,-12.57,-3.8,5.0,0.0,0
1789648895.962452,2026-09-17T18:11:35.962452,-12.57,0.0,566805.0,0.0,89.56,28.9,0,0,0,0,-12.57,-3.8,5.0,0.0,0
1789648895.9814456,2026-09-17T18:11:35.981446,-12.57,0.0,566805.0,0.0,89.56,28.9,0,0,0,0,-12.57,-3.8,5.0,0.0,0
1789648896.001447,2026-09-17T18:11:36.001447,-12.57,0.0,566805.0,0.0,89.56,28.9,0,0,0,0,-12.57,-3.8,5.0,0.0,0
1789648896.0218832,2026-09-17T18:11:36.021883,-12.57,0.0,566805.0,0.0,89.56,28.9,0,0,0,0,-12.57,-3.8,5.0,0.0,0
1789648896.0418847,2026-09-17T18:11:36.041885,-12.57,0.0,566805.0,0.0,89.56,28.9,0,0,0,0,-12.57,-3.8,5.0,0.0,0
1789648896.0618978,2026-09-17T18:11:36.061898,-12.57,0.0,566805.0,0.0,89.56,28.9,0,0,0,0,-12.57,-3.8,5.0,0.0,0
1789648896.0819635,2026-09-17T18:11:36.081964,-12.57,0.0,566805.0,0.0,89.56,28.9,0,0,0,0,-12.57,-3.8,5.0,0.0,0
1789648896.1019716,2026-09-17T18:11:36.101972,-12.57,0.0,566805.0,0.0,89.56,28.9,0,0,0,0,-12.57,-3.8,5.0,0.0,0
1789648896.121961,2026-09-17T18:11:36.121961,-12.57,0.0,566805.0,0.0,89.56,28.9,0,0,0,0,-12.57,-3.8,5.0,0.0,0
1789648896.141639,2026-09-17T18:11:36.141639,-12.57,0.0,566805.0,0.0,89.56,28.9,0,0,0,0,-12.57,-3.8,5.0,0.0,0
1789648896.1613414,2026-09-17T18:11:36.161341,-12.57,0.0,566805.0,0.0,89.56,28.9,0,0,0,0,-12.57,-3.8,5.0,0.0,0
1789648896.181443,2026-09-17T18:11:36.181443,-12.57,0.0,566805.0,0.0,89.56,28.9,0,0,0,0,-12.57,-3.8,5.0,0.0,0
1789648896.202202,2026-09-17T18:11:36.202202,-12.57,0.0,566805.0,0.0,89.56,28.9,0,0,0,0,-12.57,-3.8,5.0,0.0,0
1789648896.2212045,2026-09-17T18:11:36.221205,-12.57,0.0,566805.0,0.0,89.56,28.9,0,0,0,0,-12.57,-3.8,5.0,0.0,0
1789648896.241614,2026-09-17T18:11:36.241614,-12.57,0.0,566805.0,0.0,89.56,28.9,0,0,0,0,-12.57,-3.8,5.0,0.0,0
1789648896.261536,2026-09-17T18:11:36.261536,-12.57,0.0,566805.0,0.0,89.56,28.9,0,0,0,0,-12.57,-3.8,5.0,0.0,0
1789648896.2822528,2026-09-17T18:11:36.282253,-12.57,0.0,566805.0,0.0,89.56,28.9,0,0,0,0,-12.57,-3.8,5.0,0.0,0
1789648896.3028924,2026-09-17T18:11:36.302892,-12.57,0.0,566805.0,0.0,89.56,28.9,0,0,0,0,-12.57,-3.8,5.0,0.0,0
1789648896.3213427,2026-09-17T18:11:36.321343,-12.57,0.0,566805.0,0.0,89.56,28.9,0,0,0,0,-12.57,-3.8,5.0,0.0,0
1789648896.3416352,2026-09-17T18:11:36.341635,-12.57,0.0,566805.0,0.0,89.56,28.9,0,0,0,0,-12.57,-3.8,5.0,0.0,0
1789648896.3612883,2026-09-17T18:11:36.361288,-12.57,0.0,566805.0,0.0,89.56,28.9,0,0,0,0,-12.57,-3.8,5.0,0.0,0
1789648896.3816314,2026-09-17T18:11:36.381631,-12.57,0.0,566805.0,0.0,89.56,28.9,0,0,0,0,-12.57,-3.8,5.0,0.0,0
1789648896.401456,2026-09-17T18:11:36.401456,-12.57,0.0,566805.0,0.0,89.56,28.9,0,0,0,0,-12.57,-3.8,5.0,0.0,0
1789648896.4218824,2026-09-17T18:11:36.421882,-12.57,0.0,566805.0,0.0,89.56,28.9,0,0,0,0,-12.57,-3.8,5.0,0.0,0
1789648896.4419196,2026-09-17T18:11:36.441920,-12.57,0.0,566805.0,0.0,89.56,28.9,0,0,0,0,-12.57,-3.8,5.0,0.0,0
1789648896.4619224,2026-09-17T18:11:36.461922,-12.57,0.0,566805.0,0.0,89.56,28.9,0,0,0,0,-12.57,-3.8,5.0,0.0,0
1789648896.481675,2026-09-17T18:11:36.481675,-12.57,0.0,566805.0,0.0,89.56,28.9,0,0,0,0,-12.57,-3.8,5.0,0.0,0
1789648896.501922,2026-09-17T18:11:36.501922,-12.57,0.0,566805.0,0.0,89.56,28.9,0,0,0,0,-12.57,-3.8,5.0,0.0,0
1789648896.5215523,2026-09-17T18:11:36.521552,-12.57,0.0,566805.0,0.0,89.56,28.9,0,0,0,0,-12.57,-3.8,5.0,0.0,0
1789648896.5427375,2026-09-17T18:11:36.542737,-12.57,0.0,566805.0,0.0,89.56,28.9,0,0,0,0,-12.57,-3.8,5.0,0.0,0
1789648896.5619645,2026-09-17T18:11:36.561965,-12.57,0.0,566805.0,0.0,89.56,28.9,0,0,0,0,-12.57,-3.8,5.0,0.0,0
1789648896.58201,2026-09-17T18:11:36.582010,-12.57,0.0,566805.0,0.0,89.56,28.9,0,0,0,0,-12.57,-3.8,5.0,0.0,0
1789648896.6018345,2026-09-17T18:11:36.601835,-12.57,0.0,566805.0,0.0,89.56,28.9,0,0,0,0,-12.57,-3.8,5.0,0.0,0
1789648896.6218252,2026-09-17T18:11:36.621825,-12.57,0.0,566805.0,0.0,89.56,28.9,0,0,0,0,-12.57,-3.8,5.0,0.0,0
1789648896.6414597,2026-09-17T18:11:36.641460,-12.57,0.0,566805.0,0.0,89.56,28.9,0,0,0,0,-12.57,-3.8,5.0,0.0,0
1789648896.66166,2026-09-17T18:11:36.661660,-12.57,0.0,566805.0,0.0,89.56,28.9,0,0,0,0,-12.57,-3.8,5.0,0.0,0
1789648896.682027,2026-09-17T18:11:36.682027,-12.57,0.0,566805.0,0.0,89.56,28.9,0,0,0,0,-12.57,-3.8,5.0,0.0,0
1789648896.702049,2026-09-17T18:11:36.702049,-12.57,0.0,566805.0,0.0,89.56,28.9,0,0,0,0,-12.57,-3.8,5.0,0.0,0
1789648896.7221203,2026-09-17T18:11:36.722120,-12.57,0.0,566805.0,0.0,89.56,28.9,0,0,0,0,-12.57,-3.8,5.0,0.0,0
1789648896.7436082,2026-09-17T18:11:36.743608,-12.57,0.0,566805.0,0.0,89.56,28.9,0,0,0,0,-12.57,-3.8,5.0,0.0,0
1789648896.7632496,2026-09-17T18:11:36.763250,-12.57,0.0,566805.0,0.0,89.56,28.9,0,0,0,0,-12.57,-3.8,5.0,0.0,0
1789648896.7831612,2026-09-17T18:11:36.783161,-12.57,0.0,566805.0,0.0,89.56,28.9,0,0,0,0,-12.57,-3.8,5.0,0.0,0
1789648896.8011723,2026-09-17T18:11:36.801172,-12.57,0.0,566805.0,0.0,89.56,28.9,0,0,0,0,-12.57,-3.8,5.0,0.0,0
1789648896.8213406,2026-09-17T18:11:36.821341,-12.76,0.0,566814.0,0.0,89.47,28.9,0,0,0,0,-12.76,-3.75,5.0,0.0,0
1789648896.841696,2026-09-17T18:11:36.841696,-12.94,0.0,566814.0,0.0,89.47,28.9,0,0,0,0,-12.94,-3.71,5.0,0.0,0
1789648896.8615472,2026-09-17T18:11:36.861547,-12.94,0.0,566814.0,0.0,89.47,28.9,0,0,0,0,-12.94,-3.71,5.0,0.0,0
1789648896.8818023,2026-09-17T18:11:36.881802,-12.94,0.0,566814.0,0.0,89.47,28.9,0,0,0,0,-12.94,-3.71,5.0,0.0,0
1789648896.9011643,2026-09-17T18:11:36.901164,-12.94,0.0,566814.0,0.0,89.47,28.9,0,0,0,0,-12.94,-3.71,5.0,0.0,0
1789648896.921875,2026-09-17T18:11:36.921875,-12.94,0.0,566814.0,0.0,89.47,28.9,0,0,0,0,-12.94,-3.71,5.0,0.0,0
1789648896.9417112,2026-09-17T18:11:36.941711,-12.94,0.0,566814.0,0.0,89.47,28.9,0,0,0,0,-12.94,-3.71,5.0,0.0,0
1789648896.9611094,2026-09-17T18:11:36.961109,-12.94,0.0,566814.0,0.0,89.47,28.9,0,0,0,0,-12.94,-3.71,5.0,0.0,0
1789648896.9811187,2026-09-17T18:11:36.981119,-12.94,0.0,566814.0,0.0,89.47,28.9,0,0,0,0,-12.94,-3.71,5.0,0.0,0
1789648897.0021183,2026-09-17T18:11:37.002118,-12.94,0.0,566814.0,0.0,89.47,28.9,0,0,0,0,-12.94,-3.71,5.0,0.0,0
1789648897.0211198,2026-09-17T18:11:37.021120,-12.94,0.0,566814.0,0.0,89.47,28.9,0,0,0,0,-12.94,-3.71,5.0,0.0,0
1789648897.0416489,2026-09-17T18:11:37.041649,-12.94,0.0,566814.0,0.0,89.47,28.9,0,0,0,0,-12.94,-3.71,5.0,0.0,0
1789648897.061649,2026-09-17T18:11:37.061649,-12.94,0.0,566814.0,0.0,89.47,28.9,0,0,0,0,-12.94,-3.71,5.0,0.0,0
1789648897.08165,2026-09-17T18:11:37.081650,-12.94,0.0,566814.0,0.0,89.47,28.9,0,0,0,0,-12.94,-3.71,5.0,0.0,0
1789648897.101718,2026-09-17T18:11:37.101718,-12.94,0.0,566814.0,0.0,89.47,28.9,0,0,0,0,-12.94,-3.71,5.0,0.0,0
1789648897.121274,2026-09-17T18:11:37.121274,-12.94,0.0,566814.0,0.0,89.47,28.9,0,0,0,0,-12.94,-3.71,5.0,0.0,0
1789648897.142385,2026-09-17T18:11:37.142385,-12.94,0.0,566814.0,0.0,89.47,28.9,0,0,0,0,-12.94,-3.71,5.0,0.0,0
1789648897.1612754,2026-09-17T18:11:37.161275,-12.94,0.0,566814.0,0.0,89.47,28.9,0,0,0,0,-12.94,-3.71,5.0,0.0,0
1789648897.1812754,2026-09-17T18:11:37.181275,-12.94,0.0,566814.0,0.0,89.47,28.9,0,0,0,0,-12.94,-3.71,5.0,0.0,0
1789648897.201275,2026-09-17T18:11:37.201275,-12.94,0.0,566814.0,0.0,89.47,28.9,0,0,0,0,-12.94,-3.71,5.0,0.0,0
1789648897.2212818,2026-09-17T18:11:37.221282,-12.94,0.0,566814.0,0.0,89.47,28.9,0,0,0,0,-12.94,-3.71,5.0,0.0,0
1789648897.2412312,2026-09-17T18:11:37.241231,-12.94,0.0,566814.0,0.0,89.47,28.9,0,0,0,0,-12.94,-3.71,5.0,0.0,0
1789648897.2613943,2026-09-17T18:11:37.261394,-12.94,0.0,566814.0,0.0,89.47,28.9,0,0,0,0,-12.94,-3.71,5.0,0.0,0
1789648897.282359,2026-09-17T18:11:37.282359,-12.94,0.0,566814.0,0.0,89.47,28.9,0,0,0,0,-12.94,-3.71,5.0,0.0,0
1789648897.302361,2026-09-17T18:11:37.302361,-12.94,0.0,566814.0,0.0,89.47,28.9,0,0,0,0,-12.94,-3.71,5.0,0.0,0
1789648897.3223617,2026-09-17T18:11:37.322362,-12.94,0.0,566814.0,0.0,89.47,28.9,0,0,0,0,-12.94,-3.71,5.0,0.0,0
1789648897.3413749,2026-09-17T18:11:37.341375,-12.94,0.0,566814.0,0.0,89.47,28.9,0,0,0,0,-12.94,-3.71,5.0,0.0,0
1789648897.3622346,2026-09-17T18:11:37.362235,-12.94,0.0,566814.0,0.0,89.47,28.9,0,0,0,0,-12.94,-3.71,5.0,0.0,0
1789648897.3814642,2026-09-17T18:11:37.381464,-12.94,0.0,566814.0,0.0,89.47,28.9,0,0,0,0,-12.94,-3.71,5.0,0.0,0
1789648897.4012094,2026-09-17T18:11:37.401209,-12.94,0.0,566814.0,0.0,89.47,28.9,0,0,0,0,-12.94,-3.71,5.0,0.0,0
1789648897.421765,2026-09-17T18:11:37.421765,-12.94,0.0,566814.0,0.0,89.47,28.9,0,0,0,0,-12.94,-3.71,5.0,0.0,0
1789648897.4421782,2026-09-17T18:11:37.442178,-12.94,0.0,566814.0,0.0,89.47,28.9,0,0,0,0,-12.94,-3.71,5.0,0.0,0
1789648897.4615655,2026-09-17T18:11:37.461565,-12.94,0.0,566814.0,0.0,89.47,28.9,0,0,0,0,-12.94,-3.71,5.0,0.0,0
1789648897.4818995,2026-09-17T18:11:37.481899,-12.94,0.0,566814.0,0.0,89.47,28.9,0,0,0,0,-12.94,-3.71,5.0,0.0,0
1789648897.5017247,2026-09-17T18:11:37.501725,-12.94,0.0,566814.0,0.0,89.47,28.9,0,0,0,0,-12.94,-3.71,5.0,0.0,0
1789648897.5213268,2026-09-17T18:11:37.521327,-12.94,0.0,566814.0,0.0,89.47,28.9,0,0,0,0,-12.94,-3.71,5.0,0.0,0
1789648897.541043,2026-09-17T18:11:37.541043,-12.94,0.0,566814.0,0.0,89.47,28.9,0,0,0,0,-12.94,-3.71,5.0,0.0,0
1789648897.561469,2026-09-17T18:11:37.561469,-12.94,0.0,566814.0,0.0,89.47,28.9,0,0,0,0,-12.94,-3.71,5.0,0.0,0
1789648897.5812888,2026-09-17T18:11:37.581289,-12.94,0.0,566814.0,0.0,89.47,28.9,0,0,0,0,-12.94,-3.71,5.0,0.0,0
1789648897.6017902,2026-09-17T18:11:37.601790,-12.94,0.0,566814.0,0.0,89.47,28.9,0,0,0,0,-12.94,-3.71,5.0,0.0,0
1789648897.6215193,2026-09-17T18:11:37.621519,-12.94,0.0,566814.0,0.0,89.47,28.9,0,0,0,0,-12.94,-3.71,5.0,0.0,0
1789648897.641802,2026-09-17T18:11:37.641802,-12.94,0.0,566814.0,0.0,89.47,28.9,0,0,0,0,-12.94,-3.71,5.0,0.0,0
1789648897.661696,2026-09-17T18:11:37.661696,-12.94,0.0,566814.0,0.0,89.47,28.9,0,0,0,0,-12.94,-3.71,5.0,0.0,0
1789648897.6820114,2026-09-17T18:11:37.682011,-12.94,0.0,566814.0,0.0,89.47,28.9,0,0,0,0,-12.94,-3.71,5.0,0.0,0
1789648897.7010903,2026-09-17T18:11:37.701090,-12.94,0.0,566814.0,0.0,89.47,28.9,0,0,0,0,-12.94,-3.71,5.0,0.0,0
1789648897.7218199,2026-09-17T18:11:37.721820,-12.94,0.0,566814.0,0.0,89.47,28.9,0,0,0,0,-12.94,-3.71,5.0,0.0,0
1789648897.742049,2026-09-17T18:11:37.742049,-12.94,0.0,566814.0,0.0,89.47,28.9,0,0,0,0,-12.94,-3.71,5.0,0.0,0
1789648897.7619898,2026-09-17T18:11:37.761990,-12.94,0.0,566814.0,0.0,89.47,28.9,0,0,0,0,-12.94,-3.71,5.0,0.0,0
1789648897.7822318,2026-09-17T18:11:37.782232,-12.94,0.0,566814.0,0.0,89.47,28.9,0,0,0,0,-12.94,-3.71,5.0,0.0,0
1789648897.8017373,2026-09-17T18:11:37.801737,-12.94,0.0,566814.0,0.0,89.47,28.9,0,0,0,0,-12.94,-3.71,5.0,0.0,0
1789648897.8218021,2026-09-17T18:11:37.821802,-12.94,0.0,566814.0,0.0,89.47,28.9,0,0,0,0,-12.94,-3.71,5.0,0.0,0
1789648897.8420732,2026-09-17T18:11:37.842073,-12.94,0.0,566814.0,0.0,89.47,28.9,0,0,0,0,-12.94,-3.71,5.0,0.0,0
1789648897.8615704,2026-09-17T18:11:37.861570,-12.94,0.0,566814.0,0.0,89.47,28.9,0,0,0,0,-12.94,-3.71,5.0,0.0,0
1789648897.8819227,2026-09-17T18:11:37.881923,-12.94,0.0,566814.0,0.0,89.47,28.9,0,0,0,0,-12.94,-3.71,5.0,0.0,0
1789648897.9021983,2026-09-17T18:11:37.902198,-12.94,0.0,566814.0,0.0,89.47,28.9,0,0,0,0,-12.94,-3.71,5.0,0.0,0
1789648897.9218578,2026-09-17T18:11:37.921858,-13.12,0.0,566831.0,0.0,88.68,28.9,0,0,0,0,-13.12,-3.65,5.0,0.0,0
1789648897.9413204,2026-09-17T18:11:37.941320,-13.05,0.0,566831.0,0.0,88.68,28.9,0,0,0,0,-13.05,-3.54,5.0,0.0,0
1789648897.9622917,2026-09-17T18:11:37.962292,-13.29,0.0,566831.0,0.0,88.68,28.9,0,0,0,0,-13.29,-3.46,5.0,0.0,0
1789648897.9819064,2026-09-17T18:11:37.981906,-13.53,0.0,566831.0,0.0,88.68,28.9,0,0,0,0,-13.53,-3.42,5.0,0.0,0
1789648898.001426,2026-09-17T18:11:38.001426,-16.06,0.0,566831.0,0.0,88.68,28.9,0,0,0,0,-16.06,-3.36,5.0,0.0,0
1789648898.0213253,2026-09-17T18:11:38.021325,-16.06,0.0,566831.0,0.0,88.68,28.9,0,0,0,0,-16.06,-3.36,5.0,0.0,0
1789648898.0414674,2026-09-17T18:11:38.041467,-16.06,0.0,566831.0,0.0,88.68,28.9,0,0,0,0,-16.06,-3.36,5.0,0.0,0
1789648898.0614803,2026-09-17T18:11:38.061480,-16.06,0.0,566831.0,0.0,88.68,28.9,0,0,0,0,-16.06,-3.36,5.0,0.0,0
1789648898.081996,2026-09-17T18:11:38.081996,-16.06,0.0,566831.0,0.0,88.68,28.9,0,0,0,0,-16.06,-3.36,5.0,0.0,0
1789648898.1016288,2026-09-17T18:11:38.101629,-16.06,0.0,566831.0,0.0,88.68,28.9,0,0,0,0,-16.06,-3.36,5.0,0.0,0
1789648898.1215744,2026-09-17T18:11:38.121574,-16.06,0.0,566831.0,0.0,88.68,28.9,0,0,0,0,-16.06,-3.36,5.0,0.0,0
1789648898.1412706,2026-09-17T18:11:38.141271,-16.06,0.0,566831.0,0.0,88.68,28.9,0,0,0,0,-16.06,-3.36,5.0,0.0,0
1789648898.1621125,2026-09-17T18:11:38.162112,-16.06,0.0,566831.0,0.0,88.68,28.9,0,0,0,0,-16.06,-3.36,5.0,0.0,0
1789648898.1814811,2026-09-17T18:11:38.181481,-16.06,0.0,566831.0,0.0,88.68,28.9,0,0,0,0,-16.06,-3.36,5.0,0.0,0
1789648898.2014043,2026-09-17T18:11:38.201404,-16.06,0.0,566831.0,0.0,88.68,28.9,0,0,0,0,-16.06,-3.36,5.0,0.0,0
1789648898.2217216,2026-09-17T18:11:38.221722,-16.06,0.0,566831.0,0.0,88.68,28.9,0,0,0,0,-16.06,-3.36,5.0,0.0,0
1789648898.2416658,2026-09-17T18:11:38.241666,-16.06,0.0,566831.0,0.0,88.68,28.9,0,0,0,0,-16.06,-3.36,5.0,0.0,0
1789648898.2617009,2026-09-17T18:11:38.261701,-16.06,0.0,566831.0,0.0,88.68,28.9,0,0,0,0,-16.06,-3.36,5.0,0.0,0
1789648898.281443,2026-09-17T18:11:38.281443,-16.06,0.0,566831.0,0.0,88.68,28.9,0,0,0,0,-16.06,-3.36,5.0,0.0,0
1789648898.302069,2026-09-17T18:11:38.302069,-16.06,0.0,566831.0,0.0,88.68,28.9,0,0,0,0,-16.06,-3.36,5.0,0.0,0
1789648898.3214383,2026-09-17T18:11:38.321438,-16.06,0.0,566831.0,0.0,88.68,28.9,0,0,0,0,-16.06,-3.36,5.0,0.0,0
1789648898.3413184,2026-09-17T18:11:38.341318,-16.06,0.0,566831.0,0.0,88.68,28.9,0,0,0,0,-16.06,-3.36,5.0,0.0,0
1789648898.3616042,2026-09-17T18:11:38.361604,-16.06,0.0,566831.0,0.0,88.68,28.9,0,0,0,0,-16.06,-3.36,5.0,0.0,0
1789648898.3815372,2026-09-17T18:11:38.381537,-16.06,0.0,566831.0,0.0,88.68,28.9,0,0,0,0,-16.06,-3.36,5.0,0.0,0
1789648898.4019775,2026-09-17T18:11:38.401978,-16.06,0.0,566831.0,0.0,88.68,28.9,0,0,0,0,-16.06,-3.36,5.0,0.0,0
1789648898.4217029,2026-09-17T18:11:38.421703,-16.06,0.0,566831.0,0.0,88.68,28.9,0,0,0,0,-16.06,-3.36,5.0,0.0,0
1789648898.4414883,2026-09-17T18:11:38.441488,-16.06,0.0,566831.0,0.0,88.68,28.9,0,0,0,0,-16.06,-3.36,5.0,0.0,0
1789648898.4610198,2026-09-17T18:11:38.461020,-16.06,0.0,566831.0,0.0,88.68,28.9,0,0,0,0,-16.06,-3.36,5.0,0.0,0
1789648898.4816983,2026-09-17T18:11:38.481698,-16.06,0.0,566831.0,0.0,88.68,28.9,0,0,0,0,-16.06,-3.36,5.0,0.0,0
1789648898.501755,2026-09-17T18:11:38.501755,-16.06,0.0,566831.0,0.0,88.68,28.9,0,0,0,0,-16.06,-3.36,5.0,0.0,0
1789648898.5217535,2026-09-17T18:11:38.521754,-16.06,0.0,566831.0,0.0,88.68,28.9,0,0,0,0,-16.06,-3.36,5.0,0.0,0
1789648898.5414236,2026-09-17T18:11:38.541424,-16.06,0.0,566831.0,0.0,88.68,28.9,0,0,0,0,-16.06,-3.36,5.0,0.0,0
1789648898.5622878,2026-09-17T18:11:38.562288,-16.06,0.0,566831.0,0.0,88.68,28.9,0,0,0,0,-16.06,-3.36,5.0,0.0,0
1789648898.581568,2026-09-17T18:11:38.581568,-16.06,0.0,566831.0,0.0,88.68,28.9,0,0,0,0,-16.06,-3.36,5.0,0.0,0
1789648898.6014764,2026-09-17T18:11:38.601476,-16.06,0.0,566831.0,0.0,88.68,28.9,0,0,0,0,-16.06,-3.36,5.0,0.0,0
1789648898.622278,2026-09-17T18:11:38.622278,-16.06,0.0,566831.0,0.0,88.68,28.9,0,0,0,0,-16.06,-3.36,5.0,0.0,0
1789648898.642015,2026-09-17T18:11:38.642015,-16.06,0.0,566831.0,0.0,88.68,28.9,0,0,0,0,-16.06,-3.36,5.0,0.0,0
1789648898.6616807,2026-09-17T18:11:38.661681,-16.06,0.0,566831.0,0.0,88.68,28.9,0,0,0,0,-16.06,-3.36,5.0,0.0,0
1789648898.6817427,2026-09-17T18:11:38.681743,-16.06,0.0,566831.0,0.0,88.68,28.9,0,0,0,0,-16.06,-3.36,5.0,0.0,0
1789648898.701595,2026-09-17T18:11:38.701595,-16.06,0.0,566831.0,0.0,88.68,28.9,0,0,0,0,-16.06,-3.36,5.0,0.0,0
1789648898.7216413,2026-09-17T18:11:38.721641,-16.06,0.0,566831.0,0.0,88.68,28.9,0,0,0,0,-16.06,-3.36,5.0,0.0,0
1789648898.7417781,2026-09-17T18:11:38.741778,-16.06,0.0,566831.0,0.0,88.68,28.9,0,0,0,0,-16.06,-3.36,5.0,0.0,0
1789648898.7621052,2026-09-17T18:11:38.762105,-16.06,0.0,566831.0,0.0,88.68,28.9,0,0,0,0,-16.06,-3.36,5.0,0.0,0
1789648898.7810922,2026-09-17T18:11:38.781092,-16.06,0.0,566831.0,0.0,88.68,28.9,0,0,0,0,-16.06,-3.36,5.0,0.0,0
1789648898.8015115,2026-09-17T18:11:38.801512,-16.06,0.0,566831.0,0.0,88.68,28.9,0,0,0,0,-16.06,-3.36,5.0,0.0,0
1789648898.8214295,2026-09-17T18:11:38.821429,-16.06,0.0,566831.0,0.0,88.68,28.9,0,0,0,0,-16.06,-3.36,5.0,0.0,0
1789648898.8417423,2026-09-17T18:11:38.841742,-16.06,0.0,566831.0,0.0,88.68,28.9,0,0,0,0,-16.06,-3.36,5.0,0.0,0
1789648898.862108,2026-09-17T18:11:38.862108,-16.06,0.0,566831.0,0.0,88.68,28.9,0,0,0,0,-16.06,-3.36,5.0,0.0,0
1789648898.8816724,2026-09-17T18:11:38.881672,-16.06,0.0,566831.0,0.0,88.68,28.9,0,0,0,0,-16.06,-3.36,5.0,0.0,0
1789648898.9019597,2026-09-17T18:11:38.901960,-16.06,0.0,566831.0,0.0,88.68,28.9,0,0,0,0,-16.06,-3.36,5.0,0.0,0
1789648898.9210486,2026-09-17T18:11:38.921049,-16.06,0.0,566831.0,0.0,88.68,28.9,0,0,0,0,-16.06,-3.36,5.0,0.0,0
1789648898.9415436,2026-09-17T18:11:38.941544,-16.06,0.0,566831.0,0.0,88.68,28.9,0,0,0,0,-16.06,-3.36,5.0,0.0,0
1789648898.9622319,2026-09-17T18:11:38.962232,-16.06,0.0,566831.0,0.0,88.68,28.9,0,0,0,0,-16.06,-3.36,5.0,0.0,0
1789648898.9815178,2026-09-17T18:11:38.981518,-16.06,0.0,566831.0,0.0,88.68,28.9,0,0,0,0,-16.06,-3.36,5.0,0.0,0
1789648899.0020056,2026-09-17T18:11:39.002006,-16.06,0.0,566831.0,0.0,88.68,28.9,0,0,0,0,-16.06,-3.36,5.0,0.0,0
1789648899.021206,2026-09-17T18:11:39.021206,-15.66,0.0,566830.0,0.0,88.68,28.9,0,0,0,0,-15.66,-3.32,5.0,0.0,0
1789648899.04165,2026-09-17T18:11:39.041650,-15.66,0.0,566830.0,0.0,88.68,28.9,0,0,0,0,-15.66,-3.32,5.0,0.0,0
1789648899.0610857,2026-09-17T18:11:39.061086,-15.66,0.0,566830.0,0.0,88.68,28.9,0,0,0,0,-15.66,-3.32,5.0,0.0,0
1789648899.0822804,2026-09-17T18:11:39.082280,-15.66,0.0,566830.0,0.0,88.68,28.9,0,0,0,0,-15.66,-3.32,5.0,0.0,0
1789648899.1019866,2026-09-17T18:11:39.101987,-15.66,0.0,566830.0,0.0,88.68,28.9,0,0,0,0,-15.66,-3.32,5.0,0.0,0
1789648899.121877,2026-09-17T18:11:39.121877,-15.66,0.0,566830.0,0.0,88.68,28.9,0,0,0,0,-15.66,-3.32,5.0,0.0,0
1789648899.1419988,2026-09-17T18:11:39.141999,-15.66,0.0,566830.0,0.0,88.68,28.9,0,0,0,0,-15.66,-3.32,5.0,0.0,0
1789648899.1617455,2026-09-17T18:11:39.161746,-15.66,0.0,566830.0,0.0,88.68,28.9,0,0,0,0,-15.66,-3.32,5.0,0.0,0
1789648899.182276,2026-09-17T18:11:39.182276,-15.66,0.0,566830.0,0.0,88.68,28.9,0,0,0,0,-15.66,-3.32,5.0,0.0,0
1789648899.2017207,2026-09-17T18:11:39.201721,-15.66,0.0,566830.0,0.0,88.68,28.9,0,0,0,0,-15.66,-3.32,5.0,0.0,0
1789648899.2219946,2026-09-17T18:11:39.221995,-15.66,0.0,566830.0,0.0,88.68,28.9,0,0,0,0,-15.66,-3.32,5.0,0.0,0
1789648899.2422354,2026-09-17T18:11:39.242235,-15.66,0.0,566830.0,0.0,88.68,28.9,0,0,0,0,-15.66,-3.32,5.0,0.0,0
1789648899.261878,2026-09-17T18:11:39.261878,-15.66,0.0,566830.0,0.0,88.68,28.9,0,0,0,0,-15.66,-3.32,5.0,0.0,0
1789648899.281722,2026-09-17T18:11:39.281722,-15.66,0.0,566830.0,0.0,88.68,28.9,0,0,0,0,-15.66,-3.32,5.0,0.0,0
1789648899.3016057,2026-09-17T18:11:39.301606,-15.66,0.0,566830.0,0.0,88.68,28.9,0,0,0,0,-15.66,-3.32,5.0,0.0,0
1789648899.3219743,2026-09-17T18:11:39.321974,-15.66,0.0,566830.0,0.0,88.68,28.9,0,0,0,0,-15.66,-3.32,5.0,0.0,0
1789648899.3416915,2026-09-17T18:11:39.341691,-15.66,0.0,566830.0,0.0,88.68,28.9,0,0,0,0,-15.66,-3.32,5.0,0.0,0
1789648899.3615983,2026-09-17T18:11:39.361598,-15.66,0.0,566830.0,0.0,88.68,28.9,0,0,0,0,-15.66,-3.32,5.0,0.0,0
1789648899.3817787,2026-09-17T18:11:39.381779,-15.66,0.0,566830.0,0.0,88.68,28.9,0,0,0,0,-15.66,-3.32,5.0,0.0,0
1789648899.4012628,2026-09-17T18:11:39.401263,-15.66,0.0,566830.0,0.0,88.68,28.9,0,0,0,0,-15.66,-3.32,5.0,0.0,0
1789648899.4211457,2026-09-17T18:11:39.421146,-15.66,0.0,566830.0,0.0,88.68,28.9,0,0,0,0,-15.66,-3.32,5.0,0.0,0
1789648899.4419098,2026-09-17T18:11:39.441910,-15.66,0.0,566830.0,0.0,88.68,28.9,0,0,0,0,-15.66,-3.32,5.0,0.0,0
1789648899.4621754,2026-09-17T18:11:39.462175,-15.66,0.0,566830.0,0.0,88.68,28.9,0,0,0,0,-15.66,-3.32,5.0,0.0,0
1789648899.4818873,2026-09-17T18:11:39.481887,-15.66,0.0,566830.0,0.0,88.68,28.9,0,0,0,0,-15.66,-3.32,5.0,0.0,0
1789648899.5020046,2026-09-17T18:11:39.502005,-15.66,0.0,566830.0,0.0,88.68,28.9,0,0,0,0,-15.66,-3.32,5.0,0.0,0
1789648899.5217447,2026-09-17T18:11:39.521745,-15.66,0.0,566830.0,0.0,88.68,28.9,0,0,0,0,-15.66,-3.32,5.0,0.0,0
1789648899.5421393,2026-09-17T18:11:39.542139,-15.66,0.0,566830.0,0.0,88.68,28.9,0,0,0,0,-15.66,-3.32,5.0,0.0,0
1789648899.5617375,2026-09-17T18:11:39.561738,-15.66,0.0,566830.0,0.0,88.68,28.9,0,0,0,0,-15.66,-3.32,5.0,0.0,0
1789648899.582247,2026-09-17T18:11:39.582247,-15.66,0.0,566830.0,0.0,88.68,28.9,0,0,0,0,-15.66,-3.32,5.0,0.0,0
1789648899.6019323,2026-09-17T18:11:39.601932,-15.66,0.0,566830.0,0.0,88.68,28.9,0,0,0,0,-15.66,-3.32,5.0,0.0,0
1789648899.622364,2026-09-17T18:11:39.622364,-15.66,0.0,566830.0,0.0,88.68,28.9,0,0,0,0,-15.66,-3.32,5.0,0.0,0
1789648899.6418045,2026-09-17T18:11:39.641804,-15.66,0.0,566830.0,0.0,88.68,28.9,0,0,0,0,-15.66,-3.32,5.0,0.0,0
1789648899.6617513,2026-09-17T18:11:39.661751,-15.66,0.0,566830.0,0.0,88.68,28.9,0,0,0,0,-15.66,-3.32,5.0,0.0,0
1789648899.6816304,2026-09-17T18:11:39.681630,-15.66,0.0,566830.0,0.0,88.68,28.9,0,0,0,0,-15.66,-3.32,5.0,0.0,0
1789648899.7014496,2026-09-17T18:11:39.701450,-15.66,0.0,566830.0,0.0,88.68,28.9,0,0,0,0,-15.66,-3.32,5.0,0.0,0
1789648899.7223494,2026-09-17T18:11:39.722349,-15.66,0.0,566830.0,0.0,88.68,28.9,0,0,0,0,-15.66,-3.32,5.0,0.0,0
1789648899.741729,2026-09-17T18:11:39.741729,-15.66,0.0,566830.0,0.0,88.68,28.9,0,0,0,0,-15.66,-3.32,5.0,0.0,0
1789648899.7610836,2026-09-17T18:11:39.761084,-15.66,0.0,566830.0,0.0,88.68,28.9,0,0,0,0,-15.66,-3.32,5.0,0.0,0
1789648899.7813516,2026-09-17T18:11:39.781352,-15.66,0.0,566830.0,0.0,88.68,28.9,0,0,0,0,-15.66,-3.32,5.0,0.0,0
1789648899.8016372,2026-09-17T18:11:39.801637,-15.66,0.0,566830.0,0.0,88.68,28.9,0,0,0,0,-15.66,-3.32,5.0,0.0,0
1789648899.8213139,2026-09-17T18:11:39.821314,-15.66,0.0,566830.0,0.0,88.68,28.9,0,0,0,0,-15.66,-3.32,5.0,0.0,0
1789648899.8417683,2026-09-17T18:11:39.841768,-15.66,0.0,566830.0,0.0,88.68,28.9,0,0,0,0,-15.66,-3.32,5.0,0.0,0
1789648899.861995,2026-09-17T18:11:39.861995,-15.66,0.0,566830.0,0.0,88.68,28.9,0,0,0,0,-15.66,-3.32,5.0,0.0,0
1789648899.8812852,2026-09-17T18:11:39.881285,-15.66,0.0,566830.0,0.0,88.68,28.9,0,0,0,0,-15.66,-3.32,5.0,0.0,0
1789648899.901451,2026-09-17T18:11:39.901451,-15.66,0.0,566830.0,0.0,88.68,28.9,0,0,0,0,-15.66,-3.32,5.0,0.0,0
1789648899.922487,2026-09-17T18:11:39.922487,-15.66,0.0,566830.0,0.0,88.68,28.9,0,0,0,0,-15.66,-3.32,5.0,0.0,0
1789648899.9419553,2026-09-17T18:11:39.941955,-15.66,0.0,566830.0,0.0,88.68,28.9,0,0,0,0,-15.66,-3.32,5.0,0.0,0
1789648899.9623675,2026-09-17T18:11:39.962368,-15.66,0.0,566830.0,0.0,88.68,28.9,0,0,0,0,-15.66,-3.32,5.0,0.0,0
1789648899.9818287,2026-09-17T18:11:39.981829,-15.66,0.0,566830.0,0.0,88.68,28.9,0,0,0,0,-15.66,-3.32,5.0,0.0,0
1789648900.0014465,2026-09-17T18:11:40.001446,-15.66,0.0,566830.0,0.0,88.68,28.9,0,0,0,0,-15.66,-3.32,5.0,0.0,0
1789648900.0219402,2026-09-17T18:11:40.021940,-15.7,0.0,566806.0,0.0,89.21,28.9,0,0,0,0,-15.7,-3.3,5.0,0.0,0
1789648900.0420725,2026-09-17T18:11:40.042073,-15.8,0.0,566806.0,0.0,88.77,28.9,0,0,0,0,-15.8,-3.22,5.0,0.0,0
1789648900.0618517,2026-09-17T18:11:40.061852,-15.8,0.0,566806.0,0.0,88.77,28.9,0,0,0,0,-15.8,-3.22,5.0,0.0,0
1789648900.0823562,2026-09-17T18:11:40.082356,-15.8,0.0,566806.0,0.0,88.77,28.9,0,0,0,0,-15.8,-3.22,5.0,0.0,0
1789648900.1014345,2026-09-17T18:11:40.101434,-15.8,0.0,566806.0,0.0,88.77,28.9,0,0,0,0,-15.8,-3.22,5.0,0.0,0
1789648900.1224914,2026-09-17T18:11:40.122491,-15.8,0.0,566806.0,0.0,88.77,28.9,0,0,0,0,-15.8,-3.22,5.0,0.0,0
1789648900.141693,2026-09-17T18:11:40.141693,-15.8,0.0,566806.0,0.0,88.77,28.9,0,0,0,0,-15.8,-3.22,5.0,0.0,0
1789648900.1618636,2026-09-17T18:11:40.161864,-15.8,0.0,566806.0,0.0,88.77,28.9,0,0,0,0,-15.8,-3.22,5.0,0.0,0
1789648900.1812973,2026-09-17T18:11:40.181297,-15.8,0.0,566806.0,0.0,88.77,28.9,0,0,0,0,-15.8,-3.22,5.0,0.0,0
1789648900.2020054,2026-09-17T18:11:40.202005,-15.8,0.0,566806.0,0.0,88.77,28.9,0,0,0,0,-15.8,-3.22,5.0,0.0,0
1789648900.2221568,2026-09-17T18:11:40.222157,-15.8,0.0,566806.0,0.0,88.77,28.9,0,0,0,0,-15.8,-3.22,5.0,0.0,0
1789648900.2418683,2026-09-17T18:11:40.241868,-15.8,0.0,566806.0,0.0,88.77,28.9,0,0,0,0,-15.8,-3.22,5.0,0.0,0
1789648900.2616944,2026-09-17T18:11:40.261694,-15.8,0.0,566806.0,0.0,88.77,28.9,0,0,0,0,-15.8,-3.22,5.0,0.0,0
1789648900.2818727,2026-09-17T18:11:40.281873,-15.8,0.0,566806.0,0.0,88.77,28.9,0,0,0,0,-15.8,-3.22,5.0,0.0,0
1789648900.301934,2026-09-17T18:11:40.301934,-15.8,0.0,566806.0,0.0,88.77,28.9,0,0,0,0,-15.8,-3.22,5.0,0.0,0
1789648900.32141,2026-09-17T18:11:40.321410,-15.8,0.0,566806.0,0.0,88.77,28.9,0,0,0,0,-15.8,-3.22,5.0,0.0,0
1789648900.3415112,2026-09-17T18:11:40.341511,-15.8,0.0,566806.0,0.0,88.77,28.9,0,0,0,0,-15.8,-3.22,5.0,0.0,0
1789648900.3621745,2026-09-17T18:11:40.362175,-15.8,0.0,566806.0,0.0,88.77,28.9,0,0,0,0,-15.8,-3.22,5.0,0.0,0
1789648900.381893,2026-09-17T18:11:40.381893,-15.8,0.0,566806.0,0.0,88.77,28.9,0,0,0,0,-15.8,-3.22,5.0,0.0,0
1789648900.4024615,2026-09-17T18:11:40.402462,-15.8,0.0,566806.0,0.0,88.77,28.9,0,0,0,0,-15.8,-3.22,5.0,0.0,0
1789648900.4216993,2026-09-17T18:11:40.421699,-15.8,0.0,566806.0,0.0,88.77,28.9,0,0,0,0,-15.8,-3.22,5.0,0.0,0
1789648900.4468446,2026-09-17T18:11:40.446845,-15.8,0.0,566806.0,0.0,88.77,28.9,0,0,0,0,-15.8,-3.22,5.0,0.0,0
1789648900.461892,2026-09-17T18:11:40.461892,-15.8,0.0,566806.0,0.0,88.77,28.9,0,0,0,0,-15.8,-3.22,5.0,0.0,0
1789648900.4822145,2026-09-17T18:11:40.482214,-15.8,0.0,566806.0,0.0,88.77,28.9,0,0,0,0,-15.8,-3.22,5.0,0.0,0
1789648900.5015483,2026-09-17T18:11:40.501548,-15.8,0.0,566806.0,0.0,88.77,28.9,0,0,0,0,-15.8,-3.22,5.0,0.0,0
1789648900.5224564,2026-09-17T18:11:40.522456,-15.8,0.0,566806.0,0.0,88.77,28.9,0,0,0,0,-15.8,-3.22,5.0,0.0,0
1789648900.5417943,2026-09-17T18:11:40.541794,-15.8,0.0,566806.0,0.0,88.77,28.9,0,0,0,0,-15.8,-3.22,5.0,0.0,0
1789648900.5624232,2026-09-17T18:11:40.562423,-15.8,0.0,566806.0,0.0,88.77,28.9,0,0,0,0,-15.8,-3.22,5.0,0.0,0
1789648900.5822303,2026-09-17T18:11:40.582230,-15.8,0.0,566806.0,0.0,88.77,28.9,0,0,0,0,-15.8,-3.22,5.0,0.0,0
1789648900.601635,2026-09-17T18:11:40.601635,-15.8,0.0,566806.0,0.0,88.77,28.9,0,0,0,0,-15.8,-3.22,5.0,0.0,0
1789648900.622397,2026-09-17T18:11:40.622397,-15.8,0.0,566806.0,0.0,88.77,28.9,0,0,0,0,-15.8,-3.22,5.0,0.0,0
1789648900.6416268,2026-09-17T18:11:40.641627,-15.8,0.0,566806.0,0.0,88.77,28.9,0,0,0,0,-15.8,-3.22,5.0,0.0,0
1789648900.6621835,2026-09-17T18:11:40.662184,-15.8,0.0,566806.0,0.0,88.77,28.9,0,0,0,0,-15.8,-3.22,5.0,0.0,0
1789648900.6814327,2026-09-17T18:11:40.681433,-15.8,0.0,566806.0,0.0,88.77,28.9,0,0,0,0,-15.8,-3.22,5.0,0.0,0
1789648900.702267,2026-09-17T18:11:40.702267,-15.8,0.0,566806.0,0.0,88.77,28.9,0,0,0,0,-15.8,-3.22,5.0,0.0,0
1789648900.7215016,2026-09-17T18:11:40.721502,-15.8,0.0,566806.0,0.0,88.77,28.9,0,0,0,0,-15.8,-3.22,5.0,0.0,0
1789648900.7419178,2026-09-17T18:11:40.741918,-15.8,0.0,566806.0,0.0,88.77,28.9,0,0,0,0,-15.8,-3.22,5.0,0.0,0
1789648900.7623124,2026-09-17T18:11:40.762312,-15.8,0.0,566806.0,0.0,88.77,28.9,0,0,0,0,-15.8,-3.22,5.0,0.0,0
1789648900.7821877,2026-09-17T18:11:40.782188,-15.8,0.0,566806.0,0.0,88.77,28.9,0,0,0,0,-15.8,-3.22,5.0,0.0,0
1789648900.8023608,2026-09-17T18:11:40.802361,-15.8,0.0,566806.0,0.0,88.77,28.9,0,0,0,0,-15.8,-3.22,5.0,0.0,0
1789648900.822556,2026-09-17T18:11:40.822556,-15.8,0.0,566806.0,0.0,88.77,28.9,0,0,0,0,-15.8,-3.22,5.0,0.0,0
1789648900.8414774,2026-09-17T18:11:40.841477,-15.8,0.0,566806.0,0.0,88.77,28.9,0,0,0,0,-15.8,-3.22,5.0,0.0,0
1789648900.8620036,2026-09-17T18:11:40.862004,-15.8,0.0,566806.0,0.0,88.77,28.9,0,0,0,0,-15.8,-3.22,5.0,0.0,0
1789648900.8817685,2026-09-17T18:11:40.881768,-15.8,0.0,566806.0,0.0,88.77,28.9,0,0,0,0,-15.8,-3.22,5.0,0.0,0
1789648900.9016423,2026-09-17T18:11:40.901642,-15.8,0.0,566806.0,0.0,88.77,28.9,0,0,0,0,-15.8,-3.22,5.0,0.0,0
1789648900.9214637,2026-09-17T18:11:40.921464,-15.8,0.0,566806.0,0.0,88.77,28.9,0,0,0,0,-15.8,-3.22,5.0,0.0,0
1789648900.9416046,2026-09-17T18:11:40.941605,-15.8,0.0,566806.0,0.0,88.77,28.9,0,0,0,0,-15.8,-3.22,5.0,0.0,0
1789648900.9611883,2026-09-17T18:11:40.961188,-15.8,0.0,566806.0,0.0,88.77,28.9,0,0,0,0,-15.8,-3.22,5.0,0.0,0
1789648900.9820197,2026-09-17T18:11:40.982020,-15.8,0.0,566806.0,0.0,88.77,28.9,0,0,0,0,-15.8,-3.22,5.0,0.0,0
1789648901.0018926,2026-09-17T18:11:41.001893,-15.8,0.0,566806.0,0.0,88.77,28.9,0,0,0,0,-15.8,-3.22,5.0,0.0,0
1789648901.0217576,2026-09-17T18:11:41.021758,-15.8,0.0,566806.0,0.0,88.77,28.9,0,0,0,0,-15.8,-3.22,5.0,0.0,0
1789648901.0415282,2026-09-17T18:11:41.041528,-15.8,0.0,566806.0,0.0,88.77,28.9,0,0,0,0,-15.8,-3.22,5.0,0.0,0
1789648901.0616677,2026-09-17T18:11:41.061668,-15.8,0.0,566806.0,0.0,88.77,28.9,0,0,0,0,-15.8,-3.22,5.0,0.0,0
1789648901.0821466,2026-09-17T18:11:41.082147,-15.8,0.0,566806.0,0.0,88.77,28.9,0,0,0,0,-15.8,-3.22,5.0,0.0,0
1789648901.1020305,2026-09-17T18:11:41.102031,-15.8,0.0,566806.0,0.0,88.77,28.9,0,0,0,0,-15.8,-3.22,5.0,0.0,0
1789648901.1218078,2026-09-17T18:11:41.121808,-15.44,0.0,566905.0,0.0,88.86,28.9,0,0,0,0,-15.44,-3.17,5.0,0.0,0
1789648901.1421463,2026-09-17T18:11:41.142146,-15.55,0.0,566905.0,0.0,88.86,28.9,0,0,0,0,-15.55,-3.13,5.0,0.0,0
1789648901.16195,2026-09-17T18:11:41.161950,-15.62,0.0,566905.0,0.0,88.86,28.9,0,0,0,0,-15.62,-3.11,5.0,0.0,0
1789648901.181746,2026-09-17T18:11:41.181746,-15.62,0.0,566905.0,0.0,88.86,28.9,0,0,0,0,-15.62,-3.11,5.0,0.0,0
1789648901.2018957,2026-09-17T18:11:41.201896,-15.62,0.0,566905.0,0.0,88.86,28.9,0,0,0,0,-15.62,-3.11,5.0,0.0,0
1789648901.22201,2026-09-17T18:11:41.222010,-15.62,0.0,566905.0,0.0,88.86,28.9,0,0,0,0,-15.62,-3.11,5.0,0.0,0
1789648901.241393,2026-09-17T18:11:41.241393,-15.62,0.0,566905.0,0.0,88.86,28.9,0,0,0,0,-15.62,-3.11,5.0,0.0,0
1789648901.2621348,2026-09-17T18:11:41.262135,-15.62,0.0,566905.0,0.0,88.86,28.9,0,0,0,0,-15.62,-3.11,5.0,0.0,0
1789648901.281826,2026-09-17T18:11:41.281826,-15.62,0.0,566905.0,0.0,88.86,28.9,0,0,0,0,-15.62,-3.11,5.0,0.0,0
1789648901.3015735,2026-09-17T18:11:41.301574,-15.62,0.0,566905.0,0.0,88.86,28.9,0,0,0,0,-15.62,-3.11,5.0,0.0,0
1789648901.3217907,2026-09-17T18:11:41.321791,-15.62,0.0,566905.0,0.0,88.86,28.9,0,0,0,0,-15.62,-3.11,5.0,0.0,0
1789648901.3412566,2026-09-17T18:11:41.341257,-15.62,0.0,566905.0,0.0,88.86,28.9,0,0,0,0,-15.62,-3.11,5.0,0.0,0
1789648901.3612914,2026-09-17T18:11:41.361291,-15.62,0.0,566905.0,0.0,88.86,28.9,0,0,0,0,-15.62,-3.11,5.0,0.0,0
1789648901.3821654,2026-09-17T18:11:41.382165,-15.62,0.0,566905.0,0.0,88.86,28.9,0,0,0,0,-15.62,-3.11,5.0,0.0,0
1789648901.4019902,2026-09-17T18:11:41.401990,-15.62,0.0,566905.0,0.0,88.86,28.9,0,0,0,0,-15.62,-3.11,5.0,0.0,0
1789648901.421833,2026-09-17T18:11:41.421833,-15.62,0.0,566905.0,0.0,88.86,28.9,0,0,0,0,-15.62,-3.11,5.0,0.0,0
1789648901.441622,2026-09-17T18:11:41.441622,-15.62,0.0,566905.0,0.0,88.86,28.9,0,0,0,0,-15.62,-3.11,5.0,0.0,0
1789648901.4620218,2026-09-17T18:11:41.462022,-15.62,0.0,566905.0,0.0,88.86,28.9,0,0,0,0,-15.62,-3.11,5.0,0.0,0
1789648901.4823992,2026-09-17T18:11:41.482399,-15.62,0.0,566905.0,0.0,88.86,28.9,0,0,0,0,-15.62,-3.11,5.0,0.0,0
1789648901.5010934,2026-09-17T18:11:41.501093,-15.62,0.0,566905.0,0.0,88.86,28.9,0,0,0,0,-15.62,-3.11,5.0,0.0,0
1789648901.5222917,2026-09-17T18:11:41.522292,-15.62,0.0,566905.0,0.0,88.86,28.9,0,0,0,0,-15.62,-3.11,5.0,0.0,0
1789648901.542258,2026-09-17T18:11:41.542258,-15.62,0.0,566905.0,0.0,88.86,28.9,0,0,0,0,-15.62,-3.11,5.0,0.0,0
1789648901.561479,2026-09-17T18:11:41.561479,-15.62,0.0,566905.0,0.0,88.86,28.9,0,0,0,0,-15.62,-3.11,5.0,0.0,0
1789648901.58146,2026-09-17T18:11:41.581460,-15.62,0.0,566905.0,0.0,88.86,28.9,0,0,0,0,-15.62,-3.11,5.0,0.0,0
1789648901.6017642,2026-09-17T18:11:41.601764,-15.62,0.0,566905.0,0.0,88.86,28.9,0,0,0,0,-15.62,-3.11,5.0,0.0,0
1789648901.6221445,2026-09-17T18:11:41.622144,-15.62,0.0,566905.0,0.0,88.86,28.9,0,0,0,0,-15.62,-3.11,5.0,0.0,0
1789648901.641724,2026-09-17T18:11:41.641724,-15.62,0.0,566905.0,0.0,88.86,28.9,0,0,0,0,-15.62,-3.11,5.0,0.0,0
1789648901.6619205,2026-09-17T18:11:41.661921,-15.62,0.0,566905.0,0.0,88.86,28.9,0,0,0,0,-15.62,-3.11,5.0,0.0,0
1789648901.6816857,2026-09-17T18:11:41.681686,-15.62,0.0,566905.0,0.0,88.86,28.9,0,0,0,0,-15.62,-3.11,5.0,0.0,0
1789648901.702137,2026-09-17T18:11:41.702137,-15.62,0.0,566905.0,0.0,88.86,28.9,0,0,0,0,-15.62,-3.11,5.0,0.0,0
1789648901.722009,2026-09-17T18:11:41.722009,-15.62,0.0,566905.0,0.0,88.86,28.9,0,0,0,0,-15.62,-3.11,5.0,0.0,0
1789648901.7422068,2026-09-17T18:11:41.742207,-15.62,0.0,566905.0,0.0,88.86,28.9,0,0,0,0,-15.62,-3.11,5.0,0.0,0
1789648901.7620797,2026-09-17T18:11:41.762080,-15.62,0.0,566905.0,0.0,88.86,28.9,0,0,0,0,-15.62,-3.11,5.0,0.0,0
1789648901.7817924,2026-09-17T18:11:41.781792,-15.62,0.0,566905.0,0.0,88.86,28.9,0,0,0,0,-15.62,-3.11,5.0,0.0,0
1789648901.8022978,2026-09-17T18:11:41.802298,-15.62,0.0,566905.0,0.0,88.86,28.9,0,0,0,0,-15.62,-3.11,5.0,0.0,0
1789648901.8215382,2026-09-17T18:11:41.821538,-15.62,0.0,566905.0,0.0,88.86,28.9,0,0,0,0,-15.62,-3.11,5.0,0.0,0
1789648901.8414996,2026-09-17T18:11:41.841500,-15.62,0.0,566905.0,0.0,88.86,28.9,0,0,0,0,-15.62,-3.11,5.0,0.0,0
1789648901.8614538,2026-09-17T18:11:41.861454,-15.62,0.0,566905.0,0.0,88.86,28.9,0,0,0,0,-15.62,-3.11,5.0,0.0,0
1789648901.8821626,2026-09-17T18:11:41.882163,-15.62,0.0,566905.0,0.0,88.86,28.9,0,0,0,0,-15.62,-3.11,5.0,0.0,0
1789648901.9019284,2026-09-17T18:11:41.901928,-15.62,0.0,566905.0,0.0,88.86,28.9,0,0,0,0,-15.62,-3.11,5.0,0.0,0
1789648901.9218137,2026-09-17T18:11:41.921814,-15.62,0.0,566905.0,0.0,88.86,28.9,0,0,0,0,-15.62,-3.11,5.0,0.0,0
1789648901.9415634,2026-09-17T18:11:41.941563,-15.62,0.0,566905.0,0.0,88.86,28.9,0,0,0,0,-15.62,-3.11,5.0,0.0,0
1789648901.962015,2026-09-17T18:11:41.962015,-15.62,0.0,566905.0,0.0,88.86,28.9,0,0,0,0,-15.62,-3.11,5.0,0.0,0
1789648901.9815137,2026-09-17T18:11:41.981514,-15.62,0.0,566905.0,0.0,88.86,28.9,0,0,0,0,-15.62,-3.11,5.0,0.0,0
1789648902.0021234,2026-09-17T18:11:42.002123,-15.62,0.0,566905.0,0.0,88.86,28.9,0,0,0,0,-15.62,-3.11,5.0,0.0,0
1789648902.021937,2026-09-17T18:11:42.021937,-15.62,0.0,566905.0,0.0,88.86,28.9,0,0,0,0,-15.62,-3.11,5.0,0.0,0
1789648902.041703,2026-09-17T18:11:42.041703,-15.62,0.0,566905.0,0.0,88.86,28.9,0,0,0,0,-15.62,-3.11,5.0,0.0,0
1789648902.061625,2026-09-17T18:11:42.061625,-15.62,0.0,566905.0,0.0,88.86,28.9,0,0,0,0,-15.62,-3.11,5.0,0.0,0
1789648902.0819511,2026-09-17T18:11:42.081951,-15.62,0.0,566905.0,0.0,88.86,28.9,0,0,0,0,-15.62,-3.11,5.0,0.0,0
1789648902.1013176,2026-09-17T18:11:42.101318,-15.62,0.0,566905.0,0.0,88.86,28.9,0,0,0,0,-15.62,-3.11,5.0,0.0,0
1789648902.1222563,2026-09-17T18:11:42.122256,-15.62,0.0,566905.0,0.0,88.86,28.9,0,0,0,0,-15.62,-3.11,5.0,0.0,0
1789648902.1423576,2026-09-17T18:11:42.142358,-15.62,0.0,566905.0,0.0,88.86,28.9,0,0,0,0,-15.62,-3.11,5.0,0.0,0
1789648902.16155,2026-09-17T18:11:42.161550,-15.62,0.0,566905.0,0.0,88.86,28.9,0,0,0,0,-15.62,-3.11,5.0,0.0,0
1789648902.181647,2026-09-17T18:11:42.181647,-15.62,0.0,566905.0,0.0,88.86,28.9,0,0,0,0,-15.62,-3.11,5.0,0.0,0
1789648902.2018137,2026-09-17T18:11:42.201814,-15.62,0.0,566905.0,0.0,88.86,28.9,0,0,0,0,-15.62,-3.11,5.0,0.0,0
1789648902.2217238,2026-09-17T18:11:42.221724,-15.62,0.0,566905.0,0.0,88.86,28.9,0,0,0,0,-15.62,-3.11,5.0,0.0,0
1789648902.2414513,2026-09-17T18:11:42.241451,-15.62,0.0,566905.0,0.0,88.86,28.9,0,0,0,0,-15.62,-3.11,5.0,0.0,0
1789648902.262358,2026-09-17T18:11:42.262358,-15.62,0.0,566905.0,0.0,88.86,28.9,0,0,0,0,-15.62,-3.11,5.0,0.0,0
1789648902.2818305,2026-09-17T18:11:42.281831,-15.62,0.0,566905.0,0.0,88.86,28.9,0,0,0,0,-15.62,-3.11,5.0,0.0,0
1789648902.301764,2026-09-17T18:11:42.301764,-15.62,0.0,566905.0,0.0,88.86,28.9,0,0,0,0,-15.62,-3.11,5.0,0.0,0
1789648902.3216152,2026-09-17T18:11:42.321615,-15.62,0.0,566905.0,0.0,88.86,28.9,0,0,0,0,-15.62,-3.11,5.0,0.0,0
1789648902.3416424,2026-09-17T18:11:42.341642,-15.62,0.0,566905.0,0.0,88.86,28.9,0,0,0,0,-15.62,-3.11,5.0,0.0,0
1789648902.3613238,2026-09-17T18:11:42.361324,-15.62,0.0,566905.0,0.0,88.86,28.9,0,0,0,0,-15.62,-3.11,5.0,0.0,0
1789648902.382022,2026-09-17T18:11:42.382022,-15.62,0.0,566905.0,0.0,88.86,28.9,0,0,0,0,-15.62,-3.11,5.0,0.0,0
1789648902.4020376,2026-09-17T18:11:42.402038,-15.62,0.0,566905.0,0.0,88.86,28.9,0,0,0,0,-15.62,-3.11,5.0,0.0,0
1789648902.4217353,2026-09-17T18:11:42.421735,-15.62,0.0,566905.0,0.0,88.86,28.9,0,0,0,0,-15.62,-3.11,5.0,0.0,0
1789648902.4415135,2026-09-17T18:11:42.441514,-15.62,0.0,566905.0,0.0,88.86,28.9,0,0,0,0,-15.62,-3.11,5.0,0.0,0
1789648902.4620097,2026-09-17T18:11:42.462010,-15.62,0.0,566905.0,0.0,88.86,28.9,0,0,0,0,-15.62,-3.11,5.0,0.0,0
1789648902.4822788,2026-09-17T18:11:42.482279,-15.62,0.0,566905.0,0.0,88.86,28.9,0,0,0,0,-15.62,-3.11,5.0,0.0,0
1789648902.5022678,2026-09-17T18:11:42.502268,-15.62,0.0,566905.0,0.0,88.86,28.9,0,0,0,0,-15.62,-3.11,5.0,0.0,0
1789648902.52199,2026-09-17T18:11:42.521990,-15.62,0.0,566905.0,0.0,88.86,28.9,0,0,0,0,-15.62,-3.11,5.0,0.0,0
1789648902.5420485,2026-09-17T18:11:42.542048,-15.62,0.0,566905.0,0.0,88.86,28.9,0,0,0,0,-15.62,-3.11,5.0,0.0,0
1789648902.5616143,2026-09-17T18:11:42.561614,-15.62,0.0,566905.0,0.0,88.86,28.9,0,0,0,0,-15.62,-3.11,5.0,0.0,0
1789648902.5814326,2026-09-17T18:11:42.581433,-15.62,0.0,566905.0,0.0,88.86,28.9,0,0,0,0,-15.62,-3.11,5.0,0.0,0
1789648902.6012805,2026-09-17T18:11:42.601280,-15.62,0.0,566905.0,0.0,88.86,28.9,0,0,0,0,-15.62,-3.11,5.0,0.0,0
1789648902.6215088,2026-09-17T18:11:42.621509,-15.62,0.0,566905.0,0.0,88.86,28.9,0,0,0,0,-15.62,-3.11,5.0,0.0,0
1789648902.6422312,2026-09-17T18:11:42.642231,-15.62,0.0,566905.0,0.0,88.86,28.9,0,0,0,0,-15.62,-3.11,5.0,0.0,0
1789648902.6616442,2026-09-17T18:11:42.661644,-15.62,0.0,566905.0,0.0,88.86,28.9,0,0,0,0,-15.62,-3.11,5.0,0.0,0
1789648902.682053,2026-09-17T18:11:42.682053,-15.62,0.0,566905.0,0.0,88.86,28.9,0,0,0,0,-15.62,-3.11,5.0,0.0,0
1789648902.7014244,2026-09-17T18:11:42.701424,-15.62,0.0,566905.0,0.0,88.86,28.9,0,0,0,0,-15.62,-3.11,5.0,0.0,0
1789648902.7213347,2026-09-17T18:11:42.721335,-15.62,0.0,566905.0,0.0,88.86,28.9,0,0,0,0,-15.62,-3.11,5.0,0.0,0
1789648902.7420855,2026-09-17T18:11:42.742085,-15.62,0.0,566905.0,0.0,88.86,28.9,0,0,0,0,-15.62,-3.11,5.0,0.0,0
1789648902.761989,2026-09-17T18:11:42.761989,-15.62,0.0,566905.0,0.0,88.86,28.9,0,0,0,0,-15.62,-3.11,5.0,0.0,0
1789648902.7818675,2026-09-17T18:11:42.781868,-15.62,0.0,566905.0,0.0,88.86,28.9,0,0,0,0,-15.62,-3.11,5.0,0.0,0
1789648902.8007126,2026-09-17T18:11:42.800713,-15.62,0.0,566905.0,0.0,88.86,28.9,0,0,0,0,-15.62,-3.11,5.0,0.0,0
1789648902.8216074,2026-09-17T18:11:42.821607,-15.62,0.0,566905.0,0.0,88.86,28.9,0,0,0,0,-15.62,-3.11,5.0,0.0,0
1789648902.8414338,2026-09-17T18:11:42.841434,-15.62,0.0,566905.0,0.0,88.86,28.9,0,0,0,0,-15.62,-3.11,5.0,0.0,0
1789648902.8624878,2026-09-17T18:11:42.862488,-15.62,0.0,566905.0,0.0,88.86,28.9,0,0,0,0,-15.62,-3.11,5.0,0.0,0
1789648902.882367,2026-09-17T18:11:42.882367,-15.62,0.0,566905.0,0.0,88.86,28.9,0,0,0,0,-15.62,-3.11,5.0,0.0,0
1789648902.9018517,2026-09-17T18:11:42.901852,-15.62,0.0,566905.0,0.0,88.86,28.9,0,0,0,0,-15.62,-3.11,5.0,0.0,0
1789648902.9217572,2026-09-17T18:11:42.921757,-15.62,0.0,566905.0,0.0,88.86,28.9,0,0,0,0,-15.62,-3.11,5.0,0.0,0
1789648902.94166,2026-09-17T18:11:42.941660,-15.62,0.0,566905.0,0.0,88.86,28.9,0,0,0,0,-15.62,-3.11,5.0,0.0,0
1789648902.9619973,2026-09-17T18:11:42.961997,-15.62,0.0,566905.0,0.0,88.86,28.9,0,0,0,0,-15.62,-3.11,5.0,0.0,0
1789648902.981506,2026-09-17T18:11:42.981506,-15.62,0.0,566905.0,0.0,88.86,28.9,0,0,0,0,-15.62,-3.11,5.0,0.0,0
1789648903.002138,2026-09-17T18:11:43.002138,-15.62,0.0,566905.0,0.0,88.86,28.9,0,0,0,0,-15.62,-3.11,5.0,0.0,0
1789648903.0216396,2026-09-17T18:11:43.021640,-15.62,0.0,566905.0,0.0,88.86,28.9,0,0,0,0,-15.62,-3.11,5.0,0.0,0
1789648903.0417807,2026-09-17T18:11:43.041781,-15.62,0.0,566905.0,0.0,88.86,28.9,0,0,0,0,-15.62,-3.11,5.0,0.0,0
1789648903.0613327,2026-09-17T18:11:43.061333,-15.62,0.0,566905.0,0.0,88.86,28.9,0,0,0,0,-15.62,-3.11,5.0,0.0,0
1789648903.0821466,2026-09-17T18:11:43.082147,-15.62,0.0,566905.0,0.0,88.86,28.9,0,0,0,0,-15.62,-3.11,5.0,0.0,0
1789648903.1019819,2026-09-17T18:11:43.101982,-15.62,0.0,566905.0,0.0,88.86,28.9,0,0,0,0,-15.62,-3.11,5.0,0.0,0
1789648903.122294,2026-09-17T18:11:43.122294,-15.62,0.0,566905.0,0.0,88.86,28.9,0,0,0,0,-15.62,-3.11,5.0,0.0,0
1789648903.1416981,2026-09-17T18:11:43.141698,-15.62,0.0,566905.0,0.0,88.86,28.9,0,0,0,0,-15.62,-3.11,5.0,0.0,0
1789648903.1619337,2026-09-17T18:11:43.161934,-15.62,0.0,566905.0,0.0,88.86,28.9,0,0,0,0,-15.62,-3.11,5.0,0.0,0
1789648903.1816318,2026-09-17T18:11:43.181632,-15.62,0.0,566905.0,0.0,88.86,28.9,0,0,0,0,-15.62,-3.11,5.0,0.0,0
1789648903.2021923,2026-09-17T18:11:43.202192,-15.62,0.0,566905.0,0.0,88.86,28.9,0,0,0,0,-15.62,-3.11,5.0,0.0,0
1789648903.2214382,2026-09-17T18:11:43.221438,-15.24,0.0,566850.0,0.0,88.86,28.9,0,0,0,0,-15.24,-3.07,5.0,0.0,0
1789648903.241531,2026-09-17T18:11:43.241531,-15.37,0.0,566850.0,0.0,88.86,28.9,0,0,0,0,-15.37,-3.04,5.0,0.0,0
1789648903.2617126,2026-09-17T18:11:43.261713,-15.4,0.0,566850.0,0.0,88.86,28.9,0,0,0,0,-15.4,-3.03,5.0,0.0,0
1789648903.2820632,2026-09-17T18:11:43.282063,-15.4,0.0,566850.0,0.0,88.86,28.9,0,0,0,0,-15.4,-3.03,5.0,0.0,0
1789648903.3021042,2026-09-17T18:11:43.302104,-15.4,0.0,566850.0,0.0,88.86,28.9,0,0,0,0,-15.4,-3.03,5.0,0.0,0
1789648903.3217578,2026-09-17T18:11:43.321758,-15.4,0.0,566850.0,0.0,88.86,28.9,0,0,0,0,-15.4,-3.03,5.0,0.0,0
1789648903.341711,2026-09-17T18:11:43.341711,-15.4,0.0,566850.0,0.0,88.86,28.9,0,0,0,0,-15.4,-3.03,5.0,0.0,0
1789648903.3623066,2026-09-17T18:11:43.362307,-15.4,0.0,566850.0,0.0,88.86,28.9,0,0,0,0,-15.4,-3.03,5.0,0.0,0
1789648903.3820333,2026-09-17T18:11:43.382033,-15.4,0.0,566850.0,0.0,88.86,28.9,0,0,0,0,-15.4,-3.03,5.0,0.0,0
1789648903.4011467,2026-09-17T18:11:43.401147,-15.4,0.0,566850.0,0.0,88.86,28.9,0,0,0,0,-15.4,-3.03,5.0,0.0,0
1789648903.4218004,2026-09-17T18:11:43.421800,-15.4,0.0,566850.0,0.0,88.86,28.9,0,0,0,0,-15.4,-3.03,5.0,0.0,0
1789648903.442456,2026-09-17T18:11:43.442456,-15.4,0.0,566850.0,0.0,88.86,28.9,0,0,0,0,-15.4,-3.03,5.0,0.0,0
1789648903.462074,2026-09-17T18:11:43.462074,-15.4,0.0,566850.0,0.0,88.86,28.9,0,0,0,0,-15.4,-3.03,5.0,0.0,0
1789648903.4813266,2026-09-17T18:11:43.481327,-15.4,0.0,566850.0,0.0,88.86,28.9,0,0,0,0,-15.4,-3.03,5.0,0.0,0
1789648903.5013945,2026-09-17T18:11:43.501395,-15.4,0.0,566850.0,0.0,88.86,28.9,0,0,0,0,-15.4,-3.03,5.0,0.0,0
1789648903.52205,2026-09-17T18:11:43.522050,-15.4,0.0,566850.0,0.0,88.86,28.9,0,0,0,0,-15.4,-3.03,5.0,0.0,0
1789648903.5422945,2026-09-17T18:11:43.542295,-15.4,0.0,566850.0,0.0,88.86,28.9,0,0,0,0,-15.4,-3.03,5.0,0.0,0
1789648903.56202,2026-09-17T18:11:43.562020,-15.4,0.0,566850.0,0.0,88.86,28.9,0,0,0,0,-15.4,-3.03,5.0,0.0,0
1789648903.5815127,2026-09-17T18:11:43.581513,-15.4,0.0,566850.0,0.0,88.86,28.9,0,0,0,0,-15.4,-3.03,5.0,0.0,0
1789648903.602224,2026-09-17T18:11:43.602224,-15.4,0.0,566850.0,0.0,88.86,28.9,0,0,0,0,-15.4,-3.03,5.0,0.0,0
1789648903.6220744,2026-09-17T18:11:43.622074,-15.4,0.0,566850.0,0.0,88.86,28.9,0,0,0,0,-15.4,-3.03,5.0,0.0,0
1789648903.642398,2026-09-17T18:11:43.642398,-15.4,0.0,566850.0,0.0,88.86,28.9,0,0,0,0,-15.4,-3.03,5.0,0.0,0
1789648903.6620233,2026-09-17T18:11:43.662023,-15.4,0.0,566850.0,0.0,88.86,28.9,0,0,0,0,-15.4,-3.03,5.0,0.0,0
1789648903.6819096,2026-09-17T18:11:43.681910,-15.4,0.0,566850.0,0.0,88.86,28.9,0,0,0,0,-15.4,-3.03,5.0,0.0,0
1789648903.7016053,2026-09-17T18:11:43.701605,-15.4,0.0,566850.0,0.0,88.86,28.9,0,0,0,0,-15.4,-3.03,5.0,0.0,0
1789648903.7216287,2026-09-17T18:11:43.721629,-15.4,0.0,566850.0,0.0,88.86,28.9,0,0,0,0,-15.4,-3.03,5.0,0.0,0
1789648903.741369,2026-09-17T18:11:43.741369,-15.4,0.0,566850.0,0.0,88.86,28.9,0,0,0,0,-15.4,-3.03,5.0,0.0,0
1789648903.7622435,2026-09-17T18:11:43.762244,-15.4,0.0,566850.0,0.0,88.86,28.9,0,0,0,0,-15.4,-3.03,5.0,0.0,0
1789648903.7820258,2026-09-17T18:11:43.782026,-15.4,0.0,566850.0,0.0,88.86,28.9,0,0,0,0,-15.4,-3.03,5.0,0.0,0
1789648903.802153,2026-09-17T18:11:43.802153,-15.4,0.0,566850.0,0.0,88.86,28.9,0,0,0,0,-15.4,-3.03,5.0,0.0,0
1789648903.821781,2026-09-17T18:11:43.821781,-15.4,0.0,566850.0,0.0,88.86,28.9,0,0,0,0,-15.4,-3.03,5.0,0.0,0
1789648903.841392,2026-09-17T18:11:43.841392,-15.4,0.0,566850.0,0.0,88.86,28.9,0,0,0,0,-15.4,-3.03,5.0,0.0,0
1789648903.861567,2026-09-17T18:11:43.861567,-15.4,0.0,566850.0,0.0,88.86,28.9,0,0,0,0,-15.4,-3.03,5.0,0.0,0
1789648903.8819396,2026-09-17T18:11:43.881940,-15.4,0.0,566850.0,0.0,88.86,28.9,0,0,0,0,-15.4,-3.03,5.0,0.0,0
1789648903.9037974,2026-09-17T18:11:43.903797,-15.4,0.0,566850.0,0.0,88.86,28.9,0,0,0,0,-15.4,-3.03,5.0,0.0,0
1789648903.9220345,2026-09-17T18:11:43.922035,-15.4,0.0,566850.0,0.0,88.86,28.9,0,0,0,0,-15.4,-3.03,5.0,0.0,0
1789648903.9417536,2026-09-17T18:11:43.941754,-15.4,0.0,566850.0,0.0,88.86,28.9,0,0,0,0,-15.4,-3.03,5.0,0.0,0
1789648903.9624689,2026-09-17T18:11:43.962469,-15.4,0.0,566850.0,0.0,88.86,28.9,0,0,0,0,-15.4,-3.03,5.0,0.0,0
1789648903.9815147,2026-09-17T18:11:43.981515,-15.4,0.0,566850.0,0.0,88.86,28.9,0,0,0,0,-15.4,-3.03,5.0,0.0,0
1789648904.0019464,2026-09-17T18:11:44.001946,-15.4,0.0,566850.0,0.0,88.86,28.9,0,0,0,0,-15.4,-3.03,5.0,0.0,0
1789648904.0215466,2026-09-17T18:11:44.021547,-15.4,0.0,566850.0,0.0,88.86,28.9,0,0,0,0,-15.4,-3.03,5.0,0.0,0
1789648904.0421755,2026-09-17T18:11:44.042176,-15.4,0.0,566850.0,0.0,88.86,28.9,0,0,0,0,-15.4,-3.03,5.0,0.0,0
1789648904.061481,2026-09-17T18:11:44.061481,-15.4,0.0,566850.0,0.0,88.86,28.9,0,0,0,0,-15.4,-3.03,5.0,0.0,0
1789648904.0817804,2026-09-17T18:11:44.081780,-15.4,0.0,566850.0,0.0,88.86,28.9,0,0,0,0,-15.4,-3.03,5.0,0.0,0
1789648904.1014535,2026-09-17T18:11:44.101454,-15.4,0.0,566850.0,0.0,88.86,28.9,0,0,0,0,-15.4,-3.03,5.0,0.0,0
1789648904.1219661,2026-09-17T18:11:44.121966,-15.4,0.0,566850.0,0.0,88.86,28.9,0,0,0,0,-15.4,-3.03,5.0,0.0,0
1789648904.142254,2026-09-17T18:11:44.142254,-15.4,0.0,566850.0,0.0,88.86,28.9,0,0,0,0,-15.4,-3.03,5.0,0.0,0
1789648904.161736,2026-09-17T18:11:44.161736,-15.4,0.0,566850.0,0.0,88.86,28.9,0,0,0,0,-15.4,-3.03,5.0,0.0,0
1789648904.1813972,2026-09-17T18:11:44.181397,-15.4,0.0,566850.0,0.0,88.86,28.9,0,0,0,0,-15.4,-3.03,5.0,0.0,0
1789648904.201703,2026-09-17T18:11:44.201703,-15.4,0.0,566850.0,0.0,88.86,28.9,0,0,0,0,-15.4,-3.03,5.0,0.0,0
1789648904.2215552,2026-09-17T18:11:44.221555,-15.4,0.0,566850.0,0.0,88.86,28.9,0,0,0,0,-15.4,-3.03,5.0,0.0,0
1789648904.241853,2026-09-17T18:11:44.241853,-15.4,0.0,566850.0,0.0,88.86,28.9,0,0,0,0,-15.4,-3.03,5.0,0.0,0
1789648904.261691,2026-09-17T18:11:44.261691,-15.4,0.0,566850.0,0.0,88.86,28.9,0,0,0,0,-15.4,-3.03,5.0,0.0,0
1789648904.2823322,2026-09-17T18:11:44.282332,-15.4,0.0,566850.0,0.0,88.86,28.9,0,0,0,0,-15.4,-3.03,5.0,0.0,0
1789648904.3014684,2026-09-17T18:11:44.301468,-15.4,0.0,566850.0,0.0,88.86,28.9,0,0,0,0,-15.4,-3.03,5.0,0.0,0
1789648904.3221388,2026-09-17T18:11:44.322139,-15.03,0.0,566810.0,0.0,88.86,28.9,0,0,0,0,-15.03,-2.99,5.0,0.0,0
1789648904.3420966,2026-09-17T18:11:44.342097,-15.03,0.0,566810.0,0.0,88.86,28.9,0,0,0,0,-15.03,-2.99,5.0,0.0,0
1789648904.361682,2026-09-17T18:11:44.361682,-15.03,0.0,566810.0,0.0,88.86,28.9,0,0,0,0,-15.03,-2.99,5.0,0.0,0
1789648904.38226,2026-09-17T18:11:44.382260,-15.03,0.0,566810.0,0.0,88.86,28.9,0,0,0,0,-15.03,-2.99,5.0,0.0,0
1789648904.401557,2026-09-17T18:11:44.401557,-15.03,0.0,566810.0,0.0,88.86,28.9,0,0,0,0,-15.03,-2.99,5.0,0.0,0
1789648904.4216163,2026-09-17T18:11:44.421616,-15.03,0.0,566810.0,0.0,88.86,28.9,0,0,0,0,-15.03,-2.99,5.0,0.0,0
1789648904.4419158,2026-09-17T18:11:44.441916,-15.03,0.0,566810.0,0.0,88.86,28.9,0,0,0,0,-15.03,-2.99,5.0,0.0,0
1789648904.4620073,2026-09-17T18:11:44.462007,-15.03,0.0,566810.0,0.0,88.86,28.9,0,0,0,0,-15.03,-2.99,5.0,0.0,0
1789648904.4820304,2026-09-17T18:11:44.482030,-15.03,0.0,566810.0,0.0,88.86,28.9,0,0,0,0,-15.03,-2.99,5.0,0.0,0
1789648904.502105,2026-09-17T18:11:44.502105,-15.03,0.0,566810.0,0.0,88.86,28.9,0,0,0,0,-15.03,-2.99,5.0,0.0,0
1789648904.5220127,2026-09-17T18:11:44.522013,-15.03,0.0,566810.0,0.0,88.86,28.9,0,0,0,0,-15.03,-2.99,5.0,0.0,0
1789648904.5412247,2026-09-17T18:11:44.541225,-15.03,0.0,566810.0,0.0,88.86,28.9,0,0,0,0,-15.03,-2.99,5.0,0.0,0
1789648904.5616024,2026-09-17T18:11:44.561602,-15.03,0.0,566810.0,0.0,88.86,28.9,0,0,0,0,-15.03,-2.99,5.0,0.0,0
1789648904.5815816,2026-09-17T18:11:44.581582,-15.03,0.0,566810.0,0.0,88.86,28.9,0,0,0,0,-15.03,-2.99,5.0,0.0,0
1789648904.6015136,2026-09-17T18:11:44.601514,-15.03,0.0,566810.0,0.0,88.86,28.9,0,0,0,0,-15.03,-2.99,5.0,0.0,0
1789648904.6215656,2026-09-17T18:11:44.621566,-15.03,0.0,566810.0,0.0,88.86,28.9,0,0,0,0,-15.03,-2.99,5.0,0.0,0
1789648904.6413581,2026-09-17T18:11:44.641358,-15.03,0.0,566810.0,0.0,88.86,28.9,0,0,0,0,-15.03,-2.99,5.0,0.0,0
1789648904.6623814,2026-09-17T18:11:44.662381,-15.03,0.0,566810.0,0.0,88.86,28.9,0,0,0,0,-15.03,-2.99,5.0,0.0,0
1789648904.6819675,2026-09-17T18:11:44.681967,-15.03,0.0,566810.0,0.0,88.86,28.9,0,0,0,0,-15.03,-2.99,5.0,0.0,0
1789648904.702019,2026-09-17T18:11:44.702019,-15.03,0.0,566810.0,0.0,88.86,28.9,0,0,0,0,-15.03,-2.99,5.0,0.0,0
1789648904.721735,2026-09-17T18:11:44.721735,-15.03,0.0,566810.0,0.0,88.86,28.9,0,0,0,0,-15.03,-2.99,5.0,0.0,0
1789648904.7418504,2026-09-17T18:11:44.741850,-15.03,0.0,566810.0,0.0,88.86,28.9,0,0,0,0,-15.03,-2.99,5.0,0.0,0
1789648904.7623367,2026-09-17T18:11:44.762337,-15.03,0.0,566810.0,0.0,88.86,28.9,0,0,0,0,-15.03,-2.99,5.0,0.0,0
1789648904.782303,2026-09-17T18:11:44.782303,-15.03,0.0,566810.0,0.0,88.86,28.9,0,0,0,0,-15.03,-2.99,5.0,0.0,0
1789648904.8015413,2026-09-17T18:11:44.801541,-15.03,0.0,566810.0,0.0,88.86,28.9,0,0,0,0,-15.03,-2.99,5.0,0.0,0
1789648904.822165,2026-09-17T18:11:44.822165,-15.03,0.0,566810.0,0.0,88.86,28.9,0,0,0,0,-15.03,-2.99,5.0,0.0,0
1789648904.8417187,2026-09-17T18:11:44.841719,-15.03,0.0,566810.0,0.0,88.86,28.9,0,0,0,0,-15.03,-2.99,5.0,0.0,0
1789648904.861745,2026-09-17T18:11:44.861745,-15.03,0.0,566810.0,0.0,88.86,28.9,0,0,0,0,-15.03,-2.99,5.0,0.0,0
1789648904.881537,2026-09-17T18:11:44.881537,-15.03,0.0,566810.0,0.0,88.86,28.9,0,0,0,0,-15.03,-2.99,5.0,0.0,0
1789648904.9023683,2026-09-17T18:11:44.902368,-15.03,0.0,566810.0,0.0,88.86,28.9,0,0,0,0,-15.03,-2.99,5.0,0.0,0
1789648904.921967,2026-09-17T18:11:44.921967,-15.03,0.0,566810.0,0.0,88.86,28.9,0,0,0,0,-15.03,-2.99,5.0,0.0,0
1789648904.9420707,2026-09-17T18:11:44.942071,-15.03,0.0,566810.0,0.0,88.86,28.9,0,0,0,0,-15.03,-2.99,5.0,0.0,0
1789648904.9623935,2026-09-17T18:11:44.962394,-15.03,0.0,566810.0,0.0,88.86,28.9,0,0,0,0,-15.03,-2.99,5.0,0.0,0
1789648904.9819689,2026-09-17T18:11:44.981969,-15.03,0.0,566810.0,0.0,88.86,28.9,0,0,0,0,-15.03,-2.99,5.0,0.0,0
1789648905.0019786,2026-09-17T18:11:45.001979,-15.03,0.0,566810.0,0.0,88.86,28.9,0,0,0,0,-15.03,-2.99,5.0,0.0,0
1789648905.0223196,2026-09-17T18:11:45.022320,-15.03,0.0,566810.0,0.0,88.86,28.9,0,0,0,0,-15.03,-2.99,5.0,0.0,0
1789648905.0421486,2026-09-17T18:11:45.042149,-15.03,0.0,566810.0,0.0,88.86,28.9,0,0,0,0,-15.03,-2.99,5.0,0.0,0
1789648905.0618896,2026-09-17T18:11:45.061890,-15.03,0.0,566810.0,0.0,88.86,28.9,0,0,0,0,-15.03,-2.99,5.0,0.0,0
1789648905.0821445,2026-09-17T18:11:45.082144,-15.03,0.0,566810.0,0.0,88.86,28.9,0,0,0,0,-15.03,-2.99,5.0,0.0,0
1789648905.1021602,2026-09-17T18:11:45.102160,-15.03,0.0,566810.0,0.0,88.86,28.9,0,0,0,0,-15.03,-2.99,5.0,0.0,0
1789648905.1222875,2026-09-17T18:11:45.122288,-15.03,0.0,566810.0,0.0,88.86,28.9,0,0,0,0,-15.03,-2.99,5.0,0.0,0
1789648905.1423619,2026-09-17T18:11:45.142362,-15.03,0.0,566810.0,0.0,88.86,28.9,0,0,0,0,-15.03,-2.99,5.0,0.0,0
1789648905.1634169,2026-09-17T18:11:45.163417,-15.03,0.0,566810.0,0.0,88.86,28.9,0,0,0,0,-15.03,-2.99,5.0,0.0,0
1789648905.1815634,2026-09-17T18:11:45.181563,-15.03,0.0,566810.0,0.0,88.86,28.9,0,0,0,0,-15.03,-2.99,5.0,0.0,0
1789648905.2016747,2026-09-17T18:11:45.201675,-15.03,0.0,566810.0,0.0,88.86,28.9,0,0,0,0,-15.03,-2.99,5.0,0.0,0
1789648905.2219806,2026-09-17T18:11:45.221981,-15.03,0.0,566810.0,0.0,88.86,28.9,0,0,0,0,-15.03,-2.99,5.0,0.0,0
1789648905.2420611,2026-09-17T18:11:45.242061,-15.03,0.0,566810.0,0.0,88.86,28.9,0,0,0,0,-15.03,-2.99,5.0,0.0,0
1789648905.262328,2026-09-17T18:11:45.262328,-15.03,0.0,566810.0,0.0,88.86,28.9,0,0,0,0,-15.03,-2.99,5.0,0.0,0
1789648905.2815378,2026-09-17T18:11:45.281538,-15.03,0.0,566810.0,0.0,88.86,28.9,0,0,0,0,-15.03,-2.99,5.0,0.0,0
1789648905.3016815,2026-09-17T18:11:45.301682,-15.03,0.0,566810.0,0.0,88.86,28.9,0,0,0,0,-15.03,-2.99,5.0,0.0,0
1789648905.3213203,2026-09-17T18:11:45.321320,-15.03,0.0,566810.0,0.0,88.86,28.9,0,0,0,0,-15.03,-2.99,5.0,0.0,0
1789648905.3416588,2026-09-17T18:11:45.341659,-14.65,0.0,566863.0,0.0,88.86,28.9,0,0,0,0,-14.65,-2.96,5.0,0.0,0
1789648905.361982,2026-09-17T18:11:45.361982,-14.65,0.0,566863.0,0.0,88.86,28.9,0,0,0,0,-14.65,-2.96,5.0,0.0,0
1789648905.3815677,2026-09-17T18:11:45.381568,-14.65,0.0,566863.0,0.0,88.86,28.9,0,0,0,0,-14.65,-2.96,5.0,0.0,0
1789648905.4018054,2026-09-17T18:11:45.401805,-14.65,0.0,566863.0,0.0,88.86,28.9,0,0,0,0,-14.65,-2.96,5.0,0.0,0
1789648905.4214985,2026-09-17T18:11:45.421499,-14.65,0.0,566863.0,0.0,88.86,28.9,0,0,0,0,-14.65,-2.96,5.0,0.0,0
1789648905.442014,2026-09-17T18:11:45.442014,-14.65,0.0,566863.0,0.0,88.86,28.9,0,0,0,0,-14.65,-2.96,5.0,0.0,0
1789648905.4617388,2026-09-17T18:11:45.461739,-14.65,0.0,566863.0,0.0,88.86,28.9,0,0,0,0,-14.65,-2.96,5.0,0.0,0
1789648905.4816759,2026-09-17T18:11:45.481676,-14.65,0.0,566863.0,0.0,88.86,28.9,0,0,0,0,-14.65,-2.96,5.0,0.0,0
1789648905.5018911,2026-09-17T18:11:45.501891,-14.65,0.0,566863.0,0.0,88.86,28.9,0,0,0,0,-14.65,-2.96,5.0,0.0,0
1789648905.5217345,2026-09-17T18:11:45.521734,-14.65,0.0,566863.0,0.0,88.86,28.9,0,0,0,0,-14.65,-2.96,5.0,0.0,0
1789648905.542226,2026-09-17T18:11:45.542226,-14.65,0.0,566863.0,0.0,88.86,28.9,0,0,0,0,-14.65,-2.96,5.0,0.0,0
1789648905.5619543,2026-09-17T18:11:45.561954,-14.65,0.0,566863.0,0.0,88.86,28.9,0,0,0,0,-14.65,-2.96,5.0,0.0,0
1789648905.581905,2026-09-17T18:11:45.581905,-14.65,0.0,566863.0,0.0,88.86,28.9,0,0,0,0,-14.65,-2.96,5.0,0.0,0
1789648905.6017275,2026-09-17T18:11:45.601727,-14.65,0.0,566863.0,0.0,88.86,28.9,0,0,0,0,-14.65,-2.96,5.0,0.0,0
1789648905.6219807,2026-09-17T18:11:45.621981,-14.65,0.0,566863.0,0.0,88.86,28.9,0,0,0,0,-14.65,-2.96,5.0,0.0,0
1789648905.6419425,2026-09-17T18:11:45.641943,-14.65,0.0,566863.0,0.0,88.86,28.9,0,0,0,0,-14.65,-2.96,5.0,0.0,0
1789648905.6613483,2026-09-17T18:11:45.661348,-14.65,0.0,566863.0,0.0,88.86,28.9,0,0,0,0,-14.65,-2.96,5.0,0.0,0
1789648905.682082,2026-09-17T18:11:45.682082,-14.65,0.0,566863.0,0.0,88.86,28.9,0,0,0,0,-14.65,-2.96,5.0,0.0,0
1789648905.7024279,2026-09-17T18:11:45.702428,-14.65,0.0,566863.0,0.0,88.86,28.9,0,0,0,0,-14.65,-2.96,5.0,0.0,0
1789648905.721498,2026-09-17T18:11:45.721498,-14.65,0.0,566863.0,0.0,88.86,28.9,0,0,0,0,-14.65,-2.96,5.0,0.0,0
1789648905.741461,2026-09-17T18:11:45.741461,-14.65,0.0,566863.0,0.0,88.86,28.9,0,0,0,0,-14.65,-2.96,5.0,0.0,0
1789648905.7616844,2026-09-17T18:11:45.761684,-14.65,0.0,566863.0,0.0,88.86,28.9,0,0,0,0,-14.65,-2.96,5.0,0.0,0
1789648905.7819083,2026-09-17T18:11:45.781908,-14.65,0.0,566863.0,0.0,88.86,28.9,0,0,0,0,-14.65,-2.96,5.0,0.0,0
1789648905.8022459,2026-09-17T18:11:45.802246,-14.65,0.0,566863.0,0.0,88.86,28.9,0,0,0,0,-14.65,-2.96,5.0,0.0,0
1789648905.8217428,2026-09-17T18:11:45.821743,-14.65,0.0,566863.0,0.0,88.86,28.9,0,0,0,0,-14.65,-2.96,5.0,0.0,0
1789648905.841676,2026-09-17T18:11:45.841676,-14.65,0.0,566863.0,0.0,88.86,28.9,0,0,0,0,-14.65,-2.96,5.0,0.0,0
1789648905.861829,2026-09-17T18:11:45.861829,-14.65,0.0,566863.0,0.0,88.86,28.9,0,0,0,0,-14.65,-2.96,5.0,0.0,0
1789648905.881546,2026-09-17T18:11:45.881546,-14.65,0.0,566863.0,0.0,88.86,28.9,0,0,0,0,-14.65,-2.96,5.0,0.0,0
1789648905.9020572,2026-09-17T18:11:45.902057,-14.65,0.0,566863.0,0.0,88.86,28.9,0,0,0,0,-14.65,-2.96,5.0,0.0,0
1789648905.922157,2026-09-17T18:11:45.922157,-14.65,0.0,566863.0,0.0,88.86,28.9,0,0,0,0,-14.65,-2.96,5.0,0.0,0
1789648905.9423842,2026-09-17T18:11:45.942384,-14.65,0.0,566863.0,0.0,88.86,28.9,0,0,0,0,-14.65,-2.96,5.0,0.0,0
1789648905.9631662,2026-09-17T18:11:45.963166,-14.65,0.0,566863.0,0.0,88.86,28.9,0,0,0,0,-14.65,-2.96,5.0,0.0,0
1789648905.9817202,2026-09-17T18:11:45.981720,-14.65,0.0,566863.0,0.0,88.86,28.9,0,0,0,0,-14.65,-2.96,5.0,0.0,0
1789648906.002354,2026-09-17T18:11:46.002354,-14.65,0.0,566863.0,0.0,88.86,28.9,0,0,0,0,-14.65,-2.96,5.0,0.0,0
1789648906.0217342,2026-09-17T18:11:46.021734,-14.65,0.0,566863.0,0.0,88.86,28.9,0,0,0,0,-14.65,-2.96,5.0,0.0,0
1789648906.0424237,2026-09-17T18:11:46.042424,-14.65,0.0,566863.0,0.0,88.86,28.9,0,0,0,0,-14.65,-2.96,5.0,0.0,0
1789648906.061705,2026-09-17T18:11:46.061705,-14.65,0.0,566863.0,0.0,88.86,28.9,0,0,0,0,-14.65,-2.96,5.0,0.0,0
1789648906.0814686,2026-09-17T18:11:46.081469,-14.65,0.0,566863.0,0.0,88.86,28.9,0,0,0,0,-14.65,-2.96,5.0,0.0,0
1789648906.1020966,2026-09-17T18:11:46.102097,-14.65,0.0,566863.0,0.0,88.86,28.9,0,0,0,0,-14.65,-2.96,5.0,0.0,0
1789648906.122026,2026-09-17T18:11:46.122026,-14.65,0.0,566863.0,0.0,88.86,28.9,0,0,0,0,-14.65,-2.96,5.0,0.0,0
1789648906.1423278,2026-09-17T18:11:46.142328,-14.65,0.0,566863.0,0.0,88.86,28.9,0,0,0,0,-14.65,-2.96,5.0,0.0,0
1789648906.1613264,2026-09-17T18:11:46.161326,-14.65,0.0,566863.0,0.0,88.86,28.9,0,0,0,0,-14.65,-2.96,5.0,0.0,0
1789648906.182153,2026-09-17T18:11:46.182153,-14.65,0.0,566863.0,0.0,88.86,28.9,0,0,0,0,-14.65,-2.96,5.0,0.0,0
1789648906.2024667,2026-09-17T18:11:46.202467,-14.65,0.0,566863.0,0.0,88.86,28.9,0,0,0,0,-14.65,-2.96,5.0,0.0,0
1789648906.2221916,2026-09-17T18:11:46.222192,-14.65,0.0,566863.0,0.0,88.86,28.9,0,0,0,0,-14.65,-2.96,5.0,0.0,0
1789648906.2420335,2026-09-17T18:11:46.242033,-14.65,0.0,566863.0,0.0,88.86,28.9,0,0,0,0,-14.65,-2.96,5.0,0.0,0
1789648906.2621877,2026-09-17T18:11:46.262188,-14.65,0.0,566863.0,0.0,88.86,28.9,0,0,0,0,-14.65,-2.96,5.0,0.0,0
1789648906.2822526,2026-09-17T18:11:46.282253,-14.65,0.0,566863.0,0.0,88.86,28.9,0,0,0,0,-14.65,-2.96,5.0,0.0,0
1789648906.3017764,2026-09-17T18:11:46.301776,-14.65,0.0,566863.0,0.0,88.86,28.9,0,0,0,0,-14.65,-2.96,5.0,0.0,0
1789648906.32168,2026-09-17T18:11:46.321680,-14.65,0.0,566863.0,0.0,88.86,28.9,0,0,0,0,-14.65,-2.96,5.0,0.0,0
1789648906.3415887,2026-09-17T18:11:46.341589,-14.76,0.0,566837.0,0.0,88.77,28.9,0,0,0,0,-14.76,-2.94,5.0,0.0,0
1789648906.3619716,2026-09-17T18:11:46.361972,-14.76,0.0,566837.0,0.0,88.77,28.9,0,0,0,0,-14.76,-2.94,5.0,0.0,0
1789648906.3819716,2026-09-17T18:11:46.381972,-14.76,0.0,566837.0,0.0,88.77,28.9,0,0,0,0,-14.76,-2.94,5.0,0.0,0
1789648906.4024997,2026-09-17T18:11:46.402500,-14.76,0.0,566837.0,0.0,88.77,28.9,0,0,0,0,-14.76,-2.94,5.0,0.0,0
1789648906.4218132,2026-09-17T18:11:46.421813,-14.76,0.0,566837.0,0.0,88.77,28.9,0,0,0,0,-14.76,-2.94,5.0,0.0,0
1789648906.44209,2026-09-17T18:11:46.442090,-14.76,0.0,566837.0,0.0,88.77,28.9,0,0,0,0,-14.76,-2.94,5.0,0.0,0
1789648906.4617577,2026-09-17T18:11:46.461758,-14.76,0.0,566837.0,0.0,88.77,28.9,0,0,0,0,-14.76,-2.94,5.0,0.0,0
1789648906.4824996,2026-09-17T18:11:46.482500,-14.76,0.0,566837.0,0.0,88.77,28.9,0,0,0,0,-14.76,-2.94,5.0,0.0,0
1789648906.5014555,2026-09-17T18:11:46.501456,-14.76,0.0,566837.0,0.0,88.77,28.9,0,0,0,0,-14.76,-2.94,5.0,0.0,0
1789648906.5223734,2026-09-17T18:11:46.522373,-14.76,0.0,566837.0,0.0,88.77,28.9,0,0,0,0,-14.76,-2.94,5.0,0.0,0
1789648906.5413496,2026-09-17T18:11:46.541350,-14.76,0.0,566837.0,0.0,88.77,28.9,0,0,0,0,-14.76,-2.94,5.0,0.0,0
1789648906.561358,2026-09-17T18:11:46.561358,-14.76,0.0,566837.0,0.0,88.77,28.9,0,0,0,0,-14.76,-2.94,5.0,0.0,0
1789648906.5819166,2026-09-17T18:11:46.581917,-14.76,0.0,566837.0,0.0,88.77,28.9,0,0,0,0,-14.76,-2.94,5.0,0.0,0
1789648906.60205,2026-09-17T18:11:46.602050,-14.76,0.0,566837.0,0.0,88.77,28.9,0,0,0,0,-14.76,-2.94,5.0,0.0,0
1789648906.6218839,2026-09-17T18:11:46.621884,-14.76,0.0,566837.0,0.0,88.77,28.9,0,0,0,0,-14.76,-2.94,5.0,0.0,0
1789648906.6420035,2026-09-17T18:11:46.642004,-14.76,0.0,566837.0,0.0,88.77,28.9,0,0,0,0,-14.76,-2.94,5.0,0.0,0
1789648906.6619587,2026-09-17T18:11:46.661959,-14.76,0.0,566837.0,0.0,88.77,28.9,0,0,0,0,-14.76,-2.94,5.0,0.0,0
1789648906.681633,2026-09-17T18:11:46.681633,-14.76,0.0,566837.0,0.0,88.77,28.9,0,0,0,0,-14.76,-2.94,5.0,0.0,0
1789648906.7024589,2026-09-17T18:11:46.702459,-14.76,0.0,566837.0,0.0,88.77,28.9,0,0,0,0,-14.76,-2.94,5.0,0.0,0
1789648906.7223895,2026-09-17T18:11:46.722389,-14.76,0.0,566837.0,0.0,88.77,28.9,0,0,0,0,-14.76,-2.94,5.0,0.0,0
1789648906.742301,2026-09-17T18:11:46.742301,-14.76,0.0,566837.0,0.0,88.77,28.9,0,0,0,0,-14.76,-2.94,5.0,0.0,0
1789648906.7614865,2026-09-17T18:11:46.761487,-14.76,0.0,566837.0,0.0,88.77,28.9,0,0,0,0,-14.76,-2.94,5.0,0.0,0
1789648906.7824814,2026-09-17T18:11:46.782481,-14.76,0.0,566837.0,0.0,88.77,28.9,0,0,0,0,-14.76,-2.94,5.0,0.0,0
1789648906.8015056,2026-09-17T18:11:46.801506,-14.76,0.0,566837.0,0.0,88.77,28.9,0,0,0,0,-14.76,-2.94,5.0,0.0,0
1789648906.8221645,2026-09-17T18:11:46.822165,-14.76,0.0,566837.0,0.0,88.77,28.9,0,0,0,0,-14.76,-2.94,5.0,0.0,0
1789648906.841893,2026-09-17T18:11:46.841893,-14.76,0.0,566837.0,0.0,88.77,28.9,0,0,0,0,-14.76,-2.94,5.0,0.0,0
1789648906.8620772,2026-09-17T18:11:46.862077,-14.76,0.0,566837.0,0.0,88.77,28.9,0,0,0,0,-14.76,-2.94,5.0,0.0,0
1789648906.8818347,2026-09-17T18:11:46.881835,-14.76,0.0,566837.0,0.0,88.77,28.9,0,0,0,0,-14.76,-2.94,5.0,0.0,0
1789648906.9023511,2026-09-17T18:11:46.902351,-14.76,0.0,566837.0,0.0,88.77,28.9,0,0,0,0,-14.76,-2.94,5.0,0.0,0
1789648906.9216225,2026-09-17T18:11:46.921623,-14.76,0.0,566837.0,0.0,88.77,28.9,0,0,0,0,-14.76,-2.94,5.0,0.0,0
1789648906.941354,2026-09-17T18:11:46.941354,-14.76,0.0,566837.0,0.0,88.77,28.9,0,0,0,0,-14.76,-2.94,5.0,0.0,0
1789648906.961494,2026-09-17T18:11:46.961494,-14.76,0.0,566837.0,0.0,88.77,28.9,0,0,0,0,-14.76,-2.94,5.0,0.0,0
1789648906.9820182,2026-09-17T18:11:46.982018,-14.76,0.0,566837.0,0.0,88.77,28.9,0,0,0,0,-14.76,-2.94,5.0,0.0,0
1789648907.001884,2026-09-17T18:11:47.001884,-14.76,0.0,566837.0,0.0,88.77,28.9,0,0,0,0,-14.76,-2.94,5.0,0.0,0
1789648907.0216389,2026-09-17T18:11:47.021639,-14.76,0.0,566837.0,0.0,88.77,28.9,0,0,0,0,-14.76,-2.94,5.0,0.0,0
1789648907.0415535,2026-09-17T18:11:47.041553,-14.76,0.0,566837.0,0.0,88.77,28.9,0,0,0,0,-14.76,-2.94,5.0,0.0,0
1789648907.0613317,2026-09-17T18:11:47.061332,-14.76,0.0,566837.0,0.0,88.77,28.9,0,0,0,0,-14.76,-2.94,5.0,0.0,0
1789648907.0822299,2026-09-17T18:11:47.082230,-14.76,0.0,566837.0,0.0,88.77,28.9,0,0,0,0,-14.76,-2.94,5.0,0.0,0
1789648907.1015806,2026-09-17T18:11:47.101581,-14.76,0.0,566837.0,0.0,88.77,28.9,0,0,0,0,-14.76,-2.94,5.0,0.0,0
1789648907.1219206,2026-09-17T18:11:47.121921,-14.76,0.0,566837.0,0.0,88.77,28.9,0,0,0,0,-14.76,-2.94,5.0,0.0,0
1789648907.141494,2026-09-17T18:11:47.141494,-14.76,0.0,566837.0,0.0,88.77,28.9,0,0,0,0,-14.76,-2.94,5.0,0.0,0
1789648907.1613078,2026-09-17T18:11:47.161308,-14.76,0.0,566837.0,0.0,88.77,28.9,0,0,0,0,-14.76,-2.94,5.0,0.0,0
1789648907.181973,2026-09-17T18:11:47.181973,-14.76,0.0,566837.0,0.0,88.77,28.9,0,0,0,0,-14.76,-2.94,5.0,0.0,0
1789648907.2019978,2026-09-17T18:11:47.201998,-14.76,0.0,566837.0,0.0,88.77,28.9,0,0,0,0,-14.76,-2.94,5.0,0.0,0
1789648907.222134,2026-09-17T18:11:47.222134,-14.76,0.0,566837.0,0.0,88.77,28.9,0,0,0,0,-14.76,-2.94,5.0,0.0,0
1789648907.242191,2026-09-17T18:11:47.242191,-14.76,0.0,566837.0,0.0,88.77,28.9,0,0,0,0,-14.76,-2.94,5.0,0.0,0
1789648907.2617297,2026-09-17T18:11:47.261730,-14.76,0.0,566837.0,0.0,88.77,28.9,0,0,0,0,-14.76,-2.94,5.0,0.0,0
1789648907.2820382,2026-09-17T18:11:47.282038,-14.76,0.0,566837.0,0.0,88.77,28.9,0,0,0,0,-14.76,-2.94,5.0,0.0,0
1789648907.3020854,2026-09-17T18:11:47.302085,-14.76,0.0,566837.0,0.0,88.77,28.9,0,0,0,0,-14.76,-2.94,5.0,0.0,0
1789648907.3213644,2026-09-17T18:11:47.321364,-14.76,0.0,566837.0,0.0,88.77,28.9,0,0,0,0,-14.76,-2.94,5.0,0.0,0
1789648907.3419294,2026-09-17T18:11:47.341929,-14.76,0.0,566837.0,0.0,88.77,28.9,0,0,0,0,-14.76,-2.94,5.0,0.0,0
1789648907.362557,2026-09-17T18:11:47.362557,-14.76,0.0,566837.0,0.0,88.77,28.9,0,0,0,0,-14.76,-2.94,5.0,0.0,0
1789648907.3821876,2026-09-17T18:11:47.382188,-14.76,0.0,566837.0,0.0,88.77,28.9,0,0,0,0,-14.76,-2.94,5.0,0.0,0
1789648907.4020178,2026-09-17T18:11:47.402018,-14.76,0.0,566837.0,0.0,88.77,28.9,0,0,0,0,-14.76,-2.94,5.0,0.0,0
1789648907.4228067,2026-09-17T18:11:47.422807,-14.76,0.0,566837.0,0.0,88.77,28.9,0,0,0,0,-14.76,-2.94,5.0,0.0,0
1789648907.441821,2026-09-17T18:11:47.441821,-14.88,0.0,566869.0,0.0,88.77,28.9,0,0,0,0,-14.88,-2.94,5.0,0.0,0
1789648907.4616551,2026-09-17T18:11:47.461655,-10.96,0.0,566869.0,0.0,88.77,28.9,0,0,0,0,-10.96,-2.2,5.0,0.0,0
1789648907.4816568,2026-09-17T18:11:47.481657,-8.26,0.0,566869.0,0.0,88.77,28.9,0,0,0,0,-8.26,-2.48,5.0,0.0,0
1789648907.502305,2026-09-17T18:11:47.502305,-8.62,0.0,566869.0,0.0,88.77,28.9,0,0,0,0,-8.62,-2.48,5.0,0.0,0
1789648907.5227935,2026-09-17T18:11:47.522794,-8.62,0.0,566869.0,0.0,88.77,28.9,0,0,0,0,-8.62,-2.48,5.0,0.0,0
1789648907.5420485,2026-09-17T18:11:47.542048,-8.62,0.0,566869.0,0.0,88.77,28.9,0,0,0,0,-8.62,-2.48,5.0,0.0,0
1789648907.5629077,2026-09-17T18:11:47.562908,-8.62,0.0,566869.0,0.0,88.77,28.9,0,0,0,0,-8.62,-2.48,5.0,0.0,0
1789648907.5828362,2026-09-17T18:11:47.582836,-8.62,0.0,566869.0,0.0,88.77,28.9,0,0,0,0,-8.62,-2.48,5.0,0.0,0
1789648907.6013975,2026-09-17T18:11:47.601398,-8.62,0.0,566869.0,0.0,88.77,28.9,0,0,0,0,-8.62,-2.48,5.0,0.0,0
1789648907.6221824,2026-09-17T18:11:47.622182,-8.62,0.0,566869.0,0.0,88.77,28.9,0,0,0,0,-8.62,-2.48,5.0,0.0,0
1789648907.641991,2026-09-17T18:11:47.641991,-8.62,0.0,566869.0,0.0,88.77,28.9,0,0,0,0,-8.62,-2.48,5.0,0.0,0
1789648907.6619792,2026-09-17T18:11:47.661979,-8.62,0.0,566869.0,0.0,88.77,28.9,0,0,0,0,-8.62,-2.48,5.0,0.0,0
1789648907.681807,2026-09-17T18:11:47.681807,-8.62,0.0,566869.0,0.0,88.77,28.9,0,0,0,0,-8.62,-2.48,5.0,0.0,0
1789648907.7018242,2026-09-17T18:11:47.701824,-8.62,0.0,566869.0,0.0,88.77,28.9,0,0,0,0,-8.62,-2.48,5.0,0.0,0
1789648907.7217953,2026-09-17T18:11:47.721795,-8.62,0.0,566869.0,0.0,88.77,28.9,0,0,0,0,-8.62,-2.48,5.0,0.0,0
1789648907.7420418,2026-09-17T18:11:47.742042,-8.62,0.0,566869.0,0.0,88.77,28.9,0,0,0,0,-8.62,-2.48,5.0,0.0,0
1789648907.7613425,2026-09-17T18:11:47.761343,-8.62,0.0,566869.0,0.0,88.77,28.9,0,0,0,0,-8.62,-2.48,5.0,0.0,0
1789648907.7811835,2026-09-17T18:11:47.781183,-8.62,0.0,566869.0,0.0,88.77,28.9,0,0,0,0,-8.62,-2.48,5.0,0.0,0
1789648907.8023214,2026-09-17T18:11:47.802321,-8.62,0.0,566869.0,0.0,88.77,28.9,0,0,0,0,-8.62,-2.48,5.0,0.0,0
1789648907.8224459,2026-09-17T18:11:47.822446,-8.62,0.0,566869.0,0.0,88.77,28.9,0,0,0,0,-8.62,-2.48,5.0,0.0,0
1789648907.8418214,2026-09-17T18:11:47.841821,-8.62,0.0,566869.0,0.0,88.77,28.9,0,0,0,0,-8.62,-2.48,5.0,0.0,0
1789648907.8618026,2026-09-17T18:11:47.861803,-8.62,0.0,566869.0,0.0,88.77,28.9,0,0,0,0,-8.62,-2.48,5.0,0.0,0
1789648907.8817537,2026-09-17T18:11:47.881754,-8.62,0.0,566869.0,0.0,88.77,28.9,0,0,0,0,-8.62,-2.48,5.0,0.0,0
1789648907.9015353,2026-09-17T18:11:47.901535,-8.62,0.0,566869.0,0.0,88.77,28.9,0,0,0,0,-8.62,-2.48,5.0,0.0,0
1789648907.921227,2026-09-17T18:11:47.921227,-8.62,0.0,566869.0,0.0,88.77,28.9,0,0,0,0,-8.62,-2.48,5.0,0.0,0
1789648907.9422274,2026-09-17T18:11:47.942227,-8.62,0.0,566869.0,0.0,88.77,28.9,0,0,0,0,-8.62,-2.48,5.0,0.0,0
1789648907.9620345,2026-09-17T18:11:47.962034,-8.62,0.0,566869.0,0.0,88.77,28.9,0,0,0,0,-8.62,-2.48,5.0,0.0,0
1789648907.9819667,2026-09-17T18:11:47.981967,-8.62,0.0,566869.0,0.0,88.77,28.9,0,0,0,0,-8.62,-2.48,5.0,0.0,0
1789648908.0018392,2026-09-17T18:11:48.001839,-8.62,0.0,566869.0,0.0,88.77,28.9,0,0,0,0,-8.62,-2.48,5.0,0.0,0
1789648908.0211658,2026-09-17T18:11:48.021166,-8.62,0.0,566869.0,0.0,88.77,28.9,0,0,0,0,-8.62,-2.48,5.0,0.0,0
1789648908.0424612,2026-09-17T18:11:48.042461,-8.62,0.0,566869.0,0.0,88.77,28.9,0,0,0,0,-8.62,-2.48,5.0,0.0,0
1789648908.0623639,2026-09-17T18:11:48.062364,-8.62,0.0,566869.0,0.0,88.77,28.9,0,0,0,0,-8.62,-2.48,5.0,0.0,0
1789648908.0816984,2026-09-17T18:11:48.081698,-8.62,0.0,566869.0,0.0,88.77,28.9,0,0,0,0,-8.62,-2.48,5.0,0.0,0
1789648908.1013527,2026-09-17T18:11:48.101353,-8.62,0.0,566869.0,0.0,88.77,28.9,0,0,0,0,-8.62,-2.48,5.0,0.0,0
1789648908.1216478,2026-09-17T18:11:48.121648,-8.62,0.0,566869.0,0.0,88.77,28.9,0,0,0,0,-8.62,-2.48,5.0,0.0,0
1789648908.142139,2026-09-17T18:11:48.142139,-8.62,0.0,566869.0,0.0,88.77,28.9,0,0,0,0,-8.62,-2.48,5.0,0.0,0
1789648908.1615262,2026-09-17T18:11:48.161526,-8.62,0.0,566869.0,0.0,88.77,28.9,0,0,0,0,-8.62,-2.48,5.0,0.0,0
1789648908.1823502,2026-09-17T18:11:48.182350,-8.62,0.0,566869.0,0.0,88.77,28.9,0,0,0,0,-8.62,-2.48,5.0,0.0,0
1789648908.2023594,2026-09-17T18:11:48.202359,-8.62,0.0,566869.0,0.0,88.77,28.9,0,0,0,0,-8.62,-2.48,5.0,0.0,0
1789648908.2213569,2026-09-17T18:11:48.221357,-8.62,0.0,566869.0,0.0,88.77,28.9,0,0,0,0,-8.62,-2.48,5.0,0.0,0
1789648908.2419794,2026-09-17T18:11:48.241979,-8.62,0.0,566869.0,0.0,88.77,28.9,0,0,0,0,-8.62,-2.48,5.0,0.0,0
1789648908.2618413,2026-09-17T18:11:48.261841,-8.62,0.0,566869.0,0.0,88.77,28.9,0,0,0,0,-8.62,-2.48,5.0,0.0,0
1789648908.2818463,2026-09-17T18:11:48.281846,-8.62,0.0,566869.0,0.0,88.77,28.9,0,0,0,0,-8.62,-2.48,5.0,0.0,0
1789648908.301405,2026-09-17T18:11:48.301405,-8.62,0.0,566869.0,0.0,88.77,28.9,0,0,0,0,-8.62,-2.48,5.0,0.0,0
1789648908.321251,2026-09-17T18:11:48.321251,-8.62,0.0,566869.0,0.0,88.77,28.9,0,0,0,0,-8.62,-2.48,5.0,0.0,0
1789648908.341627,2026-09-17T18:11:48.341627,-8.62,0.0,566869.0,0.0,88.77,28.9,0,0,0,0,-8.62,-2.48,5.0,0.0,0
1789648908.3619077,2026-09-17T18:11:48.361908,-8.62,0.0,566869.0,0.0,88.77,28.9,0,0,0,0,-8.62,-2.48,5.0,0.0,0
1789648908.3817558,2026-09-17T18:11:48.381756,-8.62,0.0,566869.0,0.0,88.77,28.9,0,0,0,0,-8.62,-2.48,5.0,0.0,0
1789648908.4024246,2026-09-17T18:11:48.402425,-8.62,0.0,566869.0,0.0,88.77,28.9,0,0,0,0,-8.62,-2.48,5.0,0.0,0
1789648908.4214005,2026-09-17T18:11:48.421401,-8.62,0.0,566869.0,0.0,88.77,28.9,0,0,0,0,-8.62,-2.48,5.0,0.0,0
1789648908.442012,2026-09-17T18:11:48.442012,-8.62,0.0,566869.0,0.0,88.77,28.9,0,0,0,0,-8.62,-2.48,5.0,0.0,0
1789648908.4620354,2026-09-17T18:11:48.462035,-8.62,0.0,566869.0,0.0,88.77,28.9,0,0,0,0,-8.62,-2.48,5.0,0.0,0
1789648908.4815328,2026-09-17T18:11:48.481533,-8.62,0.0,566869.0,0.0,88.77,28.9,0,0,0,0,-8.62,-2.48,5.0,0.0,0
1789648908.5018184,2026-09-17T18:11:48.501818,-8.62,0.0,566869.0,0.0,88.77,28.9,0,0,0,0,-8.62,-2.48,5.0,0.0,0
1789648908.5216086,2026-09-17T18:11:48.521609,-8.62,0.0,566869.0,0.0,88.77,28.9,0,0,0,0,-8.62,-2.48,5.0,0.0,0
1789648908.5420854,2026-09-17T18:11:48.542085,-8.16,0.0,566842.0,0.0,88.77,28.9,0,0,0,0,-8.16,-2.29,5.0,0.0,0
1789648908.5620265,2026-09-17T18:11:48.562027,-8.69,0.0,566842.0,0.0,88.77,28.9,0,0,0,0,-8.69,-2.29,5.0,0.0,0
1789648908.581987,2026-09-17T18:11:48.581987,-9.2,0.0,566842.0,0.0,88.77,28.9,0,0,0,0,-9.2,-2.31,5.0,0.0,0
1789648908.6019962,2026-09-17T18:11:48.601996,-9.28,0.0,566842.0,0.0,88.77,28.9,0,0,0,0,-9.28,-2.3,5.0,0.0,0
1789648908.6216156,2026-09-17T18:11:48.621616,-9.44,0.0,566842.0,0.0,88.77,28.9,0,0,0,0,-9.44,-2.31,5.0,0.0,0
1789648908.641755,2026-09-17T18:11:48.641755,-9.44,0.0,566842.0,0.0,88.77,28.9,0,0,0,0,-9.44,-2.31,5.0,0.0,0
1789648908.6617684,2026-09-17T18:11:48.661768,-9.44,0.0,566842.0,0.0,88.77,28.9,0,0,0,0,-9.44,-2.31,5.0,0.0,0
1789648908.6821156,2026-09-17T18:11:48.682116,-9.44,0.0,566842.0,0.0,88.77,28.9,0,0,0,0,-9.44,-2.31,5.0,0.0,0
1789648908.702012,2026-09-17T18:11:48.702012,-9.44,0.0,566842.0,0.0,88.77,28.9,0,0,0,0,-9.44,-2.31,5.0,0.0,0
1789648908.7214613,2026-09-17T18:11:48.721461,-9.44,0.0,566842.0,0.0,88.77,28.9,0,0,0,0,-9.44,-2.31,5.0,0.0,0
1789648908.741883,2026-09-17T18:11:48.741883,-9.44,0.0,566842.0,0.0,88.77,28.9,0,0,0,0,-9.44,-2.31,5.0,0.0,0
1789648908.762118,2026-09-17T18:11:48.762118,-9.44,0.0,566842.0,0.0,88.77,28.9,0,0,0,0,-9.44,-2.31,5.0,0.0,0
1789648908.7814476,2026-09-17T18:11:48.781448,-9.44,0.0,566842.0,0.0,88.77,28.9,0,0,0,0,-9.44,-2.31,5.0,0.0,0
1789648908.8023658,2026-09-17T18:11:48.802366,-9.44,0.0,566842.0,0.0,88.77,28.9,0,0,0,0,-9.44,-2.31,5.0,0.0,0
1789648908.822132,2026-09-17T18:11:48.822132,-9.44,0.0,566842.0,0.0,88.77,28.9,0,0,0,0,-9.44,-2.31,5.0,0.0,0
1789648908.8416667,2026-09-17T18:11:48.841667,-9.44,0.0,566842.0,0.0,88.77,28.9,0,0,0,0,-9.44,-2.31,5.0,0.0,0
1789648908.862498,2026-09-17T18:11:48.862498,-9.44,0.0,566842.0,0.0,88.77,28.9,0,0,0,0,-9.44,-2.31,5.0,0.0,0
1789648908.8812873,2026-09-17T18:11:48.881287,-9.44,0.0,566842.0,0.0,88.77,28.9,0,0,0,0,-9.44,-2.31,5.0,0.0,0
1789648908.9015238,2026-09-17T18:11:48.901524,-9.44,0.0,566842.0,0.0,88.77,28.9,0,0,0,0,-9.44,-2.31,5.0,0.0,0
1789648908.921761,2026-09-17T18:11:48.921761,-9.44,0.0,566842.0,0.0,88.77,28.9,0,0,0,0,-9.44,-2.31,5.0,0.0,0
1789648908.9420538,2026-09-17T18:11:48.942054,-9.44,0.0,566842.0,0.0,88.77,28.9,0,0,0,0,-9.44,-2.31,5.0,0.0,0
1789648908.9613945,2026-09-17T18:11:48.961395,-9.44,0.0,566842.0,0.0,88.77,28.9,0,0,0,0,-9.44,-2.31,5.0,0.0,0
1789648908.9812083,2026-09-17T18:11:48.981208,-9.44,0.0,566842.0,0.0,88.77,28.9,0,0,0,0,-9.44,-2.31,5.0,0.0,0
1789648909.001546,2026-09-17T18:11:49.001546,-9.44,0.0,566842.0,0.0,88.77,28.9,0,0,0,0,-9.44,-2.31,5.0,0.0,0
1789648909.0216339,2026-09-17T18:11:49.021634,-9.44,0.0,566842.0,0.0,88.77,28.9,0,0,0,0,-9.44,-2.31,5.0,0.0,0
1789648909.0416684,2026-09-17T18:11:49.041668,-9.44,0.0,566842.0,0.0,88.77,28.9,0,0,0,0,-9.44,-2.31,5.0,0.0,0
1789648909.061862,2026-09-17T18:11:49.061862,-9.44,0.0,566842.0,0.0,88.77,28.9,0,0,0,0,-9.44,-2.31,5.0,0.0,0
1789648909.0816832,2026-09-17T18:11:49.081683,-9.44,0.0,566842.0,0.0,88.77,28.9,0,0,0,0,-9.44,-2.31,5.0,0.0,0
1789648909.1024635,2026-09-17T18:11:49.102463,-9.44,0.0,566842.0,0.0,88.77,28.9,0,0,0,0,-9.44,-2.31,5.0,0.0,0
1789648909.1221485,2026-09-17T18:11:49.122149,-9.44,0.0,566842.0,0.0,88.77,28.9,0,0,0,0,-9.44,-2.31,5.0,0.0,0
1789648909.1421583,2026-09-17T18:11:49.142158,-9.44,0.0,566842.0,0.0,88.77,28.9,0,0,0,0,-9.44,-2.31,5.0,0.0,0
1789648909.1619222,2026-09-17T18:11:49.161922,-9.44,0.0,566842.0,0.0,88.77,28.9,0,0,0,0,-9.44,-2.31,5.0,0.0,0
1789648909.1815653,2026-09-17T18:11:49.181565,-9.44,0.0,566842.0,0.0,88.77,28.9,0,0,0,0,-9.44,-2.31,5.0,0.0,0
1789648909.2014167,2026-09-17T18:11:49.201417,-9.44,0.0,566842.0,0.0,88.77,28.9,0,0,0,0,-9.44,-2.31,5.0,0.0,0
1789648909.2214026,2026-09-17T18:11:49.221403,-9.44,0.0,566842.0,0.0,88.77,28.9,0,0,0,0,-9.44,-2.31,5.0,0.0,0
1789648909.241587,2026-09-17T18:11:49.241587,-9.44,0.0,566842.0,0.0,88.77,28.9,0,0,0,0,-9.44,-2.31,5.0,0.0,0
1789648909.262335,2026-09-17T18:11:49.262335,-9.44,0.0,566842.0,0.0,88.77,28.9,0,0,0,0,-9.44,-2.31,5.0,0.0,0
1789648909.2816868,2026-09-17T18:11:49.281687,-9.44,0.0,566842.0,0.0,88.77,28.9,0,0,0,0,-9.44,-2.31,5.0,0.0,0
1789648909.3019073,2026-09-17T18:11:49.301907,-9.44,0.0,566842.0,0.0,88.77,28.9,0,0,0,0,-9.44,-2.31,5.0,0.0,0
1789648909.3222413,2026-09-17T18:11:49.322241,-9.44,0.0,566842.0,0.0,88.77,28.9,0,0,0,0,-9.44,-2.31,5.0,0.0,0
1789648909.3422518,2026-09-17T18:11:49.342252,-9.44,0.0,566842.0,0.0,88.77,28.9,0,0,0,0,-9.44,-2.31,5.0,0.0,0
1789648909.3613493,2026-09-17T18:11:49.361349,-9.44,0.0,566842.0,0.0,88.77,28.9,0,0,0,0,-9.44,-2.31,5.0,0.0,0
1789648909.3816984,2026-09-17T18:11:49.381698,-9.44,0.0,566842.0,0.0,88.77,28.9,0,0,0,0,-9.44,-2.31,5.0,0.0,0
1789648909.401575,2026-09-17T18:11:49.401575,-9.44,0.0,566842.0,0.0,88.77,28.9,0,0,0,0,-9.44,-2.31,5.0,0.0,0
1789648909.4213724,2026-09-17T18:11:49.421372,-9.44,0.0,566842.0,0.0,88.77,28.9,0,0,0,0,-9.44,-2.31,5.0,0.0,0
1789648909.4418619,2026-09-17T18:11:49.441862,-9.44,0.0,566842.0,0.0,88.77,28.9,0,0,0,0,-9.44,-2.31,5.0,0.0,0
1789648909.462107,2026-09-17T18:11:49.462107,-9.44,0.0,566842.0,0.0,88.77,28.9,0,0,0,0,-9.44,-2.31,5.0,0.0,0
1789648909.482254,2026-09-17T18:11:49.482254,-9.44,0.0,566842.0,0.0,88.77,28.9,0,0,0,0,-9.44,-2.31,5.0,0.0,0
1789648909.5017323,2026-09-17T18:11:49.501732,-9.44,0.0,566842.0,0.0,88.77,28.9,0,0,0,0,-9.44,-2.31,5.0,0.0,0
1789648909.5221207,2026-09-17T18:11:49.522121,-9.44,0.0,566842.0,0.0,88.77,28.9,0,0,0,0,-9.44,-2.31,5.0,0.0,0
1789648909.5418844,2026-09-17T18:11:49.541884,-9.44,0.0,566842.0,0.0,88.77,28.9,0,0,0,0,-9.44,-2.31,5.0,0.0,0
1789648909.562134,2026-09-17T18:11:49.562134,-9.44,0.0,566842.0,0.0,88.77,28.9,0,0,0,0,-9.44,-2.31,5.0,0.0,0
1789648909.5815358,2026-09-17T18:11:49.581536,-9.44,0.0,566842.0,0.0,88.77,28.9,0,0,0,0,-9.44,-2.31,5.0,0.0,0
1789648909.602166,2026-09-17T18:11:49.602166,-9.44,0.0,566842.0,0.0,88.77,28.9,0,0,0,0,-9.44,-2.31,5.0,0.0,0
1789648909.6217682,2026-09-17T18:11:49.621768,-9.44,0.0,566842.0,0.0,88.77,28.9,0,0,0,0,-9.44,-2.31,5.0,0.0,0
1789648909.6412423,2026-09-17T18:11:49.641242,-9.51,0.0,566840.0,0.0,88.77,28.9,0,0,0,0,-9.51,-2.29,5.0,0.0,0
1789648909.6617715,2026-09-17T18:11:49.661772,-9.97,0.0,566840.0,0.0,88.77,28.9,0,0,0,0,-9.97,-2.31,5.0,0.0,0
1789648909.681685,2026-09-17T18:11:49.681685,-10.41,0.0,566840.0,0.0,88.77,28.9,0,0,0,0,-10.41,-2.32,5.0,0.0,0
1789648909.7025278,2026-09-17T18:11:49.702528,-10.56,0.0,566840.0,0.0,88.77,28.9,0,0,0,0,-10.56,-2.33,5.0,0.0,0
1789648909.7214198,2026-09-17T18:11:49.721420,-10.56,0.0,566840.0,0.0,88.77,28.9,0,0,0,0,-10.56,-2.33,5.0,0.0,0
1789648909.7424057,2026-09-17T18:11:49.742406,-10.56,0.0,566840.0,0.0,88.77,28.9,0,0,0,0,-10.56,-2.33,5.0,0.0,0
1789648909.7619243,2026-09-17T18:11:49.761924,-10.56,0.0,566840.0,0.0,88.77,28.9,0,0,0,0,-10.56,-2.33,5.0,0.0,0
1789648909.7816532,2026-09-17T18:11:49.781653,-10.56,0.0,566840.0,0.0,88.77,28.9,0,0,0,0,-10.56,-2.33,5.0,0.0,0
1789648909.8024695,2026-09-17T18:11:49.802469,-10.56,0.0,566840.0,0.0,88.77,28.9,0,0,0,0,-10.56,-2.33,5.0,0.0,0
1789648909.8216517,2026-09-17T18:11:49.821652,-10.56,0.0,566840.0,0.0,88.77,28.9,0,0,0,0,-10.56,-2.33,5.0,0.0,0
1789648909.8419938,2026-09-17T18:11:49.841994,-10.56,0.0,566840.0,0.0,88.77,28.9,0,0,0,0,-10.56,-2.33,5.0,0.0,0
1789648909.86231,2026-09-17T18:11:49.862310,-10.56,0.0,566840.0,0.0,88.77,28.9,0,0,0,0,-10.56,-2.33,5.0,0.0,0
1789648909.8821528,2026-09-17T18:11:49.882153,-10.56,0.0,566840.0,0.0,88.77,28.9,0,0,0,0,-10.56,-2.33,5.0,0.0,0
1789648909.9022295,2026-09-17T18:11:49.902230,-10.56,0.0,566840.0,0.0,88.77,28.9,0,0,0,0,-10.56,-2.33,5.0,0.0,0
1789648909.9295847,2026-09-17T18:11:49.929585,-10.56,0.0,566840.0,0.0,88.77,28.9,0,0,0,0,-10.56,-2.33,5.0,0.0,0
1789648909.9416823,2026-09-17T18:11:49.941682,-10.56,0.0,566840.0,0.0,88.77,28.9,0,0,0,0,-10.56,-2.33,5.0,0.0,0
1789648909.962493,2026-09-17T18:11:49.962493,-10.56,0.0,566840.0,0.0,88.77,28.9,0,0,0,0,-10.56,-2.33,5.0,0.0,0
1789648909.9814146,2026-09-17T18:11:49.981415,-10.56,0.0,566840.0,0.0,88.77,28.9,0,0,0,0,-10.56,-2.33,5.0,0.0,0
1789648910.0021906,2026-09-17T18:11:50.002191,-10.56,0.0,566840.0,0.0,88.77,28.9,0,0,0,0,-10.56,-2.33,5.0,0.0,0
1789648910.0219607,2026-09-17T18:11:50.021961,-10.56,0.0,566840.0,0.0,88.77,28.9,0,0,0,0,-10.56,-2.33,5.0,0.0,0
1789648910.0427594,2026-09-17T18:11:50.042759,-10.56,0.0,566840.0,0.0,88.77,28.9,0,0,0,0,-10.56,-2.33,5.0,0.0,0
1789648910.0616124,2026-09-17T18:11:50.061612,-10.56,0.0,566840.0,0.0,88.77,28.9,0,0,0,0,-10.56,-2.33,5.0,0.0,0
1789648910.0814228,2026-09-17T18:11:50.081423,-10.56,0.0,566840.0,0.0,88.77,28.9,0,0,0,0,-10.56,-2.33,5.0,0.0,0
1789648910.102285,2026-09-17T18:11:50.102285,-10.56,0.0,566840.0,0.0,88.77,28.9,0,0,0,0,-10.56,-2.33,5.0,0.0,0
1789648910.1220202,2026-09-17T18:11:50.122020,-10.56,0.0,566840.0,0.0,88.77,28.9,0,0,0,0,-10.56,-2.33,5.0,0.0,0
1789648910.1420124,2026-09-17T18:11:50.142012,-10.56,0.0,566840.0,0.0,88.77,28.9,0,0,0,0,-10.56,-2.33,5.0,0.0,0
1789648910.1618571,2026-09-17T18:11:50.161857,-10.56,0.0,566840.0,0.0,88.77,28.9,0,0,0,0,-10.56,-2.33,5.0,0.0,0
1789648910.1818173,2026-09-17T18:11:50.181817,-10.56,0.0,566840.0,0.0,88.77,28.9,0,0,0,0,-10.56,-2.33,5.0,0.0,0
1789648910.2016907,2026-09-17T18:11:50.201691,-10.56,0.0,566840.0,0.0,88.77,28.9,0,0,0,0,-10.56,-2.33,5.0,0.0,0
1789648910.2221248,2026-09-17T18:11:50.222125,-10.56,0.0,566840.0,0.0,88.77,28.9,0,0,0,0,-10.56,-2.33,5.0,0.0,0
1789648910.241326,2026-09-17T18:11:50.241326,-10.56,0.0,566840.0,0.0,88.77,28.9,0,0,0,0,-10.56,-2.33,5.0,0.0,0
1789648910.2622995,2026-09-17T18:11:50.262300,-10.56,0.0,566840.0,0.0,88.77,28.9,0,0,0,0,-10.56,-2.33,5.0,0.0,0
1789648910.282276,2026-09-17T18:11:50.282276,-10.56,0.0,566840.0,0.0,88.77,28.9,0,0,0,0,-10.56,-2.33,5.0,0.0,0
1789648910.3020947,2026-09-17T18:11:50.302095,-10.56,0.0,566840.0,0.0,88.77,28.9,0,0,0,0,-10.56,-2.33,5.0,0.0,0
1789648910.3222806,2026-09-17T18:11:50.322281,-10.56,0.0,566840.0,0.0,88.77,28.9,0,0,0,0,-10.56,-2.33,5.0,0.0,0
1789648910.3421836,2026-09-17T18:11:50.342184,-10.56,0.0,566840.0,0.0,88.77,28.9,0,0,0,0,-10.56,-2.33,5.0,0.0,0
1789648910.3626602,2026-09-17T18:11:50.362660,-10.56,0.0,566840.0,0.0,88.77,28.9,0,0,0,0,-10.56,-2.33,5.0,0.0,0
1789648910.3828611,2026-09-17T18:11:50.382861,-10.56,0.0,566840.0,0.0,88.77,28.9,0,0,0,0,-10.56,-2.33,5.0,0.0,0
1789648910.401626,2026-09-17T18:11:50.401626,-10.56,0.0,566840.0,0.0,88.77,28.9,0,0,0,0,-10.56,-2.33,5.0,0.0,0
1789648910.4215314,2026-09-17T18:11:50.421531,-10.56,0.0,566840.0,0.0,88.77,28.9,0,0,0,0,-10.56,-2.33,5.0,0.0,0
1789648910.4422023,2026-09-17T18:11:50.442202,-10.56,0.0,566840.0,0.0,88.77,28.9,0,0,0,0,-10.56,-2.33,5.0,0.0,0
1789648910.4621544,2026-09-17T18:11:50.462154,-10.56,0.0,566840.0,0.0,88.77,28.9,0,0,0,0,-10.56,-2.33,5.0,0.0,0
1789648910.4816186,2026-09-17T18:11:50.481619,-10.56,0.0,566840.0,0.0,88.77,28.9,0,0,0,0,-10.56,-2.33,5.0,0.0,0
1789648910.502666,2026-09-17T18:11:50.502666,-10.56,0.0,566840.0,0.0,88.77,28.9,0,0,0,0,-10.56,-2.33,5.0,0.0,0
1789648910.5221198,2026-09-17T18:11:50.522120,-10.56,0.0,566840.0,0.0,88.77,28.9,0,0,0,0,-10.56,-2.33,5.0,0.0,0
1789648910.5422459,2026-09-17T18:11:50.542246,-10.56,0.0,566840.0,0.0,88.77,28.9,0,0,0,0,-10.56,-2.33,5.0,0.0,0
1789648910.5623305,2026-09-17T18:11:50.562330,-10.56,0.0,566840.0,0.0,88.77,28.9,0,0,0,0,-10.56,-2.33,5.0,0.0,0
1789648910.5823848,2026-09-17T18:11:50.582385,-10.56,0.0,566840.0,0.0,88.77,28.9,0,0,0,0,-10.56,-2.33,5.0,0.0,0
1789648910.6019447,2026-09-17T18:11:50.601945,-10.56,0.0,566840.0,0.0,88.77,28.9,0,0,0,0,-10.56,-2.33,5.0,0.0,0
1789648910.621705,2026-09-17T18:11:50.621705,-10.56,0.0,566840.0,0.0,88.77,28.9,0,0,0,0,-10.56,-2.33,5.0,0.0,0
1789648910.6422708,2026-09-17T18:11:50.642271,-10.56,0.0,566840.0,0.0,88.77,28.9,0,0,0,0,-10.56,-2.33,5.0,0.0,0
1789648910.6614795,2026-09-17T18:11:50.661479,-10.56,0.0,566840.0,0.0,88.77,28.9,0,0,0,0,-10.56,-2.33,5.0,0.0,0
1789648910.6823246,2026-09-17T18:11:50.682325,-10.56,0.0,566840.0,0.0,88.77,28.9,0,0,0,0,-10.56,-2.33,5.0,0.0,0
1789648910.702157,2026-09-17T18:11:50.702157,-10.56,0.0,566840.0,0.0,88.77,28.9,0,0,0,0,-10.56,-2.33,5.0,0.0,0
1789648910.7219448,2026-09-17T18:11:50.721945,-10.56,0.0,566840.0,0.0,88.77,28.9,0,0,0,0,-10.56,-2.33,5.0,0.0,0
1789648910.7418594,2026-09-17T18:11:50.741859,-8.93,0.0,566860.0,0.0,88.77,28.9,0,0,0,0,-8.93,-2.3,5.0,0.0,0
1789648910.762257,2026-09-17T18:11:50.762257,-8.93,0.0,566860.0,0.0,88.77,28.9,0,0,0,0,-8.93,-2.3,5.0,0.0,0
1789648910.782057,2026-09-17T18:11:50.782057,-8.93,0.0,566860.0,0.0,88.77,28.9,0,0,0,0,-8.93,-2.3,5.0,0.0,0
1789648910.8006983,2026-09-17T18:11:50.800698,-8.93,0.0,566860.0,0.0,88.77,28.9,0,0,0,0,-8.93,-2.3,5.0,0.0,0
1789648910.821741,2026-09-17T18:11:50.821741,-8.93,0.0,566860.0,0.0,88.77,28.9,0,0,0,0,-8.93,-2.3,5.0,0.0,0
1789648910.8413956,2026-09-17T18:11:50.841396,-8.93,0.0,566860.0,0.0,88.77,28.9,0,0,0,0,-8.93,-2.3,5.0,0.0,0
1789648910.8628988,2026-09-17T18:11:50.862899,-8.93,0.0,566860.0,0.0,88.77,28.9,0,0,0,0,-8.93,-2.3,5.0,0.0,0
1789648910.8821683,2026-09-17T18:11:50.882168,-8.93,0.0,566860.0,0.0,88.77,28.9,0,0,0,0,-8.93,-2.3,5.0,0.0,0
1789648910.9018955,2026-09-17T18:11:50.901896,-8.93,0.0,566860.0,0.0,88.77,28.9,0,0,0,0,-8.93,-2.3,5.0,0.0,0
1789648910.9217124,2026-09-17T18:11:50.921712,-8.93,0.0,566860.0,0.0,88.77,28.9,0,0,0,0,-8.93,-2.3,5.0,0.0,0
1789648910.9416456,2026-09-17T18:11:50.941646,-8.93,0.0,566860.0,0.0,88.77,28.9,0,0,0,0,-8.93,-2.3,5.0,0.0,0
1789648910.9622161,2026-09-17T18:11:50.962216,-8.93,0.0,566860.0,0.0,88.77,28.9,0,0,0,0,-8.93,-2.3,5.0,0.0,0
1789648910.9811642,2026-09-17T18:11:50.981164,-8.93,0.0,566860.0,0.0,88.77,28.9,0,0,0,0,-8.93,-2.3,5.0,0.0,0
1789648911.002057,2026-09-17T18:11:51.002057,-8.93,0.0,566860.0,0.0,88.77,28.9,0,0,0,0,-8.93,-2.3,5.0,0.0,0
1789648911.021934,2026-09-17T18:11:51.021934,-8.93,0.0,566860.0,0.0,88.77,28.9,0,0,0,0,-8.93,-2.3,5.0,0.0,0
1789648911.0416706,2026-09-17T18:11:51.041671,-8.93,0.0,566860.0,0.0,88.77,28.9,0,0,0,0,-8.93,-2.3,5.0,0.0,0
1789648911.0615246,2026-09-17T18:11:51.061525,-8.93,0.0,566860.0,0.0,88.77,28.9,0,0,0,0,-8.93,-2.3,5.0,0.0,0
1789648911.0814297,2026-09-17T18:11:51.081430,-8.93,0.0,566860.0,0.0,88.77,28.9,0,0,0,0,-8.93,-2.3,5.0,0.0,0
1789648911.1021829,2026-09-17T18:11:51.102183,-8.93,0.0,566860.0,0.0,88.77,28.9,0,0,0,0,-8.93,-2.3,5.0,0.0,0
1789648911.1219184,2026-09-17T18:11:51.121918,-8.93,0.0,566860.0,0.0,88.77,28.9,0,0,0,0,-8.93,-2.3,5.0,0.0,0
1789648911.141985,2026-09-17T18:11:51.141985,-8.93,0.0,566860.0,0.0,88.77,28.9,0,0,0,0,-8.93,-2.3,5.0,0.0,0
1789648911.1617327,2026-09-17T18:11:51.161733,-8.93,0.0,566860.0,0.0,88.77,28.9,0,0,0,0,-8.93,-2.3,5.0,0.0,0
1789648911.1816003,2026-09-17T18:11:51.181600,-8.93,0.0,566860.0,0.0,88.77,28.9,0,0,0,0,-8.93,-2.3,5.0,0.0,0
1789648911.2015145,2026-09-17T18:11:51.201514,-8.93,0.0,566860.0,0.0,88.77,28.9,0,0,0,0,-8.93,-2.3,5.0,0.0,0
1789648911.2212536,2026-09-17T18:11:51.221254,-8.93,0.0,566860.0,0.0,88.77,28.9,0,0,0,0,-8.93,-2.3,5.0,0.0,0
1789648911.2418072,2026-09-17T18:11:51.241807,-8.93,0.0,566860.0,0.0,88.77,28.9,0,0,0,0,-8.93,-2.3,5.0,0.0,0
1789648911.261317,2026-09-17T18:11:51.261317,-8.93,0.0,566860.0,0.0,88.77,28.9,0,0,0,0,-8.93,-2.3,5.0,0.0,0
1789648911.2812507,2026-09-17T18:11:51.281251,-8.93,0.0,566860.0,0.0,88.77,28.9,0,0,0,0,-8.93,-2.3,5.0,0.0,0
1789648911.3013592,2026-09-17T18:11:51.301359,-8.93,0.0,566860.0,0.0,88.77,28.9,0,0,0,0,-8.93,-2.3,5.0,0.0,0
1789648911.3218904,2026-09-17T18:11:51.321890,-8.93,0.0,566860.0,0.0,88.77,28.9,0,0,0,0,-8.93,-2.3,5.0,0.0,0
1789648911.3418164,2026-09-17T18:11:51.341816,-8.93,0.0,566860.0,0.0,88.77,28.9,0,0,0,0,-8.93,-2.3,5.0,0.0,0
1789648911.3616648,2026-09-17T18:11:51.361665,-8.93,0.0,566860.0,0.0,88.77,28.9,0,0,0,0,-8.93,-2.3,5.0,0.0,0
1789648911.381484,2026-09-17T18:11:51.381484,-8.93,0.0,566860.0,0.0,88.77,28.9,0,0,0,0,-8.93,-2.3,5.0,0.0,0
1789648911.401958,2026-09-17T18:11:51.401958,-8.93,0.0,566860.0,0.0,88.77,28.9,0,0,0,0,-8.93,-2.3,5.0,0.0,0
1789648911.4214878,2026-09-17T18:11:51.421488,-8.93,0.0,566860.0,0.0,88.77,28.9,0,0,0,0,-8.93,-2.3,5.0,0.0,0
1789648911.4413953,2026-09-17T18:11:51.441395,-8.93,0.0,566860.0,0.0,88.77,28.9,0,0,0,0,-8.93,-2.3,5.0,0.0,0
1789648911.4620163,2026-09-17T18:11:51.462016,-8.93,0.0,566860.0,0.0,88.77,28.9,0,0,0,0,-8.93,-2.3,5.0,0.0,0
1789648911.4817345,2026-09-17T18:11:51.481735,-8.93,0.0,566860.0,0.0,88.77,28.9,0,0,0,0,-8.93,-2.3,5.0,0.0,0
1789648911.5023766,2026-09-17T18:11:51.502377,-8.93,0.0,566860.0,0.0,88.77,28.9,0,0,0,0,-8.93,-2.3,5.0,0.0,0
1789648911.5215404,2026-09-17T18:11:51.521540,-8.93,0.0,566860.0,0.0,88.77,28.9,0,0,0,0,-8.93,-2.3,5.0,0.0,0
1789648911.5423412,2026-09-17T18:11:51.542341,-8.93,0.0,566860.0,0.0,88.77,28.9,0,0,0,0,-8.93,-2.3,5.0,0.0,0
1789648911.5616477,2026-09-17T18:11:51.561648,-8.93,0.0,566860.0,0.0,88.77,28.9,0,0,0,0,-8.93,-2.3,5.0,0.0,0
1789648911.5814607,2026-09-17T18:11:51.581461,-8.93,0.0,566860.0,0.0,88.77,28.9,0,0,0,0,-8.93,-2.3,5.0,0.0,0
1789648911.6023846,2026-09-17T18:11:51.602385,-8.93,0.0,566860.0,0.0,88.77,28.9,0,0,0,0,-8.93,-2.3,5.0,0.0,0
1789648911.622049,2026-09-17T18:11:51.622049,-8.93,0.0,566860.0,0.0,88.77,28.9,0,0,0,0,-8.93,-2.3,5.0,0.0,0
1789648911.641646,2026-09-17T18:11:51.641646,-8.93,0.0,566860.0,0.0,88.77,28.9,0,0,0,0,-8.93,-2.3,5.0,0.0,0
1789648911.661806,2026-09-17T18:11:51.661806,-8.93,0.0,566860.0,0.0,88.77,28.9,0,0,0,0,-8.93,-2.3,5.0,0.0,0
1789648911.6816714,2026-09-17T18:11:51.681671,-8.93,0.0,566860.0,0.0,88.77,28.9,0,0,0,0,-8.93,-2.3,5.0,0.0,0
1789648911.702484,2026-09-17T18:11:51.702484,-8.93,0.0,566860.0,0.0,88.77,28.9,0,0,0,0,-8.93,-2.3,5.0,0.0,0
1789648911.7219596,2026-09-17T18:11:51.721960,-8.93,0.0,566860.0,0.0,88.77,28.9,0,0,0,0,-8.93,-2.3,5.0,0.0,0
1789648911.742245,2026-09-17T18:11:51.742245,-8.93,0.0,566860.0,0.0,88.77,28.9,0,0,0,0,-8.93,-2.3,5.0,0.0,0
1789648911.7619479,2026-09-17T18:11:51.761948,-8.93,0.0,566860.0,0.0,88.77,28.9,0,0,0,0,-8.93,-2.3,5.0,0.0,0
1789648911.7818167,2026-09-17T18:11:51.781817,-8.93,0.0,566860.0,0.0,88.77,28.9,0,0,0,0,-8.93,-2.3,5.0,0.0,0
1789648911.8022435,2026-09-17T18:11:51.802243,-8.93,0.0,566860.0,0.0,88.77,28.9,0,0,0,0,-8.93,-2.3,5.0,0.0,0
1789648911.8221595,2026-09-17T18:11:51.822160,-8.93,0.0,566860.0,0.0,88.77,28.9,0,0,0,0,-8.93,-2.3,5.0,0.0,0
1789648911.8423567,2026-09-17T18:11:51.842357,-8.68,0.0,566869.0,0.0,88.59,28.9,0,0,0,0,-8.68,-1.95,5.0,0.0,0
1789648911.8620079,2026-09-17T18:11:51.862008,-9.17,0.0,566869.0,0.0,88.59,28.9,0,0,0,0,-9.17,-1.97,5.0,0.0,0
1789648911.8820186,2026-09-17T18:11:51.882019,-9.39,0.0,566869.0,0.0,88.68,28.9,0,0,0,0,-9.39,-1.99,5.0,0.0,0
1789648911.9017897,2026-09-17T18:11:51.901790,-9.82,0.0,566869.0,0.0,88.68,28.9,0,0,0,0,-9.82,-2.0,5.0,0.0,0
1789648911.9226081,2026-09-17T18:11:51.922608,-10.12,0.0,566869.0,0.0,88.59,28.9,0,0,0,0,-10.12,-2.03,5.0,0.0,0
1789648911.9423032,2026-09-17T18:11:51.942303,-10.12,0.0,566869.0,0.0,88.59,28.9,0,0,0,0,-10.12,-2.03,5.0,0.0,0
1789648911.9619172,2026-09-17T18:11:51.961917,-10.12,0.0,566869.0,0.0,88.59,28.9,0,0,0,0,-10.12,-2.03,5.0,0.0,0
1789648911.982049,2026-09-17T18:11:51.982049,-10.12,0.0,566869.0,0.0,88.59,28.9,0,0,0,0,-10.12,-2.03,5.0,0.0,0
1789648912.00186,2026-09-17T18:11:52.001860,-10.12,0.0,566869.0,0.0,88.59,28.9,0,0,0,0,-10.12,-2.03,5.0,0.0,0
1789648912.0218456,2026-09-17T18:11:52.021846,-10.51,0.0,566864.0,0.0,88.68,28.9,0,0,0,0,-10.51,-2.04,5.0,0.0,0
1789648912.041829,2026-09-17T18:11:52.041829,-10.5,0.0,566864.0,0.0,88.68,28.9,0,0,0,0,-10.5,-2.04,5.0,0.0,0
1789648912.0623739,2026-09-17T18:11:52.062374,-10.91,0.0,566864.0,0.0,88.68,28.9,0,0,0,0,-10.91,-2.08,5.0,0.0,0
1789648912.0822499,2026-09-17T18:11:52.082250,-11.3,0.0,566864.0,0.0,88.68,28.9,0,0,0,0,-11.3,-2.12,5.0,0.0,0
1789648912.1021352,2026-09-17T18:11:52.102135,-11.54,0.0,566864.0,0.0,88.68,28.9,0,0,0,0,-11.54,-2.14,5.0,0.0,0
1789648912.121641,2026-09-17T18:11:52.121641,-11.54,0.0,566864.0,0.0,88.68,28.9,0,0,0,0,-11.54,-2.14,5.0,0.0,0
1789648912.141898,2026-09-17T18:11:52.141898,-11.54,0.0,566864.0,0.0,88.68,28.9,0,0,0,0,-11.54,-2.14,5.0,0.0,0
1789648912.1615837,2026-09-17T18:11:52.161584,-11.54,0.0,566864.0,0.0,88.68,28.9,0,0,0,0,-11.54,-2.14,5.0,0.0,0
1789648912.182266,2026-09-17T18:11:52.182266,-11.54,0.0,566864.0,0.0,88.68,28.9,0,0,0,0,-11.54,-2.14,5.0,0.0,0
1789648912.202675,2026-09-17T18:11:52.202675,-11.54,0.0,566864.0,0.0,88.68,28.9,0,0,0,0,-11.54,-2.14,5.0,0.0,0
1789648912.2219524,2026-09-17T18:11:52.221952,-11.54,0.0,566864.0,0.0,88.68,28.9,0,0,0,0,-11.54,-2.14,5.0,0.0,0
1789648912.2413568,2026-09-17T18:11:52.241357,-11.54,0.0,566864.0,0.0,88.68,28.9,0,0,0,0,-11.54,-2.14,5.0,0.0,0
1789648912.2619894,2026-09-17T18:11:52.261989,-11.54,0.0,566864.0,0.0,88.68,28.9,0,0,0,0,-11.54,-2.14,5.0,0.0,0
1789648912.2828155,2026-09-17T18:11:52.282815,-11.54,0.0,566864.0,0.0,88.68,28.9,0,0,0,0,-11.54,-2.14,5.0,0.0,0
1789648912.3022282,2026-09-17T18:11:52.302228,-11.54,0.0,566864.0,0.0,88.68,28.9,0,0,0,0,-11.54,-2.14,5.0,0.0,0
1789648912.321573,2026-09-17T18:11:52.321573,-11.54,0.0,566864.0,0.0,88.68,28.9,0,0,0,0,-11.54,-2.14,5.0,0.0,0
1789648912.342276,2026-09-17T18:11:52.342276,-11.54,0.0,566864.0,0.0,88.68,28.9,0,0,0,0,-11.54,-2.14,5.0,0.0,0
1789648912.362159,2026-09-17T18:11:52.362159,-11.54,0.0,566864.0,0.0,88.68,28.9,0,0,0,0,-11.54,-2.14,5.0,0.0,0
1789648912.3816726,2026-09-17T18:11:52.381673,-11.54,0.0,566864.0,0.0,88.68,28.9,0,0,0,0,-11.54,-2.14,5.0,0.0,0
1789648912.40189,2026-09-17T18:11:52.401890,-11.54,0.0,566864.0,0.0,88.68,28.9,0,0,0,0,-11.54,-2.14,5.0,0.0,0
1789648912.4218247,2026-09-17T18:11:52.421825,-11.54,0.0,566864.0,0.0,88.68,28.9,0,0,0,0,-11.54,-2.14,5.0,0.0,0
1789648912.4425514,2026-09-17T18:11:52.442551,-11.54,0.0,566864.0,0.0,88.68,28.9,0,0,0,0,-11.54,-2.14,5.0,0.0,0
1789648912.4624965,2026-09-17T18:11:52.462497,-11.54,0.0,566864.0,0.0,88.68,28.9,0,0,0,0,-11.54,-2.14,5.0,0.0,0
1789648912.4827774,2026-09-17T18:11:52.482777,-11.54,0.0,566864.0,0.0,88.68,28.9,0,0,0,0,-11.54,-2.14,5.0,0.0,0
1789648912.5023649,2026-09-17T18:11:52.502365,-11.54,0.0,566864.0,0.0,88.68,28.9,0,0,0,0,-11.54,-2.14,5.0,0.0,0
1789648912.5217402,2026-09-17T18:11:52.521740,-11.54,0.0,566864.0,0.0,88.68,28.9,0,0,0,0,-11.54,-2.14,5.0,0.0,0
1789648912.5416105,2026-09-17T18:11:52.541610,-11.54,0.0,566864.0,0.0,88.68,28.9,0,0,0,0,-11.54,-2.14,5.0,0.0,0
1789648912.5614574,2026-09-17T18:11:52.561457,-11.54,0.0,566864.0,0.0,88.68,28.9,0,0,0,0,-11.54,-2.14,5.0,0.0,0
1789648912.5816994,2026-09-17T18:11:52.581699,-11.54,0.0,566864.0,0.0,88.68,28.9,0,0,0,0,-11.54,-2.14,5.0,0.0,0
1789648912.6028697,2026-09-17T18:11:52.602870,-11.54,0.0,566864.0,0.0,88.68,28.9,0,0,0,0,-11.54,-2.14,5.0,0.0,0
1789648912.6220078,2026-09-17T18:11:52.622008,-11.54,0.0,566864.0,0.0,88.68,28.9,0,0,0,0,-11.54,-2.14,5.0,0.0,0
1789648912.642522,2026-09-17T18:11:52.642522,-11.54,0.0,566864.0,0.0,88.68,28.9,0,0,0,0,-11.54,-2.14,5.0,0.0,0
1789648912.6619363,2026-09-17T18:11:52.661936,-11.54,0.0,566864.0,0.0,88.68,28.9,0,0,0,0,-11.54,-2.14,5.0,0.0,0
1789648912.6815834,2026-09-17T18:11:52.681583,-11.54,0.0,566864.0,0.0,88.68,28.9,0,0,0,0,-11.54,-2.14,5.0,0.0,0
1789648912.7024572,2026-09-17T18:11:52.702457,-11.54,0.0,566864.0,0.0,88.68,28.9,0,0,0,0,-11.54,-2.14,5.0,0.0,0
1789648912.7221785,2026-09-17T18:11:52.722178,-11.54,0.0,566864.0,0.0,88.68,28.9,0,0,0,0,-11.54,-2.14,5.0,0.0,0
1789648912.7420108,2026-09-17T18:11:52.742011,-11.54,0.0,566864.0,0.0,88.68,28.9,0,0,0,0,-11.54,-2.14,5.0,0.0,0
1789648912.7617557,2026-09-17T18:11:52.761756,-11.54,0.0,566864.0,0.0,88.68,28.9,0,0,0,0,-11.54,-2.14,5.0,0.0,0
1789648912.7819893,2026-09-17T18:11:52.781989,-11.54,0.0,566864.0,0.0,88.68,28.9,0,0,0,0,-11.54,-2.14,5.0,0.0,0
1789648912.8022642,2026-09-17T18:11:52.802264,-11.54,0.0,566864.0,0.0,88.68,28.9,0,0,0,0,-11.54,-2.14,5.0,0.0,0
1789648912.8217127,2026-09-17T18:11:52.821713,-11.54,0.0,566864.0,0.0,88.68,28.9,0,0,0,0,-11.54,-2.14,5.0,0.0,0
1789648912.8422594,2026-09-17T18:11:52.842259,-11.54,0.0,566864.0,0.0,88.68,28.9,0,0,0,0,-11.54,-2.14,5.0,0.0,0
1789648912.8623497,2026-09-17T18:11:52.862350,-11.54,0.0,566864.0,0.0,88.68,28.9,0,0,0,0,-11.54,-2.14,5.0,0.0,0
1789648912.882057,2026-09-17T18:11:52.882057,-11.54,0.0,566864.0,0.0,88.68,28.9,0,0,0,0,-11.54,-2.14,5.0,0.0,0
1789648912.9018502,2026-09-17T18:11:52.901850,-11.54,0.0,566864.0,0.0,88.68,28.9,0,0,0,0,-11.54,-2.14,5.0,0.0,0
1789648912.9216127,2026-09-17T18:11:52.921613,-11.54,0.0,566864.0,0.0,88.68,28.9,0,0,0,0,-11.54,-2.14,5.0,0.0,0
1789648912.9429524,2026-09-17T18:11:52.942952,-11.54,0.0,566864.0,0.0,88.68,28.9,0,0,0,0,-11.54,-2.14,5.0,0.0,0
1789648912.9622557,2026-09-17T18:11:52.962256,-11.54,0.0,566864.0,0.0,88.68,28.9,0,0,0,0,-11.54,-2.14,5.0,0.0,0
1789648912.9822454,2026-09-17T18:11:52.982245,-11.54,0.0,566864.0,0.0,88.68,28.9,0,0,0,0,-11.54,-2.14,5.0,0.0,0
1789648913.0023212,2026-09-17T18:11:53.002321,-11.54,0.0,566864.0,0.0,88.68,28.9,0,0,0,0,-11.54,-2.14,5.0,0.0,0
1789648913.0223045,2026-09-17T18:11:53.022305,-11.54,0.0,566864.0,0.0,88.68,28.9,0,0,0,0,-11.54,-2.14,5.0,0.0,0
1789648913.0416863,2026-09-17T18:11:53.041686,-11.54,0.0,566864.0,0.0,88.68,28.9,0,0,0,0,-11.54,-2.14,5.0,0.0,0
1789648913.0624585,2026-09-17T18:11:53.062459,-11.54,0.0,566864.0,0.0,88.68,28.9,0,0,0,0,-11.54,-2.14,5.0,0.0,0
1789648913.0823727,2026-09-17T18:11:53.082373,-11.54,0.0,566864.0,0.0,88.68,28.9,0,0,0,0,-11.54,-2.14,5.0,0.0,0
1789648913.1021066,2026-09-17T18:11:53.102107,-11.54,0.0,566864.0,0.0,88.68,28.9,0,0,0,0,-11.54,-2.14,5.0,0.0,0
1789648913.1216335,2026-09-17T18:11:53.121634,-11.88,0.0,566788.0,0.0,88.68,28.9,0,0,0,0,-11.88,-2.16,5.0,0.0,0
1789648913.141809,2026-09-17T18:11:53.141809,-12.19,0.0,566788.0,0.0,88.68,28.9,0,0,0,0,-12.19,-2.17,5.0,0.0,0
1789648913.1616893,2026-09-17T18:11:53.161689,-12.5,0.0,566788.0,0.0,88.68,28.9,0,0,0,0,-12.5,-2.2,5.0,0.0,0
1789648913.1824653,2026-09-17T18:11:53.182465,-12.69,0.0,566788.0,0.0,88.68,28.9,0,0,0,0,-12.69,-2.21,5.0,0.0,0
1789648913.2014477,2026-09-17T18:11:53.201448,-12.69,0.0,566788.0,0.0,88.68,28.9,0,0,0,0,-12.69,-2.21,5.0,0.0,0
1789648913.2222118,2026-09-17T18:11:53.222212,-12.69,0.0,566788.0,0.0,88.68,28.9,0,0,0,0,-12.69,-2.21,5.0,0.0,0
1789648913.2421832,2026-09-17T18:11:53.242183,-12.69,0.0,566788.0,0.0,88.68,28.9,0,0,0,0,-12.69,-2.21,5.0,0.0,0
1789648913.2618892,2026-09-17T18:11:53.261889,-12.69,0.0,566788.0,0.0,88.68,28.9,0,0,0,0,-12.69,-2.21,5.0,0.0,0
1789648913.2818997,2026-09-17T18:11:53.281900,-12.69,0.0,566788.0,0.0,88.68,28.9,0,0,0,0,-12.69,-2.21,5.0,0.0,0
1789648913.3025138,2026-09-17T18:11:53.302514,-12.69,0.0,566788.0,0.0,88.68,28.9,0,0,0,0,-12.69,-2.21,5.0,0.0,0
1789648913.3216748,2026-09-17T18:11:53.321675,-12.69,0.0,566788.0,0.0,88.68,28.9,0,0,0,0,-12.69,-2.21,5.0,0.0,0
1789648913.3419933,2026-09-17T18:11:53.341993,-12.69,0.0,566788.0,0.0,88.68,28.9,0,0,0,0,-12.69,-2.21,5.0,0.0,0
1789648913.3626688,2026-09-17T18:11:53.362669,-12.69,0.0,566788.0,0.0,88.68,28.9,0,0,0,0,-12.69,-2.21,5.0,0.0,0
1789648913.3823354,2026-09-17T18:11:53.382335,-12.69,0.0,566788.0,0.0,88.68,28.9,0,0,0,0,-12.69,-2.21,5.0,0.0,0
1789648913.4020033,2026-09-17T18:11:53.402003,-12.69,0.0,566788.0,0.0,88.68,28.9,0,0,0,0,-12.69,-2.21,5.0,0.0,0
1789648913.4227672,2026-09-17T18:11:53.422767,-12.69,0.0,566788.0,0.0,88.68,28.9,0,0,0,0,-12.69,-2.21,5.0,0.0,0
1789648913.4415727,2026-09-17T18:11:53.441573,-12.69,0.0,566788.0,0.0,88.68,28.9,0,0,0,0,-12.69,-2.21,5.0,0.0,0
1789648913.4615932,2026-09-17T18:11:53.461593,-12.69,0.0,566788.0,0.0,88.68,28.9,0,0,0,0,-12.69,-2.21,5.0,0.0,0
1789648913.4822981,2026-09-17T18:11:53.482298,-12.69,0.0,566788.0,0.0,88.68,28.9,0,0,0,0,-12.69,-2.21,5.0,0.0,0
1789648913.5020711,2026-09-17T18:11:53.502071,-12.69,0.0,566788.0,0.0,88.68,28.9,0,0,0,0,-12.69,-2.21,5.0,0.0,0
1789648913.5223987,2026-09-17T18:11:53.522399,-12.69,0.0,566788.0,0.0,88.68,28.9,0,0,0,0,-12.69,-2.21,5.0,0.0,0
1789648913.5419996,2026-09-17T18:11:53.542000,-12.69,0.0,566788.0,0.0,88.68,28.9,0,0,0,0,-12.69,-2.21,5.0,0.0,0
1789648913.562513,2026-09-17T18:11:53.562513,-12.69,0.0,566788.0,0.0,88.68,28.9,0,0,0,0,-12.69,-2.21,5.0,0.0,0
1789648913.5824063,2026-09-17T18:11:53.582406,-12.69,0.0,566788.0,0.0,88.68,28.9,0,0,0,0,-12.69,-2.21,5.0,0.0,0
1789648913.6020637,2026-09-17T18:11:53.602064,-12.69,0.0,566788.0,0.0,88.68,28.9,0,0,0,0,-12.69,-2.21,5.0,0.0,0
1789648913.6216185,2026-09-17T18:11:53.621619,-12.69,0.0,566788.0,0.0,88.68,28.9,0,0,0,0,-12.69,-2.21,5.0,0.0,0
1789648913.6424937,2026-09-17T18:11:53.642494,-12.69,0.0,566788.0,0.0,88.68,28.9,0,0,0,0,-12.69,-2.21,5.0,0.0,0
1789648913.6616614,2026-09-17T18:11:53.661661,-12.69,0.0,566788.0,0.0,88.68,28.9,0,0,0,0,-12.69,-2.21,5.0,0.0,0
1789648913.681654,2026-09-17T18:11:53.681654,-12.69,0.0,566788.0,0.0,88.68,28.9,0,0,0,0,-12.69,-2.21,5.0,0.0,0
1789648913.7024193,2026-09-17T18:11:53.702419,-12.69,0.0,566788.0,0.0,88.68,28.9,0,0,0,0,-12.69,-2.21,5.0,0.0,0
1789648913.722251,2026-09-17T18:11:53.722251,-12.69,0.0,566788.0,0.0,88.68,28.9,0,0,0,0,-12.69,-2.21,5.0,0.0,0
1789648913.7425146,2026-09-17T18:11:53.742515,-12.69,0.0,566788.0,0.0,88.68,28.9,0,0,0,0,-12.69,-2.21,5.0,0.0,0
1789648913.7619288,2026-09-17T18:11:53.761929,-12.69,0.0,566788.0,0.0,88.68,28.9,0,0,0,0,-12.69,-2.21,5.0,0.0,0
1789648913.7818904,2026-09-17T18:11:53.781890,-12.69,0.0,566788.0,0.0,88.68,28.9,0,0,0,0,-12.69,-2.21,5.0,0.0,0
1789648913.8026764,2026-09-17T18:11:53.802676,-12.69,0.0,566788.0,0.0,88.68,28.9,0,0,0,0,-12.69,-2.21,5.0,0.0,0
1789648913.8221662,2026-09-17T18:11:53.822166,-12.69,0.0,566788.0,0.0,88.68,28.9,0,0,0,0,-12.69,-2.21,5.0,0.0,0
1789648913.8424337,2026-09-17T18:11:53.842434,-12.69,0.0,566788.0,0.0,88.68,28.9,0,0,0,0,-12.69,-2.21,5.0,0.0,0
1789648913.862378,2026-09-17T18:11:53.862378,-12.69,0.0,566788.0,0.0,88.68,28.9,0,0,0,0,-12.69,-2.21,5.0,0.0,0
1789648913.88207,2026-09-17T18:11:53.882070,-12.69,0.0,566788.0,0.0,88.68,28.9,0,0,0,0,-12.69,-2.21,5.0,0.0,0
1789648913.9027658,2026-09-17T18:11:53.902766,-12.69,0.0,566788.0,0.0,88.68,28.9,0,0,0,0,-12.69,-2.21,5.0,0.0,0
1789648913.9227006,2026-09-17T18:11:53.922701,-12.69,0.0,566788.0,0.0,88.68,28.9,0,0,0,0,-12.69,-2.21,5.0,0.0,0
1789648913.9423854,2026-09-17T18:11:53.942385,-12.69,0.0,566788.0,0.0,88.68,28.9,0,0,0,0,-12.69,-2.21,5.0,0.0,0
1789648913.962213,2026-09-17T18:11:53.962213,-12.69,0.0,566788.0,0.0,88.68,28.9,0,0,0,0,-12.69,-2.21,5.0,0.0,0
1789648913.9820924,2026-09-17T18:11:53.982092,-12.69,0.0,566788.0,0.0,88.68,28.9,0,0,0,0,-12.69,-2.21,5.0,0.0,0
1789648914.0019639,2026-09-17T18:11:54.001964,-12.69,0.0,566788.0,0.0,88.68,28.9,0,0,0,0,-12.69,-2.21,5.0,0.0,0
1789648914.0217056,2026-09-17T18:11:54.021706,-12.69,0.0,566788.0,0.0,88.68,28.9,0,0,0,0,-12.69,-2.21,5.0,0.0,0
1789648914.0418942,2026-09-17T18:11:54.041894,-12.69,0.0,566788.0,0.0,88.68,28.9,0,0,0,0,-12.69,-2.21,5.0,0.0,0
1789648914.062158,2026-09-17T18:11:54.062158,-12.69,0.0,566788.0,0.0,88.68,28.9,0,0,0,0,-12.69,-2.21,5.0,0.0,0
1789648914.0823917,2026-09-17T18:11:54.082392,-12.69,0.0,566788.0,0.0,88.68,28.9,0,0,0,0,-12.69,-2.21,5.0,0.0,0
1789648914.1012406,2026-09-17T18:11:54.101241,-12.69,0.0,566788.0,0.0,88.68,28.9,0,0,0,0,-12.69,-2.21,5.0,0.0,0
1789648914.1219807,2026-09-17T18:11:54.121981,-12.69,0.0,566788.0,0.0,88.68,28.9,0,0,0,0,-12.69,-2.21,5.0,0.0,0
1789648914.1419654,2026-09-17T18:11:54.141965,-12.69,0.0,566788.0,0.0,88.68,28.9,0,0,0,0,-12.69,-2.21,5.0,0.0,0
1789648914.161771,2026-09-17T18:11:54.161771,-12.69,0.0,566788.0,0.0,88.68,28.9,0,0,0,0,-12.69,-2.21,5.0,0.0,0
1789648914.1825054,2026-09-17T18:11:54.182505,-12.69,0.0,566788.0,0.0,88.68,28.9,0,0,0,0,-12.69,-2.21,5.0,0.0,0
1789648914.2014306,2026-09-17T18:11:54.201431,-12.69,0.0,566788.0,0.0,88.68,28.9,0,0,0,0,-12.69,-2.21,5.0,0.0,0
1789648914.2221613,2026-09-17T18:11:54.222161,-12.97,0.0,566841.0,0.0,88.86,28.9,0,0,0,0,-12.97,-2.24,5.0,0.0,0
1789648914.2420146,2026-09-17T18:11:54.242015,-13.28,0.0,566841.0,0.0,88.86,28.9,0,0,0,0,-13.28,-2.24,5.0,0.0,0
1789648914.261759,2026-09-17T18:11:54.261759,-13.52,0.0,566841.0,0.0,88.86,28.9,0,0,0,0,-13.52,-2.26,5.0,0.0,0
1789648914.2826252,2026-09-17T18:11:54.282625,-13.6,0.0,566841.0,0.0,88.86,28.9,0,0,0,0,-13.6,-2.27,5.0,0.0,0
1789648914.3022432,2026-09-17T18:11:54.302243,-13.6,0.0,566841.0,0.0,88.86,28.9,0,0,0,0,-13.6,-2.27,5.0,0.0,0
1789648914.322484,2026-09-17T18:11:54.322484,-13.6,0.0,566841.0,0.0,88.86,28.9,0,0,0,0,-13.6,-2.27,5.0,0.0,0
1789648914.3423517,2026-09-17T18:11:54.342352,-13.6,0.0,566841.0,0.0,88.86,28.9,0,0,0,0,-13.6,-2.27,5.0,0.0,0
1789648914.3615155,2026-09-17T18:11:54.361516,-13.6,0.0,566841.0,0.0,88.86,28.9,0,0,0,0,-13.6,-2.27,5.0,0.0,0
1789648914.3820012,2026-09-17T18:11:54.382001,-13.6,0.0,566841.0,0.0,88.86,28.9,0,0,0,0,-13.6,-2.27,5.0,0.0,0
1789648914.4017394,2026-09-17T18:11:54.401739,-13.6,0.0,566841.0,0.0,88.86,28.9,0,0,0,0,-13.6,-2.27,5.0,0.0,0
1789648914.422598,2026-09-17T18:11:54.422598,-13.6,0.0,566841.0,0.0,88.86,28.9,0,0,0,0,-13.6,-2.27,5.0,0.0,0
1789648914.4425538,2026-09-17T18:11:54.442554,-13.6,0.0,566841.0,0.0,88.86,28.9,0,0,0,0,-13.6,-2.27,5.0,0.0,0
1789648914.462339,2026-09-17T18:11:54.462339,-13.6,0.0,566841.0,0.0,88.86,28.9,0,0,0,0,-13.6,-2.27,5.0,0.0,0
1789648914.4822347,2026-09-17T18:11:54.482235,-13.6,0.0,566841.0,0.0,88.86,28.9,0,0,0,0,-13.6,-2.27,5.0,0.0,0
1789648914.5020084,2026-09-17T18:11:54.502008,-13.6,0.0,566841.0,0.0,88.86,28.9,0,0,0,0,-13.6,-2.27,5.0,0.0,0
1789648914.521847,2026-09-17T18:11:54.521847,-13.6,0.0,566841.0,0.0,88.86,28.9,0,0,0,0,-13.6,-2.27,5.0,0.0,0
1789648914.5417,2026-09-17T18:11:54.541700,-13.6,0.0,566841.0,0.0,88.86,28.9,0,0,0,0,-13.6,-2.27,5.0,0.0,0
1789648914.5626762,2026-09-17T18:11:54.562676,-13.6,0.0,566841.0,0.0,88.86,28.9,0,0,0,0,-13.6,-2.27,5.0,0.0,0
1789648914.5821157,2026-09-17T18:11:54.582116,-13.6,0.0,566841.0,0.0,88.86,28.9,0,0,0,0,-13.6,-2.27,5.0,0.0,0
1789648914.6020257,2026-09-17T18:11:54.602026,-13.6,0.0,566841.0,0.0,88.86,28.9,0,0,0,0,-13.6,-2.27,5.0,0.0,0
1789648914.6223207,2026-09-17T18:11:54.622321,-13.6,0.0,566841.0,0.0,88.86,28.9,0,0,0,0,-13.6,-2.27,5.0,0.0,0
1789648914.642785,2026-09-17T18:11:54.642785,-13.6,0.0,566841.0,0.0,88.86,28.9,0,0,0,0,-13.6,-2.27,5.0,0.0,0
1789648914.661732,2026-09-17T18:11:54.661732,-13.6,0.0,566841.0,0.0,88.86,28.9,0,0,0,0,-13.6,-2.27,5.0,0.0,0
1789648914.6820166,2026-09-17T18:11:54.682017,-13.6,0.0,566841.0,0.0,88.86,28.9,0,0,0,0,-13.6,-2.27,5.0,0.0,0
1789648914.702422,2026-09-17T18:11:54.702422,-13.6,0.0,566841.0,0.0,88.86,28.9,0,0,0,0,-13.6,-2.27,5.0,0.0,0
1789648914.7222831,2026-09-17T18:11:54.722283,-13.6,0.0,566841.0,0.0,88.86,28.9,0,0,0,0,-13.6,-2.27,5.0,0.0,0
1789648914.7421174,2026-09-17T18:11:54.742117,-13.6,0.0,566841.0,0.0,88.86,28.9,0,0,0,0,-13.6,-2.27,5.0,0.0,0
1789648914.7618854,2026-09-17T18:11:54.761885,-13.6,0.0,566841.0,0.0,88.86,28.9,0,0,0,0,-13.6,-2.27,5.0,0.0,0
1789648914.7826133,2026-09-17T18:11:54.782613,-13.6,0.0,566841.0,0.0,88.86,28.9,0,0,0,0,-13.6,-2.27,5.0,0.0,0
1789648914.802472,2026-09-17T18:11:54.802472,-13.6,0.0,566841.0,0.0,88.86,28.9,0,0,0,0,-13.6,-2.27,5.0,0.0,0
1789648914.8223295,2026-09-17T18:11:54.822330,-13.6,0.0,566841.0,0.0,88.86,28.9,0,0,0,0,-13.6,-2.27,5.0,0.0,0
1789648914.8421993,2026-09-17T18:11:54.842199,-13.6,0.0,566841.0,0.0,88.86,28.9,0,0,0,0,-13.6,-2.27,5.0,0.0,0
1789648914.8624356,2026-09-17T18:11:54.862436,-13.6,0.0,566841.0,0.0,88.86,28.9,0,0,0,0,-13.6,-2.27,5.0,0.0,0
1789648914.8826852,2026-09-17T18:11:54.882685,-13.6,0.0,566841.0,0.0,88.86,28.9,0,0,0,0,-13.6,-2.27,5.0,0.0,0
1789648914.9022748,2026-09-17T18:11:54.902275,-13.6,0.0,566841.0,0.0,88.86,28.9,0,0,0,0,-13.6,-2.27,5.0,0.0,0
1789648914.9216328,2026-09-17T18:11:54.921633,-13.6,0.0,566841.0,0.0,88.86,28.9,0,0,0,0,-13.6,-2.27,5.0,0.0,0
1789648914.942526,2026-09-17T18:11:54.942526,-13.6,0.0,566841.0,0.0,88.86,28.9,0,0,0,0,-13.6,-2.27,5.0,0.0,0
1789648914.9624152,2026-09-17T18:11:54.962415,-13.6,0.0,566841.0,0.0,88.86,28.9,0,0,0,0,-13.6,-2.27,5.0,0.0,0
1789648914.981921,2026-09-17T18:11:54.981921,-13.6,0.0,566841.0,0.0,88.86,28.9,0,0,0,0,-13.6,-2.27,5.0,0.0,0
1789648915.0020874,2026-09-17T18:11:55.002087,-13.6,0.0,566841.0,0.0,88.86,28.9,0,0,0,0,-13.6,-2.27,5.0,0.0,0
1789648915.0218396,2026-09-17T18:11:55.021840,-13.6,0.0,566841.0,0.0,88.86,28.9,0,0,0,0,-13.6,-2.27,5.0,0.0,0
1789648915.0417514,2026-09-17T18:11:55.041751,-13.6,0.0,566841.0,0.0,88.86,28.9,0,0,0,0,-13.6,-2.27,5.0,0.0,0
1789648915.062446,2026-09-17T18:11:55.062446,-13.6,0.0,566841.0,0.0,88.86,28.9,0,0,0,0,-13.6,-2.27,5.0,0.0,0
1789648915.0822082,2026-09-17T18:11:55.082208,-13.6,0.0,566841.0,0.0,88.86,28.9,0,0,0,0,-13.6,-2.27,5.0,0.0,0
1789648915.1021128,2026-09-17T18:11:55.102113,-13.6,0.0,566841.0,0.0,88.86,28.9,0,0,0,0,-13.6,-2.27,5.0,0.0,0
1789648915.1221206,2026-09-17T18:11:55.122121,-13.6,0.0,566841.0,0.0,88.86,28.9,0,0,0,0,-13.6,-2.27,5.0,0.0,0
1789648915.1424644,2026-09-17T18:11:55.142464,-13.6,0.0,566841.0,0.0,88.86,28.9,0,0,0,0,-13.6,-2.27,5.0,0.0,0
1789648915.1617024,2026-09-17T18:11:55.161702,-13.6,0.0,566841.0,0.0,88.86,28.9,0,0,0,0,-13.6,-2.27,5.0,0.0,0
1789648915.1817546,2026-09-17T18:11:55.181755,-13.6,0.0,566841.0,0.0,88.86,28.9,0,0,0,0,-13.6,-2.27,5.0,0.0,0
1789648915.2016726,2026-09-17T18:11:55.201673,-13.6,0.0,566841.0,0.0,88.86,28.9,0,0,0,0,-13.6,-2.27,5.0,0.0,0
1789648915.2221293,2026-09-17T18:11:55.222129,-13.6,0.0,566841.0,0.0,88.86,28.9,0,0,0,0,-13.6,-2.27,5.0,0.0,0
1789648915.242104,2026-09-17T18:11:55.242104,-13.6,0.0,566841.0,0.0,88.86,28.9,0,0,0,0,-13.6,-2.27,5.0,0.0,0
1789648915.2617826,2026-09-17T18:11:55.261783,-13.6,0.0,566841.0,0.0,88.86,28.9,0,0,0,0,-13.6,-2.27,5.0,0.0,0
1789648915.2826023,2026-09-17T18:11:55.282602,-13.6,0.0,566841.0,0.0,88.86,28.9,0,0,0,0,-13.6,-2.27,5.0,0.0,0
1789648915.3025267,2026-09-17T18:11:55.302527,-13.6,0.0,566841.0,0.0,88.86,28.9,0,0,0,0,-13.6,-2.27,5.0,0.0,0
1789648915.3223686,2026-09-17T18:11:55.322369,-13.82,0.0,566891.0,0.0,88.77,28.9,0,0,0,0,-13.82,-2.28,5.0,0.0,0
1789648915.3417926,2026-09-17T18:11:55.341793,-14.1,0.0,566891.0,0.0,88.77,28.9,0,0,0,0,-14.1,-2.3,5.0,0.0,0
1789648915.3622162,2026-09-17T18:11:55.362216,-14.16,0.0,566891.0,0.0,88.77,28.9,0,0,0,0,-14.16,-2.31,5.0,0.0,0
1789648915.3819993,2026-09-17T18:11:55.381999,-14.16,0.0,566891.0,0.0,88.77,28.9,0,0,0,0,-14.16,-2.31,5.0,0.0,0
1789648915.401955,2026-09-17T18:11:55.401955,-14.16,0.0,566891.0,0.0,88.77,28.9,0,0,0,0,-14.16,-2.31,5.0,0.0,0
1789648915.4219966,2026-09-17T18:11:55.421997,-14.16,0.0,566891.0,0.0,88.77,28.9,0,0,0,0,-14.16,-2.31,5.0,0.0,0
1789648915.441845,2026-09-17T18:11:55.441845,-14.16,0.0,566891.0,0.0,88.77,28.9,0,0,0,0,-14.16,-2.31,5.0,0.0,0
1789648915.4626443,2026-09-17T18:11:55.462644,-14.16,0.0,566891.0,0.0,88.77,28.9,0,0,0,0,-14.16,-2.31,5.0,0.0,0
1789648915.4824517,2026-09-17T18:11:55.482452,-14.16,0.0,566891.0,0.0,88.77,28.9,0,0,0,0,-14.16,-2.31,5.0,0.0,0
1789648915.5020766,2026-09-17T18:11:55.502077,-14.16,0.0,566891.0,0.0,88.77,28.9,0,0,0,0,-14.16,-2.31,5.0,0.0,0
1789648915.521834,2026-09-17T18:11:55.521834,-14.16,0.0,566891.0,0.0,88.77,28.9,0,0,0,0,-14.16,-2.31,5.0,0.0,0
1789648915.5426571,2026-09-17T18:11:55.542657,-14.16,0.0,566891.0,0.0,88.77,28.9,0,0,0,0,-14.16,-2.31,5.0,0.0,0
1789648915.5624628,2026-09-17T18:11:55.562463,-14.16,0.0,566891.0,0.0,88.77,28.9,0,0,0,0,-14.16,-2.31,5.0,0.0,0
1789648915.5823433,2026-09-17T18:11:55.582343,-14.16,0.0,566891.0,0.0,88.77,28.9,0,0,0,0,-14.16,-2.31,5.0,0.0,0
1789648915.6022592,2026-09-17T18:11:55.602259,-14.16,0.0,566891.0,0.0,88.77,28.9,0,0,0,0,-14.16,-2.31,5.0,0.0,0
1789648915.6228268,2026-09-17T18:11:55.622827,-14.16,0.0,566891.0,0.0,88.77,28.9,0,0,0,0,-14.16,-2.31,5.0,0.0,0
1789648915.6428182,2026-09-17T18:11:55.642818,-14.16,0.0,566891.0,0.0,88.77,28.9,0,0,0,0,-14.16,-2.31,5.0,0.0,0
1789648915.663862,2026-09-17T18:11:55.663862,-14.16,0.0,566891.0,0.0,88.77,28.9,0,0,0,0,-14.16,-2.31,5.0,0.0,0
1789648915.6903825,2026-09-17T18:11:55.690382,-14.16,0.0,566891.0,0.0,88.77,28.9,0,0,0,0,-14.16,-2.31,5.0,0.0,0
1789648915.702282,2026-09-17T18:11:55.702282,-14.16,0.0,566891.0,0.0,88.77,28.9,0,0,0,0,-14.16,-2.31,5.0,0.0,0
1789648915.7222815,2026-09-17T18:11:55.722281,-14.16,0.0,566891.0,0.0,88.77,28.9,0,0,0,0,-14.16,-2.31,5.0,0.0,0
1789648915.7424297,2026-09-17T18:11:55.742430,-14.16,0.0,566891.0,0.0,88.77,28.9,0,0,0,0,-14.16,-2.31,5.0,0.0,0
1789648915.761729,2026-09-17T18:11:55.761729,-14.16,0.0,566891.0,0.0,88.77,28.9,0,0,0,0,-14.16,-2.31,5.0,0.0,0
1789648915.7822664,2026-09-17T18:11:55.782266,-14.16,0.0,566891.0,0.0,88.77,28.9,0,0,0,0,-14.16,-2.31,5.0,0.0,0
1789648915.8020794,2026-09-17T18:11:55.802079,-14.16,0.0,566891.0,0.0,88.77,28.9,0,0,0,0,-14.16,-2.31,5.0,0.0,0
1789648915.822246,2026-09-17T18:11:55.822246,-14.16,0.0,566891.0,0.0,88.77,28.9,0,0,0,0,-14.16,-2.31,5.0,0.0,0
1789648915.842467,2026-09-17T18:11:55.842467,-14.16,0.0,566891.0,0.0,88.77,28.9,0,0,0,0,-14.16,-2.31,5.0,0.0,0
1789648915.8622615,2026-09-17T18:11:55.862262,-14.16,0.0,566891.0,0.0,88.77,28.9,0,0,0,0,-14.16,-2.31,5.0,0.0,0
1789648915.8825138,2026-09-17T18:11:55.882514,-14.16,0.0,566891.0,0.0,88.77,28.9,0,0,0,0,-14.16,-2.31,5.0,0.0,0
1789648915.9016688,2026-09-17T18:11:55.901669,-14.16,0.0,566891.0,0.0,88.77,28.9,0,0,0,0,-14.16,-2.31,5.0,0.0,0
1789648915.9227962,2026-09-17T18:11:55.922796,-14.16,0.0,566891.0,0.0,88.77,28.9,0,0,0,0,-14.16,-2.31,5.0,0.0,0
1789648915.9418159,2026-09-17T18:11:55.941816,-14.16,0.0,566891.0,0.0,88.77,28.9,0,0,0,0,-14.16,-2.31,5.0,0.0,0
1789648915.9624896,2026-09-17T18:11:55.962490,-14.16,0.0,566891.0,0.0,88.77,28.9,0,0,0,0,-14.16,-2.31,5.0,0.0,0
1789648915.982914,2026-09-17T18:11:55.982914,-14.16,0.0,566891.0,0.0,88.77,28.9,0,0,0,0,-14.16,-2.31,5.0,0.0,0
1789648916.0021057,2026-09-17T18:11:56.002106,-14.16,0.0,566891.0,0.0,88.77,28.9,0,0,0,0,-14.16,-2.31,5.0,0.0,0
1789648916.0223806,2026-09-17T18:11:56.022381,-14.16,0.0,566891.0,0.0,88.77,28.9,0,0,0,0,-14.16,-2.31,5.0,0.0,0
1789648916.0422146,2026-09-17T18:11:56.042215,-14.16,0.0,566891.0,0.0,88.77,28.9,0,0,0,0,-14.16,-2.31,5.0,0.0,0
1789648916.062661,2026-09-17T18:11:56.062661,-14.16,0.0,566891.0,0.0,88.77,28.9,0,0,0,0,-14.16,-2.31,5.0,0.0,0
1789648916.0826652,2026-09-17T18:11:56.082665,-14.16,0.0,566891.0,0.0,88.77,28.9,0,0,0,0,-14.16,-2.31,5.0,0.0,0
1789648916.102188,2026-09-17T18:11:56.102188,-14.16,0.0,566891.0,0.0,88.77,28.9,0,0,0,0,-14.16,-2.31,5.0,0.0,0
1789648916.122112,2026-09-17T18:11:56.122112,-14.16,0.0,566891.0,0.0,88.77,28.9,0,0,0,0,-14.16,-2.31,5.0,0.0,0
1789648916.1422093,2026-09-17T18:11:56.142209,-14.16,0.0,566891.0,0.0,88.77,28.9,0,0,0,0,-14.16,-2.31,5.0,0.0,0
1789648916.1623883,2026-09-17T18:11:56.162388,-14.16,0.0,566891.0,0.0,88.77,28.9,0,0,0,0,-14.16,-2.31,5.0,0.0,0
1789648916.1824574,2026-09-17T18:11:56.182457,-14.16,0.0,566891.0,0.0,88.77,28.9,0,0,0,0,-14.16,-2.31,5.0,0.0,0
1789648916.2027972,2026-09-17T18:11:56.202797,-14.16,0.0,566891.0,0.0,88.77,28.9,0,0,0,0,-14.16,-2.31,5.0,0.0,0
1789648916.2225869,2026-09-17T18:11:56.222587,-14.16,0.0,566891.0,0.0,88.77,28.9,0,0,0,0,-14.16,-2.31,5.0,0.0,0
1789648916.2425263,2026-09-17T18:11:56.242526,-14.16,0.0,566891.0,0.0,88.77,28.9,0,0,0,0,-14.16,-2.31,5.0,0.0,0
1789648916.2627003,2026-09-17T18:11:56.262700,-14.16,0.0,566891.0,0.0,88.77,28.9,0,0,0,0,-14.16,-2.31,5.0,0.0,0
1789648916.282047,2026-09-17T18:11:56.282047,-14.16,0.0,566891.0,0.0,88.77,28.9,0,0,0,0,-14.16,-2.31,5.0,0.0,0
1789648916.302721,2026-09-17T18:11:56.302721,-14.16,0.0,566891.0,0.0,88.77,28.9,0,0,0,0,-14.16,-2.31,5.0,0.0,0
1789648916.322805,2026-09-17T18:11:56.322805,-14.16,0.0,566891.0,0.0,88.77,28.9,0,0,0,0,-14.16,-2.31,5.0,0.0,0
1789648916.3416157,2026-09-17T18:11:56.341616,-14.16,0.0,566891.0,0.0,88.77,28.9,0,0,0,0,-14.16,-2.31,5.0,0.0,0
1789648916.3616915,2026-09-17T18:11:56.361691,-14.16,0.0,566891.0,0.0,88.77,28.9,0,0,0,0,-14.16,-2.31,5.0,0.0,0
1789648916.3827713,2026-09-17T18:11:56.382771,-14.16,0.0,566891.0,0.0,88.77,28.9,0,0,0,0,-14.16,-2.31,5.0,0.0,0
1789648916.4027703,2026-09-17T18:11:56.402770,-14.16,0.0,566891.0,0.0,88.77,28.9,0,0,0,0,-14.16,-2.31,5.0,0.0,0
1789648916.4220047,2026-09-17T18:11:56.422005,-14.36,0.0,566891.0,0.0,88.77,28.9,0,0,0,0,-14.36,-2.3,5.0,0.0,0
1789648916.442408,2026-09-17T18:11:56.442408,-14.36,0.0,566891.0,0.0,88.77,28.9,0,0,0,0,-14.36,-2.3,5.0,0.0,0
1789648916.4625688,2026-09-17T18:11:56.462569,-14.36,0.0,566891.0,0.0,88.77,28.9,0,0,0,0,-14.36,-2.3,5.0,0.0,0
1789648916.4823885,2026-09-17T18:11:56.482388,-14.36,0.0,566891.0,0.0,88.77,28.9,0,0,0,0,-14.36,-2.3,5.0,0.0,0
1789648916.5022218,2026-09-17T18:11:56.502222,-14.36,0.0,566891.0,0.0,88.77,28.9,0,0,0,0,-14.36,-2.3,5.0,0.0,0
1789648916.5219474,2026-09-17T18:11:56.521947,-14.36,0.0,566891.0,0.0,88.77,28.9,0,0,0,0,-14.36,-2.3,5.0,0.0,0
1789648916.542305,2026-09-17T18:11:56.542305,-14.36,0.0,566891.0,0.0,88.77,28.9,0,0,0,0,-14.36,-2.3,5.0,0.0,0
1789648916.5619566,2026-09-17T18:11:56.561957,-14.36,0.0,566891.0,0.0,88.77,28.9,0,0,0,0,-14.36,-2.3,5.0,0.0,0
1789648916.582428,2026-09-17T18:11:56.582428,-14.36,0.0,566891.0,0.0,88.77,28.9,0,0,0,0,-14.36,-2.3,5.0,0.0,0
1789648916.6017315,2026-09-17T18:11:56.601732,-14.36,0.0,566891.0,0.0,88.77,28.9,0,0,0,0,-14.36,-2.3,5.0,0.0,0
1789648916.6216476,2026-09-17T18:11:56.621648,-14.36,0.0,566891.0,0.0,88.77,28.9,0,0,0,0,-14.36,-2.3,5.0,0.0,0
1789648916.6422474,2026-09-17T18:11:56.642247,-14.36,0.0,566891.0,0.0,88.77,28.9,0,0,0,0,-14.36,-2.3,5.0,0.0,0
1789648916.661885,2026-09-17T18:11:56.661885,-14.36,0.0,566891.0,0.0,88.77,28.9,0,0,0,0,-14.36,-2.3,5.0,0.0,0
1789648916.681829,2026-09-17T18:11:56.681829,-14.36,0.0,566891.0,0.0,88.77,28.9,0,0,0,0,-14.36,-2.3,5.0,0.0,0
1789648916.7015557,2026-09-17T18:11:56.701556,-14.36,0.0,566891.0,0.0,88.77,28.9,0,0,0,0,-14.36,-2.3,5.0,0.0,0
1789648916.7221131,2026-09-17T18:11:56.722113,-14.36,0.0,566891.0,0.0,88.77,28.9,0,0,0,0,-14.36,-2.3,5.0,0.0,0
1789648916.742364,2026-09-17T18:11:56.742364,-14.36,0.0,566891.0,0.0,88.77,28.9,0,0,0,0,-14.36,-2.3,5.0,0.0,0
1789648916.7617018,2026-09-17T18:11:56.761702,-14.36,0.0,566891.0,0.0,88.77,28.9,0,0,0,0,-14.36,-2.3,5.0,0.0,0
1789648916.7817101,2026-09-17T18:11:56.781710,-14.36,0.0,566891.0,0.0,88.77,28.9,0,0,0,0,-14.36,-2.3,5.0,0.0,0
1789648916.8028247,2026-09-17T18:11:56.802825,-14.36,0.0,566891.0,0.0,88.77,28.9,0,0,0,0,-14.36,-2.3,5.0,0.0,0
1789648916.8218327,2026-09-17T18:11:56.821833,-14.36,0.0,566891.0,0.0,88.77,28.9,0,0,0,0,-14.36,-2.3,5.0,0.0,0
1789648916.8427508,2026-09-17T18:11:56.842751,-14.36,0.0,566891.0,0.0,88.77,28.9,0,0,0,0,-14.36,-2.3,5.0,0.0,0
1789648916.861513,2026-09-17T18:11:56.861513,-14.36,0.0,566891.0,0.0,88.77,28.9,0,0,0,0,-14.36,-2.3,5.0,0.0,0
1789648916.881702,2026-09-17T18:11:56.881702,-14.36,0.0,566891.0,0.0,88.77,28.9,0,0,0,0,-14.36,-2.3,5.0,0.0,0
1789648916.901715,2026-09-17T18:11:56.901715,-14.36,0.0,566891.0,0.0,88.77,28.9,0,0,0,0,-14.36,-2.3,5.0,0.0,0
1789648916.921934,2026-09-17T18:11:56.921934,-14.36,0.0,566891.0,0.0,88.77,28.9,0,0,0,0,-14.36,-2.3,5.0,0.0,0
1789648916.9427102,2026-09-17T18:11:56.942710,-14.36,0.0,566891.0,0.0,88.77,28.9,0,0,0,0,-14.36,-2.3,5.0,0.0,0
1789648916.9620807,2026-09-17T18:11:56.962081,-14.36,0.0,566891.0,0.0,88.77,28.9,0,0,0,0,-14.36,-2.3,5.0,0.0,0
1789648916.981521,2026-09-17T18:11:56.981521,-14.36,0.0,566891.0,0.0,88.77,28.9,0,0,0,0,-14.36,-2.3,5.0,0.0,0
1789648917.002219,2026-09-17T18:11:57.002219,-14.36,0.0,566891.0,0.0,88.77,28.9,0,0,0,0,-14.36,-2.3,5.0,0.0,0
1789648917.0220606,2026-09-17T18:11:57.022061,-14.36,0.0,566891.0,0.0,88.77,28.9,0,0,0,0,-14.36,-2.3,5.0,0.0,0
1789648917.0417984,2026-09-17T18:11:57.041798,-14.36,0.0,566891.0,0.0,88.77,28.9,0,0,0,0,-14.36,-2.3,5.0,0.0,0
1789648917.0625076,2026-09-17T18:11:57.062508,-14.36,0.0,566891.0,0.0,88.77,28.9,0,0,0,0,-14.36,-2.3,5.0,0.0,0
1789648917.0826366,2026-09-17T18:11:57.082637,-14.36,0.0,566891.0,0.0,88.77,28.9,0,0,0,0,-14.36,-2.3,5.0,0.0,0
1789648917.1017592,2026-09-17T18:11:57.101759,-14.36,0.0,566891.0,0.0,88.77,28.9,0,0,0,0,-14.36,-2.3,5.0,0.0,0
1789648917.1222157,2026-09-17T18:11:57.122216,-14.36,0.0,566891.0,0.0,88.77,28.9,0,0,0,0,-14.36,-2.3,5.0,0.0,0
1789648917.141978,2026-09-17T18:11:57.141978,-14.36,0.0,566891.0,0.0,88.77,28.9,0,0,0,0,-14.36,-2.3,5.0,0.0,0
1789648917.1620047,2026-09-17T18:11:57.162005,-14.36,0.0,566891.0,0.0,88.77,28.9,0,0,0,0,-14.36,-2.3,5.0,0.0,0
1789648917.1818628,2026-09-17T18:11:57.181863,-14.36,0.0,566891.0,0.0,88.77,28.9,0,0,0,0,-14.36,-2.3,5.0,0.0,0
1789648917.2018478,2026-09-17T18:11:57.201848,-14.36,0.0,566891.0,0.0,88.77,28.9,0,0,0,0,-14.36,-2.3,5.0,0.0,0
1789648917.2224698,2026-09-17T18:11:57.222470,-14.36,0.0,566891.0,0.0,88.77,28.9,0,0,0,0,-14.36,-2.3,5.0,0.0,0
1789648917.2423794,2026-09-17T18:11:57.242379,-14.36,0.0,566891.0,0.0,88.77,28.9,0,0,0,0,-14.36,-2.3,5.0,0.0,0
1789648917.262316,2026-09-17T18:11:57.262316,-14.36,0.0,566891.0,0.0,88.77,28.9,0,0,0,0,-14.36,-2.3,5.0,0.0,0
1789648917.2819304,2026-09-17T18:11:57.281930,-14.36,0.0,566891.0,0.0,88.77,28.9,0,0,0,0,-14.36,-2.3,5.0,0.0,0
1789648917.3019605,2026-09-17T18:11:57.301960,-14.36,0.0,566891.0,0.0,88.77,28.9,0,0,0,0,-14.36,-2.3,5.0,0.0,0
1789648917.3222258,2026-09-17T18:11:57.322226,-14.36,0.0,566891.0,0.0,88.77,28.9,0,0,0,0,-14.36,-2.3,5.0,0.0,0
1789648917.3423378,2026-09-17T18:11:57.342338,-14.36,0.0,566891.0,0.0,88.77,28.9,0,0,0,0,-14.36,-2.3,5.0,0.0,0
1789648917.3625147,2026-09-17T18:11:57.362515,-14.36,0.0,566891.0,0.0,88.77,28.9,0,0,0,0,-14.36,-2.3,5.0,0.0,0
1789648917.3816268,2026-09-17T18:11:57.381627,-14.36,0.0,566891.0,0.0,88.77,28.9,0,0,0,0,-14.36,-2.3,5.0,0.0,0
1789648917.4020524,2026-09-17T18:11:57.402052,-14.36,0.0,566891.0,0.0,88.77,28.9,0,0,0,0,-14.36,-2.3,5.0,0.0,0
1789648917.422519,2026-09-17T18:11:57.422519,-14.36,0.0,566891.0,0.0,88.77,28.9,0,0,0,0,-14.36,-2.3,5.0,0.0,0
1789648917.4416533,2026-09-17T18:11:57.441653,-14.36,0.0,566891.0,0.0,88.77,28.9,0,0,0,0,-14.36,-2.3,5.0,0.0,0
1789648917.462758,2026-09-17T18:11:57.462758,-14.36,0.0,566891.0,0.0,88.77,28.9,0,0,0,0,-14.36,-2.3,5.0,0.0,0
1789648917.481919,2026-09-17T18:11:57.481919,-14.36,0.0,566891.0,0.0,88.77,28.9,0,0,0,0,-14.36,-2.3,5.0,0.0,0
1789648917.5020337,2026-09-17T18:11:57.502034,-14.42,0.0,566850.0,0.0,88.77,28.9,0,0,0,0,-14.42,-2.31,5.0,0.0,0
1789648917.522958,2026-09-17T18:11:57.522958,-14.58,0.0,566850.0,0.0,88.68,28.9,0,0,0,0,-14.58,-2.32,5.0,0.0,0
1789648917.5426478,2026-09-17T18:11:57.542648,-14.75,0.0,566850.0,0.0,88.68,28.9,0,0,0,0,-14.75,-2.34,5.0,0.0,0
1789648917.5622308,2026-09-17T18:11:57.562231,-14.8,0.0,566850.0,0.0,88.68,28.9,0,0,0,0,-14.8,-2.34,5.0,0.0,0
1789648917.582708,2026-09-17T18:11:57.582708,-14.8,0.0,566850.0,0.0,88.68,28.9,0,0,0,0,-14.8,-2.34,5.0,0.0,0
1789648917.602659,2026-09-17T18:11:57.602659,-14.8,0.0,566850.0,0.0,88.68,28.9,0,0,0,0,-14.8,-2.34,5.0,0.0,0
1789648917.6227403,2026-09-17T18:11:57.622740,-14.8,0.0,566850.0,0.0,88.68,28.9,0,0,0,0,-14.8,-2.34,5.0,0.0,0
1789648917.6422036,2026-09-17T18:11:57.642204,-14.8,0.0,566850.0,0.0,88.68,28.9,0,0,0,0,-14.8,-2.34,5.0,0.0,0
1789648917.6624844,2026-09-17T18:11:57.662484,-14.8,0.0,566850.0,0.0,88.68,28.9,0,0,0,0,-14.8,-2.34,5.0,0.0,0
1789648917.682335,2026-09-17T18:11:57.682335,-14.8,0.0,566850.0,0.0,88.68,28.9,0,0,0,0,-14.8,-2.34,5.0,0.0,0
1789648917.7019255,2026-09-17T18:11:57.701926,-14.8,0.0,566850.0,0.0,88.68,28.9,0,0,0,0,-14.8,-2.34,5.0,0.0,0
1789648917.7219343,2026-09-17T18:11:57.721934,-14.8,0.0,566850.0,0.0,88.68,28.9,0,0,0,0,-14.8,-2.34,5.0,0.0,0
1789648917.742285,2026-09-17T18:11:57.742285,-14.8,0.0,566850.0,0.0,88.68,28.9,0,0,0,0,-14.8,-2.34,5.0,0.0,0
1789648917.7620964,2026-09-17T18:11:57.762096,-14.8,0.0,566850.0,0.0,88.68,28.9,0,0,0,0,-14.8,-2.34,5.0,0.0,0
1789648917.7820125,2026-09-17T18:11:57.782012,-14.8,0.0,566850.0,0.0,88.68,28.9,0,0,0,0,-14.8,-2.34,5.0,0.0,0
1789648917.802668,2026-09-17T18:11:57.802668,-14.8,0.0,566850.0,0.0,88.68,28.9,0,0,0,0,-14.8,-2.34,5.0,0.0,0
1789648917.8224008,2026-09-17T18:11:57.822401,-14.8,0.0,566850.0,0.0,88.68,28.9,0,0,0,0,-14.8,-2.34,5.0,0.0,0
1789648917.8424664,2026-09-17T18:11:57.842466,-14.8,0.0,566850.0,0.0,88.68,28.9,0,0,0,0,-14.8,-2.34,5.0,0.0,0
1789648917.8621607,2026-09-17T18:11:57.862161,-14.8,0.0,566850.0,0.0,88.68,28.9,0,0,0,0,-14.8,-2.34,5.0,0.0,0
1789648917.882463,2026-09-17T18:11:57.882463,-14.8,0.0,566850.0,0.0,88.68,28.9,0,0,0,0,-14.8,-2.34,5.0,0.0,0
1789648917.9020748,2026-09-17T18:11:57.902075,-14.8,0.0,566850.0,0.0,88.68,28.9,0,0,0,0,-14.8,-2.34,5.0,0.0,0
1789648917.9228997,2026-09-17T18:11:57.922900,-14.8,0.0,566850.0,0.0,88.68,28.9,0,0,0,0,-14.8,-2.34,5.0,0.0,0
1789648917.9424427,2026-09-17T18:11:57.942443,-14.8,0.0,566850.0,0.0,88.68,28.9,0,0,0,0,-14.8,-2.34,5.0,0.0,0
1789648917.9624527,2026-09-17T18:11:57.962453,-14.8,0.0,566850.0,0.0,88.68,28.9,0,0,0,0,-14.8,-2.34,5.0,0.0,0
1789648917.9824421,2026-09-17T18:11:57.982442,-14.8,0.0,566850.0,0.0,88.68,28.9,0,0,0,0,-14.8,-2.34,5.0,0.0,0
1789648918.0026612,2026-09-17T18:11:58.002661,-14.8,0.0,566850.0,0.0,88.68,28.9,0,0,0,0,-14.8,-2.34,5.0,0.0,0
1789648918.0222852,2026-09-17T18:11:58.022285,-14.8,0.0,566850.0,0.0,88.68,28.9,0,0,0,0,-14.8,-2.34,5.0,0.0,0
1789648918.0422857,2026-09-17T18:11:58.042286,-14.8,0.0,566850.0,0.0,88.68,28.9,0,0,0,0,-14.8,-2.34,5.0,0.0,0
1789648918.0622854,2026-09-17T18:11:58.062285,-14.8,0.0,566850.0,0.0,88.68,28.9,0,0,0,0,-14.8,-2.34,5.0,0.0,0
1789648918.0826774,2026-09-17T18:11:58.082677,-14.8,0.0,566850.0,0.0,88.68,28.9,0,0,0,0,-14.8,-2.34,5.0,0.0,0
1789648918.1026146,2026-09-17T18:11:58.102615,-14.8,0.0,566850.0,0.0,88.68,28.9,0,0,0,0,-14.8,-2.34,5.0,0.0,0
1789648918.1226823,2026-09-17T18:11:58.122682,-14.8,0.0,566850.0,0.0,88.68,28.9,0,0,0,0,-14.8,-2.34,5.0,0.0,0
1789648918.1426804,2026-09-17T18:11:58.142680,-14.8,0.0,566850.0,0.0,88.68,28.9,0,0,0,0,-14.8,-2.34,5.0,0.0,0
1789648918.1619127,2026-09-17T18:11:58.161913,-14.8,0.0,566850.0,0.0,88.68,28.9,0,0,0,0,-14.8,-2.34,5.0,0.0,0
1789648918.1826642,2026-09-17T18:11:58.182664,-14.8,0.0,566850.0,0.0,88.68,28.9,0,0,0,0,-14.8,-2.34,5.0,0.0,0
1789648918.2019186,2026-09-17T18:11:58.201919,-14.8,0.0,566850.0,0.0,88.68,28.9,0,0,0,0,-14.8,-2.34,5.0,0.0,0
1789648918.22264,2026-09-17T18:11:58.222640,-14.8,0.0,566850.0,0.0,88.68,28.9,0,0,0,0,-14.8,-2.34,5.0,0.0,0
1789648918.2420712,2026-09-17T18:11:58.242071,-14.8,0.0,566850.0,0.0,88.68,28.9,0,0,0,0,-14.8,-2.34,5.0,0.0,0
1789648918.2626565,2026-09-17T18:11:58.262656,-14.8,0.0,566850.0,0.0,88.68,28.9,0,0,0,0,-14.8,-2.34,5.0,0.0,0
1789648918.2820206,2026-09-17T18:11:58.282021,-14.8,0.0,566850.0,0.0,88.68,28.9,0,0,0,0,-14.8,-2.34,5.0,0.0,0
1789648918.3022637,2026-09-17T18:11:58.302264,-14.8,0.0,566850.0,0.0,88.68,28.9,0,0,0,0,-14.8,-2.34,5.0,0.0,0
1789648918.3226187,2026-09-17T18:11:58.322619,-14.8,0.0,566850.0,0.0,88.68,28.9,0,0,0,0,-14.8,-2.34,5.0,0.0,0
1789648918.3425412,2026-09-17T18:11:58.342541,-14.8,0.0,566850.0,0.0,88.68,28.9,0,0,0,0,-14.8,-2.34,5.0,0.0,0
1789648918.3622994,2026-09-17T18:11:58.362299,-14.8,0.0,566850.0,0.0,88.68,28.9,0,0,0,0,-14.8,-2.34,5.0,0.0,0
1789648918.3827853,2026-09-17T18:11:58.382785,-14.8,0.0,566850.0,0.0,88.68,28.9,0,0,0,0,-14.8,-2.34,5.0,0.0,0
1789648918.4025176,2026-09-17T18:11:58.402518,-14.8,0.0,566850.0,0.0,88.68,28.9,0,0,0,0,-14.8,-2.34,5.0,0.0,0
1789648918.422644,2026-09-17T18:11:58.422644,-14.8,0.0,566850.0,0.0,88.68,28.9,0,0,0,0,-14.8,-2.34,5.0,0.0,0
1789648918.4424725,2026-09-17T18:11:58.442472,-14.8,0.0,566850.0,0.0,88.68,28.9,0,0,0,0,-14.8,-2.34,5.0,0.0,0
1789648918.4630215,2026-09-17T18:11:58.463022,-14.8,0.0,566850.0,0.0,88.68,28.9,0,0,0,0,-14.8,-2.34,5.0,0.0,0
1789648918.48207,2026-09-17T18:11:58.482070,-14.8,0.0,566850.0,0.0,88.68,28.9,0,0,0,0,-14.8,-2.34,5.0,0.0,0
1789648918.5026484,2026-09-17T18:11:58.502648,-14.8,0.0,566850.0,0.0,88.68,28.9,0,0,0,0,-14.8,-2.34,5.0,0.0,0
1789648918.5220973,2026-09-17T18:11:58.522097,-14.8,0.0,566850.0,0.0,88.68,28.9,0,0,0,0,-14.8,-2.34,5.0,0.0,0
1789648918.542359,2026-09-17T18:11:58.542359,-14.8,0.0,566850.0,0.0,88.68,28.9,0,0,0,0,-14.8,-2.34,5.0,0.0,0
1789648918.5623739,2026-09-17T18:11:58.562374,-14.8,0.0,566850.0,0.0,88.68,28.9,0,0,0,0,-14.8,-2.34,5.0,0.0,0
1789648918.5826933,2026-09-17T18:11:58.582693,-14.8,0.0,566850.0,0.0,88.68,28.9,0,0,0,0,-14.8,-2.34,5.0,0.0,0
1789648918.602959,2026-09-17T18:11:58.602959,-14.44,0.0,566903.0,0.0,88.68,28.9,0,0,0,0,-14.44,-2.32,5.0,0.0,0
1789648918.622974,2026-09-17T18:11:58.622974,-14.59,0.0,566903.0,0.0,88.68,28.9,0,0,0,0,-14.59,-2.32,5.0,0.0,0
1789648918.6419933,2026-09-17T18:11:58.641993,-14.65,0.0,566903.0,0.0,88.68,28.9,0,0,0,0,-14.65,-2.33,5.0,0.0,0
1789648918.6620882,2026-09-17T18:11:58.662088,-14.65,0.0,566903.0,0.0,88.68,28.9,0,0,0,0,-14.65,-2.33,5.0,0.0,0
1789648918.682219,2026-09-17T18:11:58.682219,-14.65,0.0,566903.0,0.0,88.68,28.9,0,0,0,0,-14.65,-2.33,5.0,0.0,0
1789648918.7018764,2026-09-17T18:11:58.701876,-14.65,0.0,566903.0,0.0,88.68,28.9,0,0,0,0,-14.65,-2.33,5.0,0.0,0
1789648918.7219594,2026-09-17T18:11:58.721959,-14.65,0.0,566903.0,0.0,88.68,28.9,0,0,0,0,-14.65,-2.33,5.0,0.0,0
1789648918.741979,2026-09-17T18:11:58.741979,-14.65,0.0,566903.0,0.0,88.68,28.9,0,0,0,0,-14.65,-2.33,5.0,0.0,0
1789648918.7620208,2026-09-17T18:11:58.762021,-14.65,0.0,566903.0,0.0,88.68,28.9,0,0,0,0,-14.65,-2.33,5.0,0.0,0
1789648918.7825866,2026-09-17T18:11:58.782587,-14.65,0.0,566903.0,0.0,88.68,28.9,0,0,0,0,-14.65,-2.33,5.0,0.0,0
1789648918.8022113,2026-09-17T18:11:58.802211,-14.65,0.0,566903.0,0.0,88.68,28.9,0,0,0,0,-14.65,-2.33,5.0,0.0,0
1789648918.8222811,2026-09-17T18:11:58.822281,-14.65,0.0,566903.0,0.0,88.68,28.9,0,0,0,0,-14.65,-2.33,5.0,0.0,0
1789648918.8420415,2026-09-17T18:11:58.842041,-14.65,0.0,566903.0,0.0,88.68,28.9,0,0,0,0,-14.65,-2.33,5.0,0.0,0
1789648918.8621714,2026-09-17T18:11:58.862171,-14.65,0.0,566903.0,0.0,88.68,28.9,0,0,0,0,-14.65,-2.33,5.0,0.0,0
1789648918.882447,2026-09-17T18:11:58.882447,-14.65,0.0,566903.0,0.0,88.68,28.9,0,0,0,0,-14.65,-2.33,5.0,0.0,0
1789648918.9022171,2026-09-17T18:11:58.902217,-14.65,0.0,566903.0,0.0,88.68,28.9,0,0,0,0,-14.65,-2.33,5.0,0.0,0
1789648918.9220157,2026-09-17T18:11:58.922016,-14.65,0.0,566903.0,0.0,88.68,28.9,0,0,0,0,-14.65,-2.33,5.0,0.0,0
1789648918.9425373,2026-09-17T18:11:58.942537,-14.65,0.0,566903.0,0.0,88.68,28.9,0,0,0,0,-14.65,-2.33,5.0,0.0,0
1789648918.9626086,2026-09-17T18:11:58.962609,-14.65,0.0,566903.0,0.0,88.68,28.9,0,0,0,0,-14.65,-2.33,5.0,0.0,0
1789648918.98238,2026-09-17T18:11:58.982380,-14.65,0.0,566903.0,0.0,88.68,28.9,0,0,0,0,-14.65,-2.33,5.0,0.0,0
1789648919.0021129,2026-09-17T18:11:59.002113,-14.65,0.0,566903.0,0.0,88.68,28.9,0,0,0,0,-14.65,-2.33,5.0,0.0,0
1789648919.02278,2026-09-17T18:11:59.022780,-14.65,0.0,566903.0,0.0,88.68,28.9,0,0,0,0,-14.65,-2.33,5.0,0.0,0
1789648919.041836,2026-09-17T18:11:59.041836,-14.65,0.0,566903.0,0.0,88.68,28.9,0,0,0,0,-14.65,-2.33,5.0,0.0,0
1789648919.0619814,2026-09-17T18:11:59.061981,-14.65,0.0,566903.0,0.0,88.68,28.9,0,0,0,0,-14.65,-2.33,5.0,0.0,0
1789648919.082333,2026-09-17T18:11:59.082333,-14.65,0.0,566903.0,0.0,88.68,28.9,0,0,0,0,-14.65,-2.33,5.0,0.0,0
1789648919.1023643,2026-09-17T18:11:59.102364,-14.65,0.0,566903.0,0.0,88.68,28.9,0,0,0,0,-14.65,-2.33,5.0,0.0,0
1789648919.122629,2026-09-17T18:11:59.122629,-14.65,0.0,566903.0,0.0,88.68,28.9,0,0,0,0,-14.65,-2.33,5.0,0.0,0
1789648919.1423562,2026-09-17T18:11:59.142356,-14.65,0.0,566903.0,0.0,88.68,28.9,0,0,0,0,-14.65,-2.33,5.0,0.0,0
1789648919.1620653,2026-09-17T18:11:59.162065,-14.65,0.0,566903.0,0.0,88.68,28.9,0,0,0,0,-14.65,-2.33,5.0,0.0,0
1789648919.1817036,2026-09-17T18:11:59.181704,-14.65,0.0,566903.0,0.0,88.68,28.9,0,0,0,0,-14.65,-2.33,5.0,0.0,0
1789648919.2027538,2026-09-17T18:11:59.202754,-14.65,0.0,566903.0,0.0,88.68,28.9,0,0,0,0,-14.65,-2.33,5.0,0.0,0
1789648919.222372,2026-09-17T18:11:59.222372,-14.65,0.0,566903.0,0.0,88.68,28.9,0,0,0,0,-14.65,-2.33,5.0,0.0,0
1789648919.2425435,2026-09-17T18:11:59.242543,-14.65,0.0,566903.0,0.0,88.68,28.9,0,0,0,0,-14.65,-2.33,5.0,0.0,0
1789648919.2621512,2026-09-17T18:11:59.262151,-14.65,0.0,566903.0,0.0,88.68,28.9,0,0,0,0,-14.65,-2.33,5.0,0.0,0
1789648919.2820916,2026-09-17T18:11:59.282092,-14.65,0.0,566903.0,0.0,88.68,28.9,0,0,0,0,-14.65,-2.33,5.0,0.0,0
1789648919.3026364,2026-09-17T18:11:59.302636,-14.65,0.0,566903.0,0.0,88.68,28.9,0,0,0,0,-14.65,-2.33,5.0,0.0,0
1789648919.3221571,2026-09-17T18:11:59.322157,-14.65,0.0,566903.0,0.0,88.68,28.9,0,0,0,0,-14.65,-2.33,5.0,0.0,0
1789648919.3421957,2026-09-17T18:11:59.342196,-14.65,0.0,566903.0,0.0,88.68,28.9,0,0,0,0,-14.65,-2.33,5.0,0.0,0
1789648919.3622699,2026-09-17T18:11:59.362270,-14.65,0.0,566903.0,0.0,88.68,28.9,0,0,0,0,-14.65,-2.33,5.0,0.0,0
1789648919.3820286,2026-09-17T18:11:59.382029,-14.65,0.0,566903.0,0.0,88.68,28.9,0,0,0,0,-14.65,-2.33,5.0,0.0,0
1789648919.4019723,2026-09-17T18:11:59.401972,-14.65,0.0,566903.0,0.0,88.68,28.9,0,0,0,0,-14.65,-2.33,5.0,0.0,0
1789648919.4224799,2026-09-17T18:11:59.422480,-14.65,0.0,566903.0,0.0,88.68,28.9,0,0,0,0,-14.65,-2.33,5.0,0.0,0
1789648919.4417324,2026-09-17T18:11:59.441732,-14.65,0.0,566903.0,0.0,88.68,28.9,0,0,0,0,-14.65,-2.33,5.0,0.0,0
1789648919.462621,2026-09-17T18:11:59.462621,-14.65,0.0,566903.0,0.0,88.68,28.9,0,0,0,0,-14.65,-2.33,5.0,0.0,0
1789648919.4824119,2026-09-17T18:11:59.482412,-14.65,0.0,566903.0,0.0,88.68,28.9,0,0,0,0,-14.65,-2.33,5.0,0.0,0
1789648919.5021205,2026-09-17T18:11:59.502120,-14.65,0.0,566903.0,0.0,88.68,28.9,0,0,0,0,-14.65,-2.33,5.0,0.0,0
1789648919.5224152,2026-09-17T18:11:59.522415,-14.65,0.0,566903.0,0.0,88.68,28.9,0,0,0,0,-14.65,-2.33,5.0,0.0,0
1789648919.542067,2026-09-17T18:11:59.542067,-14.65,0.0,566903.0,0.0,88.68,28.9,0,0,0,0,-14.65,-2.33,5.0,0.0,0
1789648919.5623672,2026-09-17T18:11:59.562367,-14.65,0.0,566903.0,0.0,88.68,28.9,0,0,0,0,-14.65,-2.33,5.0,0.0,0
1789648919.5829597,2026-09-17T18:11:59.582960,-14.65,0.0,566903.0,0.0,88.68,28.9,0,0,0,0,-14.65,-2.33,5.0,0.0,0
1789648919.6019685,2026-09-17T18:11:59.601969,-14.65,0.0,566903.0,0.0,88.68,28.9,0,0,0,0,-14.65,-2.33,5.0,0.0,0
1789648919.622695,2026-09-17T18:11:59.622695,-14.65,0.0,566903.0,0.0,88.68,28.9,0,0,0,0,-14.65,-2.33,5.0,0.0,0
1789648919.6421945,2026-09-17T18:11:59.642195,-14.65,0.0,566903.0,0.0,88.68,28.9,0,0,0,0,-14.65,-2.33,5.0,0.0,0
1789648919.6620033,2026-09-17T18:11:59.662003,-14.65,0.0,566903.0,0.0,88.68,28.9,0,0,0,0,-14.65,-2.33,5.0,0.0,0
1789648919.6820276,2026-09-17T18:11:59.682028,-14.65,0.0,566903.0,0.0,88.68,28.9,0,0,0,0,-14.65,-2.33,5.0,0.0,0
1789648919.701861,2026-09-17T18:11:59.701861,-15.65,0.0,566862.0,0.0,88.68,28.9,0,0,0,0,-15.65,-2.06,5.0,0.0,0
1789648919.722072,2026-09-17T18:11:59.722072,-15.72,0.0,566862.0,0.0,88.77,28.9,0,0,0,0,-15.72,-2.08,5.0,0.0,0
1789648919.7418091,2026-09-17T18:11:59.741809,-15.72,0.0,566862.0,0.0,88.77,28.9,0,0,0,0,-15.72,-2.08,5.0,0.0,0
1789648919.7629137,2026-09-17T18:11:59.762914,-15.72,0.0,566862.0,0.0,88.77,28.9,0,0,0,0,-15.72,-2.08,5.0,0.0,0
1789648919.782926,2026-09-17T18:11:59.782926,-15.72,0.0,566862.0,0.0,88.77,28.9,0,0,0,0,-15.72,-2.08,5.0,0.0,0
1789648919.8022404,2026-09-17T18:11:59.802240,-15.72,0.0,566862.0,0.0,88.77,28.9,0,0,0,0,-15.72,-2.08,5.0,0.0,0
1789648919.821961,2026-09-17T18:11:59.821961,-15.72,0.0,566862.0,0.0,88.77,28.9,0,0,0,0,-15.72,-2.08,5.0,0.0,0
1789648919.8421345,2026-09-17T18:11:59.842134,-15.72,0.0,566862.0,0.0,88.77,28.9,0,0,0,0,-15.72,-2.08,5.0,0.0,0
1789648919.8621235,2026-09-17T18:11:59.862123,-15.72,0.0,566862.0,0.0,88.77,28.9,0,0,0,0,-15.72,-2.08,5.0,0.0,0
1789648919.882357,2026-09-17T18:11:59.882357,-15.72,0.0,566862.0,0.0,88.77,28.9,0,0,0,0,-15.72,-2.08,5.0,0.0,0
1789648919.9023697,2026-09-17T18:11:59.902370,-15.72,0.0,566862.0,0.0,88.77,28.9,0,0,0,0,-15.72,-2.08,5.0,0.0,0
1789648919.9223585,2026-09-17T18:11:59.922359,-15.72,0.0,566862.0,0.0,88.77,28.9,0,0,0,0,-15.72,-2.08,5.0,0.0,0
1789648919.9421742,2026-09-17T18:11:59.942174,-15.72,0.0,566862.0,0.0,88.77,28.9,0,0,0,0,-15.72,-2.08,5.0,0.0,0
1789648919.9626315,2026-09-17T18:11:59.962631,-15.72,0.0,566862.0,0.0,88.77,28.9,0,0,0,0,-15.72,-2.08,5.0,0.0,0
1789648919.9821794,2026-09-17T18:11:59.982179,-15.72,0.0,566862.0,0.0,88.77,28.9,0,0,0,0,-15.72,-2.08,5.0,0.0,0
1789648920.0020509,2026-09-17T18:12:00.002051,-15.72,0.0,566862.0,0.0,88.77,28.9,0,0,0,0,-15.72,-2.08,5.0,0.0,0
1789648920.030131,2026-09-17T18:12:00.030131,-15.72,0.0,566862.0,0.0,88.77,28.9,0,0,0,0,-15.72,-2.08,5.0,0.0,0
1789648920.0427418,2026-09-17T18:12:00.042742,-15.72,0.0,566862.0,0.0,88.77,28.9,0,0,0,0,-15.72,-2.08,5.0,0.0,0
1789648920.062112,2026-09-17T18:12:00.062112,-15.72,0.0,566862.0,0.0,88.77,28.9,0,0,0,0,-15.72,-2.08,5.0,0.0,0
1789648920.0819445,2026-09-17T18:12:00.081944,-15.72,0.0,566862.0,0.0,88.77,28.9,0,0,0,0,-15.72,-2.08,5.0,0.0,0
1789648920.1023557,2026-09-17T18:12:00.102356,-15.72,0.0,566862.0,0.0,88.77,28.9,0,0,0,0,-15.72,-2.08,5.0,0.0,0
1789648920.1227465,2026-09-17T18:12:00.122746,-15.72,0.0,566862.0,0.0,88.77,28.9,0,0,0,0,-15.72,-2.08,5.0,0.0,0
1789648920.1425538,2026-09-17T18:12:00.142554,-15.72,0.0,566862.0,0.0,88.77,28.9,0,0,0,0,-15.72,-2.08,5.0,0.0,0
1789648920.1626863,2026-09-17T18:12:00.162686,-15.72,0.0,566862.0,0.0,88.77,28.9,0,0,0,0,-15.72,-2.08,5.0,0.0,0
1789648920.1819668,2026-09-17T18:12:00.181967,-15.72,0.0,566862.0,0.0,88.77,28.9,0,0,0,0,-15.72,-2.08,5.0,0.0,0
1789648920.2025979,2026-09-17T18:12:00.202598,-15.72,0.0,566862.0,0.0,88.77,28.9,0,0,0,0,-15.72,-2.08,5.0,0.0,0
1789648920.2224019,2026-09-17T18:12:00.222402,-15.72,0.0,566862.0,0.0,88.77,28.9,0,0,0,0,-15.72,-2.08,5.0,0.0,0
1789648920.2422068,2026-09-17T18:12:00.242207,-15.72,0.0,566862.0,0.0,88.77,28.9,0,0,0,0,-15.72,-2.08,5.0,0.0,0
1789648920.2618556,2026-09-17T18:12:00.261856,-15.72,0.0,566862.0,0.0,88.77,28.9,0,0,0,0,-15.72,-2.08,5.0,0.0,0
1789648920.2822633,2026-09-17T18:12:00.282263,-15.72,0.0,566862.0,0.0,88.77,28.9,0,0,0,0,-15.72,-2.08,5.0,0.0,0
1789648920.3023677,2026-09-17T18:12:00.302368,-15.72,0.0,566862.0,0.0,88.77,28.9,0,0,0,0,-15.72,-2.08,5.0,0.0,0
1789648920.3223329,2026-09-17T18:12:00.322333,-15.72,0.0,566862.0,0.0,88.77,28.9,0,0,0,0,-15.72,-2.08,5.0,0.0,0
1789648920.3425837,2026-09-17T18:12:00.342584,-15.72,0.0,566862.0,0.0,88.77,28.9,0,0,0,0,-15.72,-2.08,5.0,0.0,0
1789648920.3630717,2026-09-17T18:12:00.363072,-15.72,0.0,566862.0,0.0,88.77,28.9,0,0,0,0,-15.72,-2.08,5.0,0.0,0
1789648920.3826287,2026-09-17T18:12:00.382629,-15.72,0.0,566862.0,0.0,88.77,28.9,0,0,0,0,-15.72,-2.08,5.0,0.0,0
1789648920.4026477,2026-09-17T18:12:00.402648,-15.72,0.0,566862.0,0.0,88.77,28.9,0,0,0,0,-15.72,-2.08,5.0,0.0,0
1789648920.4229143,2026-09-17T18:12:00.422914,-15.72,0.0,566862.0,0.0,88.77,28.9,0,0,0,0,-15.72,-2.08,5.0,0.0,0
1789648920.4422827,2026-09-17T18:12:00.442283,-15.72,0.0,566862.0,0.0,88.77,28.9,0,0,0,0,-15.72,-2.08,5.0,0.0,0
1789648920.462292,2026-09-17T18:12:00.462292,-15.72,0.0,566862.0,0.0,88.77,28.9,0,0,0,0,-15.72,-2.08,5.0,0.0,0
1789648920.4823115,2026-09-17T18:12:00.482311,-15.72,0.0,566862.0,0.0,88.77,28.9,0,0,0,0,-15.72,-2.08,5.0,0.0,0
1789648920.5026314,2026-09-17T18:12:00.502631,-15.72,0.0,566862.0,0.0,88.77,28.9,0,0,0,0,-15.72,-2.08,5.0,0.0,0
1789648920.5220416,2026-09-17T18:12:00.522042,-15.72,0.0,566862.0,0.0,88.77,28.9,0,0,0,0,-15.72,-2.08,5.0,0.0,0
1789648920.5419428,2026-09-17T18:12:00.541943,-15.72,0.0,566862.0,0.0,88.77,28.9,0,0,0,0,-15.72,-2.08,5.0,0.0,0
1789648920.5619829,2026-09-17T18:12:00.561983,-15.72,0.0,566862.0,0.0,88.77,28.9,0,0,0,0,-15.72,-2.08,5.0,0.0,0
1789648920.5820143,2026-09-17T18:12:00.582014,-15.72,0.0,566862.0,0.0,88.77,28.9,0,0,0,0,-15.72,-2.08,5.0,0.0,0
1789648920.6025884,2026-09-17T18:12:00.602588,-15.72,0.0,566862.0,0.0,88.77,28.9,0,0,0,0,-15.72,-2.08,5.0,0.0,0
1789648920.623445,2026-09-17T18:12:00.623445,-15.72,0.0,566862.0,0.0,88.77,28.9,0,0,0,0,-15.72,-2.08,5.0,0.0,0
1789648920.6424997,2026-09-17T18:12:00.642500,-15.72,0.0,566862.0,0.0,88.77,28.9,0,0,0,0,-15.72,-2.08,5.0,0.0,0
1789648920.66169,2026-09-17T18:12:00.661690,-15.72,0.0,566862.0,0.0,88.77,28.9,0,0,0,0,-15.72,-2.08,5.0,0.0,0
1789648920.6819053,2026-09-17T18:12:00.681905,-15.72,0.0,566862.0,0.0,88.77,28.9,0,0,0,0,-15.72,-2.08,5.0,0.0,0
1789648920.702112,2026-09-17T18:12:00.702112,-15.72,0.0,566862.0,0.0,88.77,28.9,0,0,0,0,-15.72,-2.08,5.0,0.0,0
1789648920.721975,2026-09-17T18:12:00.721975,-15.72,0.0,566862.0,0.0,88.77,28.9,0,0,0,0,-15.72,-2.08,5.0,0.0,0
1789648920.7422786,2026-09-17T18:12:00.742279,-15.72,0.0,566862.0,0.0,88.77,28.9,0,0,0,0,-15.72,-2.08,5.0,0.0,0
1789648920.7627604,2026-09-17T18:12:00.762760,-15.72,0.0,566862.0,0.0,88.77,28.9,0,0,0,0,-15.72,-2.08,5.0,0.0,0
1789648920.7822845,2026-09-17T18:12:00.782284,-15.72,0.0,566862.0,0.0,88.77,28.9,0,0,0,0,-15.72,-2.08,5.0,0.0,0
1789648920.8028913,2026-09-17T18:12:00.802891,-15.33,0.0,566794.0,0.0,88.77,28.9,0,0,0,0,-15.33,-2.07,5.0,0.0,0
1789648920.8222182,2026-09-17T18:12:00.822218,-12.22,0.0,566794.0,0.0,88.77,28.9,0,0,0,0,-12.22,-2.02,5.0,0.0,0
1789648920.842047,2026-09-17T18:12:00.842047,-12.54,0.0,566794.0,0.0,88.77,28.9,0,0,0,0,-12.54,-2.05,5.0,0.0,0
1789648920.8620608,2026-09-17T18:12:00.862061,-12.83,0.0,566794.0,0.0,88.77,28.9,0,0,0,0,-12.83,-2.09,5.0,0.0,0
1789648920.882675,2026-09-17T18:12:00.882675,-12.95,0.0,566794.0,0.0,88.77,28.9,0,0,0,0,-12.95,-1.97,5.0,0.0,0
1789648920.9018407,2026-09-17T18:12:00.901841,-13.04,0.0,566794.0,0.0,88.77,28.9,0,0,0,0,-13.04,-1.98,5.0,0.0,0
1789648920.9225142,2026-09-17T18:12:00.922514,-13.04,0.0,566794.0,0.0,88.77,28.9,0,0,0,0,-13.04,-1.98,5.0,0.0,0
1789648920.9420006,2026-09-17T18:12:00.942001,-13.04,0.0,566794.0,0.0,88.77,28.9,0,0,0,0,-13.04,-1.98,5.0,0.0,0
1789648920.962453,2026-09-17T18:12:00.962453,-13.04,0.0,566794.0,0.0,88.77,28.9,0,0,0,0,-13.04,-1.98,5.0,0.0,0
1789648920.9822538,2026-09-17T18:12:00.982254,-13.04,0.0,566794.0,0.0,88.77,28.9,0,0,0,0,-13.04,-1.98,5.0,0.0,0
1789648921.0020595,2026-09-17T18:12:01.002059,-13.04,0.0,566794.0,0.0,88.77,28.9,0,0,0,0,-13.04,-1.98,5.0,0.0,0
1789648921.022084,2026-09-17T18:12:01.022084,-13.04,0.0,566794.0,0.0,88.77,28.9,0,0,0,0,-13.04,-1.98,5.0,0.0,0
1789648921.0418088,2026-09-17T18:12:01.041809,-13.04,0.0,566794.0,0.0,88.77,28.9,0,0,0,0,-13.04,-1.98,5.0,0.0,0
1789648921.0621955,2026-09-17T18:12:01.062196,-13.04,0.0,566794.0,0.0,88.77,28.9,0,0,0,0,-13.04,-1.98,5.0,0.0,0
1789648921.0824976,2026-09-17T18:12:01.082498,-13.04,0.0,566794.0,0.0,88.77,28.9,0,0,0,0,-13.04,-1.98,5.0,0.0,0
1789648921.102276,2026-09-17T18:12:01.102276,-13.04,0.0,566794.0,0.0,88.77,28.9,0,0,0,0,-13.04,-1.98,5.0,0.0,0
1789648921.122008,2026-09-17T18:12:01.122008,-13.04,0.0,566794.0,0.0,88.77,28.9,0,0,0,0,-13.04,-1.98,5.0,0.0,0
1789648921.1419275,2026-09-17T18:12:01.141927,-13.04,0.0,566794.0,0.0,88.77,28.9,0,0,0,0,-13.04,-1.98,5.0,0.0,0
1789648921.1626298,2026-09-17T18:12:01.162630,-13.04,0.0,566794.0,0.0,88.77,28.9,0,0,0,0,-13.04,-1.98,5.0,0.0,0
1789648921.1826768,2026-09-17T18:12:01.182677,-13.04,0.0,566794.0,0.0,88.77,28.9,0,0,0,0,-13.04,-1.98,5.0,0.0,0
1789648921.2024906,2026-09-17T18:12:01.202491,-13.04,0.0,566794.0,0.0,88.77,28.9,0,0,0,0,-13.04,-1.98,5.0,0.0,0
1789648921.2224867,2026-09-17T18:12:01.222487,-13.04,0.0,566794.0,0.0,88.77,28.9,0,0,0,0,-13.04,-1.98,5.0,0.0,0
1789648921.2423668,2026-09-17T18:12:01.242367,-13.04,0.0,566794.0,0.0,88.77,28.9,0,0,0,0,-13.04,-1.98,5.0,0.0,0
1789648921.2616498,2026-09-17T18:12:01.261650,-13.04,0.0,566794.0,0.0,88.77,28.9,0,0,0,0,-13.04,-1.98,5.0,0.0,0
1789648921.2825024,2026-09-17T18:12:01.282502,-13.04,0.0,566794.0,0.0,88.77,28.9,0,0,0,0,-13.04,-1.98,5.0,0.0,0
1789648921.3023574,2026-09-17T18:12:01.302357,-13.04,0.0,566794.0,0.0,88.77,28.9,0,0,0,0,-13.04,-1.98,5.0,0.0,0
1789648921.321774,2026-09-17T18:12:01.321774,-13.04,0.0,566794.0,0.0,88.77,28.9,0,0,0,0,-13.04,-1.98,5.0,0.0,0
1789648921.342069,2026-09-17T18:12:01.342069,-13.04,0.0,566794.0,0.0,88.77,28.9,0,0,0,0,-13.04,-1.98,5.0,0.0,0
1789648921.3621705,2026-09-17T18:12:01.362170,-13.04,0.0,566794.0,0.0,88.77,28.9,0,0,0,0,-13.04,-1.98,5.0,0.0,0
1789648921.3821058,2026-09-17T18:12:01.382106,-13.04,0.0,566794.0,0.0,88.77,28.9,0,0,0,0,-13.04,-1.98,5.0,0.0,0
1789648921.402213,2026-09-17T18:12:01.402213,-13.04,0.0,566794.0,0.0,88.77,28.9,0,0,0,0,-13.04,-1.98,5.0,0.0,0
1789648921.4218647,2026-09-17T18:12:01.421865,-13.04,0.0,566794.0,0.0,88.77,28.9,0,0,0,0,-13.04,-1.98,5.0,0.0,0
1789648921.4426787,2026-09-17T18:12:01.442679,-13.04,0.0,566794.0,0.0,88.77,28.9,0,0,0,0,-13.04,-1.98,5.0,0.0,0
1789648921.461838,2026-09-17T18:12:01.461838,-13.04,0.0,566794.0,0.0,88.77,28.9,0,0,0,0,-13.04,-1.98,5.0,0.0,0
1789648921.482514,2026-09-17T18:12:01.482514,-13.04,0.0,566794.0,0.0,88.77,28.9,0,0,0,0,-13.04,-1.98,5.0,0.0,0
1789648921.502537,2026-09-17T18:12:01.502537,-13.04,0.0,566794.0,0.0,88.77,28.9,0,0,0,0,-13.04,-1.98,5.0,0.0,0
1789648921.521971,2026-09-17T18:12:01.521971,-13.04,0.0,566794.0,0.0,88.77,28.9,0,0,0,0,-13.04,-1.98,5.0,0.0,0
1789648921.5427897,2026-09-17T18:12:01.542790,-13.04,0.0,566794.0,0.0,88.77,28.9,0,0,0,0,-13.04,-1.98,5.0,0.0,0
1789648921.562053,2026-09-17T18:12:01.562053,-13.04,0.0,566794.0,0.0,88.77,28.9,0,0,0,0,-13.04,-1.98,5.0,0.0,0
1789648921.5820518,2026-09-17T18:12:01.582052,-13.04,0.0,566794.0,0.0,88.77,28.9,0,0,0,0,-13.04,-1.98,5.0,0.0,0
1789648921.6022468,2026-09-17T18:12:01.602247,-13.04,0.0,566794.0,0.0,88.77,28.9,0,0,0,0,-13.04,-1.98,5.0,0.0,0
1789648921.6223795,2026-09-17T18:12:01.622380,-13.04,0.0,566794.0,0.0,88.77,28.9,0,0,0,0,-13.04,-1.98,5.0,0.0,0
1789648921.642645,2026-09-17T18:12:01.642645,-13.04,0.0,566794.0,0.0,88.77,28.9,0,0,0,0,-13.04,-1.98,5.0,0.0,0
1789648921.6624193,2026-09-17T18:12:01.662419,-13.04,0.0,566794.0,0.0,88.77,28.9,0,0,0,0,-13.04,-1.98,5.0,0.0,0
1789648921.682944,2026-09-17T18:12:01.682944,-13.04,0.0,566794.0,0.0,88.77,28.9,0,0,0,0,-13.04,-1.98,5.0,0.0,0
1789648921.702467,2026-09-17T18:12:01.702467,-13.04,0.0,566794.0,0.0,88.77,28.9,0,0,0,0,-13.04,-1.98,5.0,0.0,0
1789648921.7218049,2026-09-17T18:12:01.721805,-13.04,0.0,566794.0,0.0,88.77,28.9,0,0,0,0,-13.04,-1.98,5.0,0.0,0
1789648921.7428112,2026-09-17T18:12:01.742811,-13.04,0.0,566794.0,0.0,88.77,28.9,0,0,0,0,-13.04,-1.98,5.0,0.0,0
1789648921.7626488,2026-09-17T18:12:01.762649,-13.04,0.0,566794.0,0.0,88.77,28.9,0,0,0,0,-13.04,-1.98,5.0,0.0,0
1789648921.782136,2026-09-17T18:12:01.782136,-13.04,0.0,566794.0,0.0,88.77,28.9,0,0,0,0,-13.04,-1.98,5.0,0.0,0
1789648921.8024511,2026-09-17T18:12:01.802451,-13.04,0.0,566794.0,0.0,88.77,28.9,0,0,0,0,-13.04,-1.98,5.0,0.0,0
1789648921.822817,2026-09-17T18:12:01.822817,-13.04,0.0,566794.0,0.0,88.77,28.9,0,0,0,0,-13.04,-1.98,5.0,0.0,0
1789648921.8423862,2026-09-17T18:12:01.842386,-13.04,0.0,566794.0,0.0,88.77,28.9,0,0,0,0,-13.04,-1.98,5.0,0.0,0
1789648921.8622167,2026-09-17T18:12:01.862217,-13.04,0.0,566794.0,0.0,88.77,28.9,0,0,0,0,-13.04,-1.98,5.0,0.0,0
1789648921.8826258,2026-09-17T18:12:01.882626,-13.04,0.0,566794.0,0.0,88.77,28.9,0,0,0,0,-13.04,-1.98,5.0,0.0,0
1789648921.9020824,2026-09-17T18:12:01.902082,-9.86,0.0,566831.0,0.0,88.68,28.9,0,0,0,0,-9.86,-1.84,5.0,0.0,0
1789648921.9219527,2026-09-17T18:12:01.921953,-10.01,0.0,566831.0,0.0,88.68,28.9,0,0,0,0,-10.01,-1.86,5.0,0.0,0
1789648921.942681,2026-09-17T18:12:01.942681,-10.01,0.0,566831.0,0.0,88.68,28.9,0,0,0,0,-10.01,-1.86,5.0,0.0,0
1789648921.9620614,2026-09-17T18:12:01.962061,-10.01,0.0,566831.0,0.0,88.68,28.9,0,0,0,0,-10.01,-1.86,5.0,0.0,0
1789648921.9822419,2026-09-17T18:12:01.982242,-10.01,0.0,566831.0,0.0,88.68,28.9,0,0,0,0,-10.01,-1.86,5.0,0.0,0
1789648922.00249,2026-09-17T18:12:02.002490,-10.01,0.0,566831.0,0.0,88.68,28.9,0,0,0,0,-10.01,-1.86,5.0,0.0,0
1789648922.0224907,2026-09-17T18:12:02.022491,-10.01,0.0,566831.0,0.0,88.68,28.9,0,0,0,0,-10.01,-1.86,5.0,0.0,0
1789648922.0428207,2026-09-17T18:12:02.042821,-10.01,0.0,566831.0,0.0,88.68,28.9,0,0,0,0,-10.01,-1.86,5.0,0.0,0
1789648922.0622962,2026-09-17T18:12:02.062296,-10.01,0.0,566831.0,0.0,88.68,28.9,0,0,0,0,-10.01,-1.86,5.0,0.0,0
1789648922.082309,2026-09-17T18:12:02.082309,-10.01,0.0,566831.0,0.0,88.68,28.9,0,0,0,0,-10.01,-1.86,5.0,0.0,0
1789648922.1023684,2026-09-17T18:12:02.102368,-10.01,0.0,566831.0,0.0,88.68,28.9,0,0,0,0,-10.01,-1.86,5.0,0.0,0
1789648922.122544,2026-09-17T18:12:02.122544,-10.01,0.0,566831.0,0.0,88.68,28.9,0,0,0,0,-10.01,-1.86,5.0,0.0,0
1789648922.1431434,2026-09-17T18:12:02.143143,-10.01,0.0,566831.0,0.0,88.68,28.9,0,0,0,0,-10.01,-1.86,5.0,0.0,0
1789648922.1621559,2026-09-17T18:12:02.162156,-10.01,0.0,566831.0,0.0,88.68,28.9,0,0,0,0,-10.01,-1.86,5.0,0.0,0
1789648922.182777,2026-09-17T18:12:02.182777,-10.01,0.0,566831.0,0.0,88.68,28.9,0,0,0,0,-10.01,-1.86,5.0,0.0,0
1789648922.202291,2026-09-17T18:12:02.202291,-10.01,0.0,566831.0,0.0,88.68,28.9,0,0,0,0,-10.01,-1.86,5.0,0.0,0
1789648922.2226276,2026-09-17T18:12:02.222628,-10.01,0.0,566831.0,0.0,88.68,28.9,0,0,0,0,-10.01,-1.86,5.0,0.0,0
1789648922.2426422,2026-09-17T18:12:02.242642,-10.01,0.0,566831.0,0.0,88.68,28.9,0,0,0,0,-10.01,-1.86,5.0,0.0,0
1789648922.2619612,2026-09-17T18:12:02.261961,-10.01,0.0,566831.0,0.0,88.68,28.9,0,0,0,0,-10.01,-1.86,5.0,0.0,0
1789648922.2824984,2026-09-17T18:12:02.282498,-10.01,0.0,566831.0,0.0,88.68,28.9,0,0,0,0,-10.01,-1.86,5.0,0.0,0
1789648922.302927,2026-09-17T18:12:02.302927,-10.01,0.0,566831.0,0.0,88.68,28.9,0,0,0,0,-10.01,-1.86,5.0,0.0,0
1789648922.3218954,2026-09-17T18:12:02.321895,-10.01,0.0,566831.0,0.0,88.68,28.9,0,0,0,0,-10.01,-1.86,5.0,0.0,0
1789648922.3424673,2026-09-17T18:12:02.342467,-10.01,0.0,566831.0,0.0,88.68,28.9,0,0,0,0,-10.01,-1.86,5.0,0.0,0
1789648922.3624716,2026-09-17T18:12:02.362472,-10.01,0.0,566831.0,0.0,88.68,28.9,0,0,0,0,-10.01,-1.86,5.0,0.0,0
1789648922.3829522,2026-09-17T18:12:02.382952,-10.01,0.0,566831.0,0.0,88.68,28.9,0,0,0,0,-10.01,-1.86,5.0,0.0,0
1789648922.4033585,2026-09-17T18:12:02.403358,-10.01,0.0,566831.0,0.0,88.68,28.9,0,0,0,0,-10.01,-1.86,5.0,0.0,0
1789648922.4223273,2026-09-17T18:12:02.422327,-10.01,0.0,566831.0,0.0,88.68,28.9,0,0,0,0,-10.01,-1.86,5.0,0.0,0
1789648922.442131,2026-09-17T18:12:02.442131,-10.01,0.0,566831.0,0.0,88.68,28.9,0,0,0,0,-10.01,-1.86,5.0,0.0,0
1789648922.462969,2026-09-17T18:12:02.462969,-10.01,0.0,566831.0,0.0,88.68,28.9,0,0,0,0,-10.01,-1.86,5.0,0.0,0
1789648922.482237,2026-09-17T18:12:02.482237,-10.01,0.0,566831.0,0.0,88.68,28.9,0,0,0,0,-10.01,-1.86,5.0,0.0,0
1789648922.5021594,2026-09-17T18:12:02.502159,-10.01,0.0,566831.0,0.0,88.68,28.9,0,0,0,0,-10.01,-1.86,5.0,0.0,0
1789648922.522197,2026-09-17T18:12:02.522197,-10.01,0.0,566831.0,0.0,88.68,28.9,0,0,0,0,-10.01,-1.86,5.0,0.0,0
1789648922.5429747,2026-09-17T18:12:02.542975,-10.01,0.0,566831.0,0.0,88.68,28.9,0,0,0,0,-10.01,-1.86,5.0,0.0,0
1789648922.5620506,2026-09-17T18:12:02.562051,-10.01,0.0,566831.0,0.0,88.68,28.9,0,0,0,0,-10.01,-1.86,5.0,0.0,0
1789648922.5817177,2026-09-17T18:12:02.581718,-10.01,0.0,566831.0,0.0,88.68,28.9,0,0,0,0,-10.01,-1.86,5.0,0.0,0
1789648922.602774,2026-09-17T18:12:02.602774,-10.01,0.0,566831.0,0.0,88.68,28.9,0,0,0,0,-10.01,-1.86,5.0,0.0,0
1789648922.622271,2026-09-17T18:12:02.622271,-10.01,0.0,566831.0,0.0,88.68,28.9,0,0,0,0,-10.01,-1.86,5.0,0.0,0
1789648922.6428907,2026-09-17T18:12:02.642891,-10.01,0.0,566831.0,0.0,88.68,28.9,0,0,0,0,-10.01,-1.86,5.0,0.0,0
1789648922.6623745,2026-09-17T18:12:02.662374,-10.01,0.0,566831.0,0.0,88.68,28.9,0,0,0,0,-10.01,-1.86,5.0,0.0,0
1789648922.682639,2026-09-17T18:12:02.682639,-10.01,0.0,566831.0,0.0,88.68,28.9,0,0,0,0,-10.01,-1.86,5.0,0.0,0
1789648922.7028148,2026-09-17T18:12:02.702815,-10.01,0.0,566831.0,0.0,88.68,28.9,0,0,0,0,-10.01,-1.86,5.0,0.0,0
1789648922.722409,2026-09-17T18:12:02.722409,-10.01,0.0,566831.0,0.0,88.68,28.9,0,0,0,0,-10.01,-1.86,5.0,0.0,0
1789648922.7427466,2026-09-17T18:12:02.742747,-10.01,0.0,566831.0,0.0,88.68,28.9,0,0,0,0,-10.01,-1.86,5.0,0.0,0
1789648922.7627194,2026-09-17T18:12:02.762719,-10.01,0.0,566831.0,0.0,88.68,28.9,0,0,0,0,-10.01,-1.86,5.0,0.0,0
1789648922.7826793,2026-09-17T18:12:02.782679,-10.01,0.0,566831.0,0.0,88.68,28.9,0,0,0,0,-10.01,-1.86,5.0,0.0,0
1789648922.8019807,2026-09-17T18:12:02.801981,-10.01,0.0,566831.0,0.0,88.68,28.9,0,0,0,0,-10.01,-1.86,5.0,0.0,0
1789648922.822677,2026-09-17T18:12:02.822677,-10.01,0.0,566831.0,0.0,88.68,28.9,0,0,0,0,-10.01,-1.86,5.0,0.0,0
1789648922.8427007,2026-09-17T18:12:02.842701,-10.01,0.0,566831.0,0.0,88.68,28.9,0,0,0,0,-10.01,-1.86,5.0,0.0,0
1789648922.8623068,2026-09-17T18:12:02.862307,-10.01,0.0,566831.0,0.0,88.68,28.9,0,0,0,0,-10.01,-1.86,5.0,0.0,0
1789648922.8832314,2026-09-17T18:12:02.883231,-10.01,0.0,566831.0,0.0,88.68,28.9,0,0,0,0,-10.01,-1.86,5.0,0.0,0
1789648922.902762,2026-09-17T18:12:02.902762,-10.01,0.0,566831.0,0.0,88.68,28.9,0,0,0,0,-10.01,-1.86,5.0,0.0,0
1789648922.9225945,2026-09-17T18:12:02.922595,-10.01,0.0,566831.0,0.0,88.68,28.9,0,0,0,0,-10.01,-1.86,5.0,0.0,0
1789648922.9430637,2026-09-17T18:12:02.943064,-10.01,0.0,566831.0,0.0,88.68,28.9,0,0,0,0,-10.01,-1.86,5.0,0.0,0
1789648922.9625807,2026-09-17T18:12:02.962581,-10.01,0.0,566831.0,0.0,88.68,28.9,0,0,0,0,-10.01,-1.86,5.0,0.0,0
1789648922.9820652,2026-09-17T18:12:02.982065,-10.01,0.0,566831.0,0.0,88.68,28.9,0,0,0,0,-10.01,-1.86,5.0,0.0,0
1789648923.0021248,2026-09-17T18:12:03.002125,-10.01,0.0,566831.0,0.0,88.68,28.9,0,0,0,0,-10.01,-1.86,5.0,0.0,0
1789648923.0229254,2026-09-17T18:12:03.022925,-10.01,0.0,566831.0,0.0,88.68,28.9,0,0,0,0,-10.01,-1.86,5.0,0.0,0
1789648923.042219,2026-09-17T18:12:03.042219,-10.01,0.0,566831.0,0.0,88.68,28.9,0,0,0,0,-10.01,-1.86,5.0,0.0,0
1789648923.0622914,2026-09-17T18:12:03.062291,-10.01,0.0,566831.0,0.0,88.68,28.9,0,0,0,0,-10.01,-1.86,5.0,0.0,0
1789648923.0819597,2026-09-17T18:12:03.081960,-10.01,0.0,566831.0,0.0,88.68,28.9,0,0,0,0,-10.01,-1.86,5.0,0.0,0
1789648923.1028962,2026-09-17T18:12:03.102896,-10.01,0.0,566831.0,0.0,88.68,28.9,0,0,0,0,-10.01,-1.86,5.0,0.0,0
1789648923.1226275,2026-09-17T18:12:03.122627,-10.01,0.0,566831.0,0.0,88.68,28.9,0,0,0,0,-10.01,-1.86,5.0,0.0,0
1789648923.1429393,2026-09-17T18:12:03.142939,-10.01,0.0,566831.0,0.0,88.68,28.9,0,0,0,0,-10.01,-1.86,5.0,0.0,0
1789648923.1620767,2026-09-17T18:12:03.162077,-10.01,0.0,566831.0,0.0,88.68,28.9,0,0,0,0,-10.01,-1.86,5.0,0.0,0
1789648923.1822572,2026-09-17T18:12:03.182257,-10.01,0.0,566831.0,0.0,88.68,28.9,0,0,0,0,-10.01,-1.86,5.0,0.0,0
1789648923.2022614,2026-09-17T18:12:03.202261,-10.01,0.0,566831.0,0.0,88.68,28.9,0,0,0,0,-10.01,-1.86,5.0,0.0,0
1789648923.2228894,2026-09-17T18:12:03.222889,-10.01,0.0,566831.0,0.0,88.68,28.9,0,0,0,0,-10.01,-1.86,5.0,0.0,0
1789648923.2430358,2026-09-17T18:12:03.243036,-10.01,0.0,566831.0,0.0,88.68,28.9,0,0,0,0,-10.01,-1.86,5.0,0.0,0
1789648923.2621655,2026-09-17T18:12:03.262166,-10.01,0.0,566831.0,0.0,88.68,28.9,0,0,0,0,-10.01,-1.86,5.0,0.0,0
1789648923.281907,2026-09-17T18:12:03.281907,-10.01,0.0,566831.0,0.0,88.68,28.9,0,0,0,0,-10.01,-1.86,5.0,0.0,0
1789648923.302096,2026-09-17T18:12:03.302096,-10.01,0.0,566831.0,0.0,88.68,28.9,0,0,0,0,-10.01,-1.86,5.0,0.0,0
1789648923.3225338,2026-09-17T18:12:03.322534,-10.01,0.0,566831.0,0.0,88.68,28.9,0,0,0,0,-10.01,-1.86,5.0,0.0,0
1789648923.3419871,2026-09-17T18:12:03.341987,-10.01,0.0,566831.0,0.0,88.68,28.9,0,0,0,0,-10.01,-1.86,5.0,0.0,0
1789648923.3618965,2026-09-17T18:12:03.361897,-10.01,0.0,566831.0,0.0,88.68,28.9,0,0,0,0,-10.01,-1.86,5.0,0.0,0
1789648923.3825386,2026-09-17T18:12:03.382539,-10.01,0.0,566831.0,0.0,88.68,28.9,0,0,0,0,-10.01,-1.86,5.0,0.0,0
1789648923.4018657,2026-09-17T18:12:03.401866,-10.01,0.0,566831.0,0.0,88.68,28.9,0,0,0,0,-10.01,-1.86,5.0,0.0,0
1789648923.4227252,2026-09-17T18:12:03.422725,-10.01,0.0,566831.0,0.0,88.68,28.9,0,0,0,0,-10.01,-1.86,5.0,0.0,0
1789648923.4427514,2026-09-17T18:12:03.442751,-10.01,0.0,566831.0,0.0,88.68,28.9,0,0,0,0,-10.01,-1.86,5.0,0.0,0
1789648923.462296,2026-09-17T18:12:03.462296,-10.01,0.0,566831.0,0.0,88.68,28.9,0,0,0,0,-10.01,-1.86,5.0,0.0,0
1789648923.4823608,2026-09-17T18:12:03.482361,-10.01,0.0,566831.0,0.0,88.68,28.9,0,0,0,0,-10.01,-1.86,5.0,0.0,0
1789648923.5022871,2026-09-17T18:12:03.502287,-10.01,0.0,566831.0,0.0,88.68,28.9,0,0,0,0,-10.01,-1.86,5.0,0.0,0
1789648923.5219958,2026-09-17T18:12:03.521996,-10.01,0.0,566831.0,0.0,88.68,28.9,0,0,0,0,-10.01,-1.86,5.0,0.0,0
1789648923.5418332,2026-09-17T18:12:03.541833,-10.01,0.0,566831.0,0.0,88.68,28.9,0,0,0,0,-10.01,-1.86,5.0,0.0,0
1789648923.5620608,2026-09-17T18:12:03.562061,-10.01,0.0,566831.0,0.0,88.68,28.9,0,0,0,0,-10.01,-1.86,5.0,0.0,0
1789648923.5823796,2026-09-17T18:12:03.582380,-10.01,0.0,566831.0,0.0,88.68,28.9,0,0,0,0,-10.01,-1.86,5.0,0.0,0
1789648923.6020977,2026-09-17T18:12:03.602098,-10.01,0.0,566831.0,0.0,88.68,28.9,0,0,0,0,-10.01,-1.86,5.0,0.0,0
1789648923.622524,2026-09-17T18:12:03.622524,-10.01,0.0,566831.0,0.0,88.68,28.9,0,0,0,0,-10.01,-1.86,5.0,0.0,0
1789648923.6426752,2026-09-17T18:12:03.642675,-10.01,0.0,566831.0,0.0,88.68,28.9,0,0,0,0,-10.01,-1.86,5.0,0.0,0
1789648923.662005,2026-09-17T18:12:03.662005,-10.01,0.0,566831.0,0.0,88.68,28.9,0,0,0,0,-10.01,-1.86,5.0,0.0,0
1789648923.6818252,2026-09-17T18:12:03.681825,-10.01,0.0,566831.0,0.0,88.68,28.9,0,0,0,0,-10.01,-1.86,5.0,0.0,0
1789648923.7020242,2026-09-17T18:12:03.702024,-10.01,0.0,566831.0,0.0,88.68,28.9,0,0,0,0,-10.01,-1.86,5.0,0.0,0
1789648923.7221417,2026-09-17T18:12:03.722142,-10.01,0.0,566831.0,0.0,88.68,28.9,0,0,0,0,-10.01,-1.86,5.0,0.0,0
1789648923.742215,2026-09-17T18:12:03.742215,-10.01,0.0,566831.0,0.0,88.68,28.9,0,0,0,0,-10.01,-1.86,5.0,0.0,0
1789648923.7619667,2026-09-17T18:12:03.761967,-10.01,0.0,566831.0,0.0,88.68,28.9,0,0,0,0,-10.01,-1.86,5.0,0.0,0
1789648923.7826939,2026-09-17T18:12:03.782694,-10.01,0.0,566831.0,0.0,88.68,28.9,0,0,0,0,-10.01,-1.86,5.0,0.0,0
1789648923.80333,2026-09-17T18:12:03.803330,-10.01,0.0,566831.0,0.0,88.68,28.9,0,0,0,0,-10.01,-1.86,5.0,0.0,0
1789648923.8226697,2026-09-17T18:12:03.822670,-10.01,0.0,566831.0,0.0,88.68,28.9,0,0,0,0,-10.01,-1.86,5.0,0.0,0
1789648923.8421931,2026-09-17T18:12:03.842193,-10.01,0.0,566831.0,0.0,88.68,28.9,0,0,0,0,-10.01,-1.86,5.0,0.0,0
1789648923.8621578,2026-09-17T18:12:03.862158,-10.01,0.0,566831.0,0.0,88.68,28.9,0,0,0,0,-10.01,-1.86,5.0,0.0,0
1789648923.8822954,2026-09-17T18:12:03.882295,-10.01,0.0,566831.0,0.0,88.68,28.9,0,0,0,0,-10.01,-1.86,5.0,0.0,0
1789648923.902392,2026-09-17T18:12:03.902392,-10.01,0.0,566831.0,0.0,88.68,28.9,0,0,0,0,-10.01,-1.86,5.0,0.0,0
1789648923.9226766,2026-09-17T18:12:03.922677,-10.01,0.0,566831.0,0.0,88.68,28.9,0,0,0,0,-10.01,-1.86,5.0,0.0,0
1789648923.9425356,2026-09-17T18:12:03.942536,-10.01,0.0,566831.0,0.0,88.68,28.9,0,0,0,0,-10.01,-1.86,5.0,0.0,0
1789648923.9625854,2026-09-17T18:12:03.962585,-10.01,0.0,566831.0,0.0,88.68,28.9,0,0,0,0,-10.01,-1.86,5.0,0.0,0
1789648923.9826396,2026-09-17T18:12:03.982640,-10.01,0.0,566831.0,0.0,88.68,28.9,0,0,0,0,-10.01,-1.86,5.0,0.0,0
1789648924.0027516,2026-09-17T18:12:04.002752,-7.85,0.0,566840.0,0.0,88.68,28.9,0,0,0,0,-7.85,-1.85,5.0,0.0,0
1789648924.0216606,2026-09-17T18:12:04.021661,-5.26,0.0,566840.0,0.0,88.68,28.9,0,0,0,0,-5.26,-1.84,5.0,0.0,0
1789648924.042427,2026-09-17T18:12:04.042427,-5.57,0.0,566840.0,0.0,88.68,28.9,0,0,0,0,-5.57,-1.86,5.0,0.0,0
1789648924.0621831,2026-09-17T18:12:04.062183,-5.85,0.0,566840.0,0.0,88.59,28.9,0,0,0,0,-5.85,-2.63,5.0,0.0,0
1789648924.082877,2026-09-17T18:12:04.082877,-5.85,0.0,566840.0,0.0,88.59,28.9,0,0,0,0,-5.85,-2.63,5.0,0.0,0
1789648924.1024854,2026-09-17T18:12:04.102485,-5.85,0.0,566840.0,0.0,88.59,28.9,0,0,0,0,-5.85,-2.63,5.0,0.0,0
1789648924.122391,2026-09-17T18:12:04.122391,-5.85,0.0,566840.0,0.0,88.59,28.9,0,0,0,0,-5.85,-2.63,5.0,0.0,0
1789648924.142388,2026-09-17T18:12:04.142388,-5.85,0.0,566840.0,0.0,88.59,28.9,0,0,0,0,-5.85,-2.63,5.0,0.0,0
1789648924.1618872,2026-09-17T18:12:04.161887,-5.85,0.0,566840.0,0.0,88.59,28.9,0,0,0,0,-5.85,-2.63,5.0,0.0,0
1789648924.182767,2026-09-17T18:12:04.182767,-5.85,0.0,566840.0,0.0,88.59,28.9,0,0,0,0,-5.85,-2.63,5.0,0.0,0
1789648924.2015774,2026-09-17T18:12:04.201577,-5.85,0.0,566840.0,0.0,88.59,28.9,0,0,0,0,-5.85,-2.63,5.0,0.0,0
1789648924.222502,2026-09-17T18:12:04.222502,-5.85,0.0,566840.0,0.0,88.59,28.9,0,0,0,0,-5.85,-2.63,5.0,0.0,0
1789648924.2423062,2026-09-17T18:12:04.242306,-5.85,0.0,566840.0,0.0,88.59,28.9,0,0,0,0,-5.85,-2.63,5.0,0.0,0
1789648924.2618358,2026-09-17T18:12:04.261836,-5.85,0.0,566840.0,0.0,88.59,28.9,0,0,0,0,-5.85,-2.63,5.0,0.0,0
1789648924.281791,2026-09-17T18:12:04.281791,-5.85,0.0,566840.0,0.0,88.59,28.9,0,0,0,0,-5.85,-2.63,5.0,0.0,0
1789648924.3016512,2026-09-17T18:12:04.301651,-5.85,0.0,566840.0,0.0,88.59,28.9,0,0,0,0,-5.85,-2.63,5.0,0.0,0
1789648924.3216507,2026-09-17T18:12:04.321651,-5.85,0.0,566840.0,0.0,88.59,28.9,0,0,0,0,-5.85,-2.63,5.0,0.0,0
1789648924.342665,2026-09-17T18:12:04.342665,-5.85,0.0,566840.0,0.0,88.59,28.9,0,0,0,0,-5.85,-2.63,5.0,0.0,0
1789648924.3617494,2026-09-17T18:12:04.361749,-5.85,0.0,566840.0,0.0,88.59,28.9,0,0,0,0,-5.85,-2.63,5.0,0.0,0
1789648924.3816934,2026-09-17T18:12:04.381693,-5.85,0.0,566840.0,0.0,88.59,28.9,0,0,0,0,-5.85,-2.63,5.0,0.0,0
1789648924.4023037,2026-09-17T18:12:04.402304,-5.85,0.0,566840.0,0.0,88.59,28.9,0,0,0,0,-5.85,-2.63,5.0,0.0,0
1789648924.4217987,2026-09-17T18:12:04.421799,-5.85,0.0,566840.0,0.0,88.59,28.9,0,0,0,0,-5.85,-2.63,5.0,0.0,0
1789648924.4426475,2026-09-17T18:12:04.442647,-5.85,0.0,566840.0,0.0,88.59,28.9,0,0,0,0,-5.85,-2.63,5.0,0.0,0
1789648924.462442,2026-09-17T18:12:04.462442,-5.85,0.0,566840.0,0.0,88.59,28.9,0,0,0,0,-5.85,-2.63,5.0,0.0,0
1789648924.4823053,2026-09-17T18:12:04.482305,-5.85,0.0,566840.0,0.0,88.59,28.9,0,0,0,0,-5.85,-2.63,5.0,0.0,0
1789648924.5021484,2026-09-17T18:12:04.502148,-5.85,0.0,566840.0,0.0,88.59,28.9,0,0,0,0,-5.85,-2.63,5.0,0.0,0
1789648924.5224042,2026-09-17T18:12:04.522404,-5.85,0.0,566840.0,0.0,88.59,28.9,0,0,0,0,-5.85,-2.63,5.0,0.0,0
1789648924.5419574,2026-09-17T18:12:04.541957,-5.85,0.0,566840.0,0.0,88.59,28.9,0,0,0,0,-5.85,-2.63,5.0,0.0,0
1789648924.56245,2026-09-17T18:12:04.562450,-5.85,0.0,566840.0,0.0,88.59,28.9,0,0,0,0,-5.85,-2.63,5.0,0.0,0
1789648924.5826812,2026-09-17T18:12:04.582681,-5.85,0.0,566840.0,0.0,88.59,28.9,0,0,0,0,-5.85,-2.63,5.0,0.0,0
1789648924.602234,2026-09-17T18:12:04.602234,-5.85,0.0,566840.0,0.0,88.59,28.9,0,0,0,0,-5.85,-2.63,5.0,0.0,0
1789648924.622125,2026-09-17T18:12:04.622125,-5.85,0.0,566840.0,0.0,88.59,28.9,0,0,0,0,-5.85,-2.63,5.0,0.0,0
1789648924.6424263,2026-09-17T18:12:04.642426,-5.85,0.0,566840.0,0.0,88.59,28.9,0,0,0,0,-5.85,-2.63,5.0,0.0,0
1789648924.661697,2026-09-17T18:12:04.661697,-5.85,0.0,566840.0,0.0,88.59,28.9,0,0,0,0,-5.85,-2.63,5.0,0.0,0
1789648924.6827216,2026-09-17T18:12:04.682722,-5.85,0.0,566840.0,0.0,88.59,28.9,0,0,0,0,-5.85,-2.63,5.0,0.0,0
1789648924.702667,2026-09-17T18:12:04.702667,-5.85,0.0,566840.0,0.0,88.59,28.9,0,0,0,0,-5.85,-2.63,5.0,0.0,0
1789648924.7219443,2026-09-17T18:12:04.721944,-5.85,0.0,566840.0,0.0,88.59,28.9,0,0,0,0,-5.85,-2.63,5.0,0.0,0
1789648924.7421572,2026-09-17T18:12:04.742157,-5.85,0.0,566840.0,0.0,88.59,28.9,0,0,0,0,-5.85,-2.63,5.0,0.0,0
1789648924.7619731,2026-09-17T18:12:04.761973,-5.85,0.0,566840.0,0.0,88.59,28.9,0,0,0,0,-5.85,-2.63,5.0,0.0,0
1789648924.7833567,2026-09-17T18:12:04.783357,-5.85,0.0,566840.0,0.0,88.59,28.9,0,0,0,0,-5.85,-2.63,5.0,0.0,0
1789648924.8024783,2026-09-17T18:12:04.802478,-5.85,0.0,566840.0,0.0,88.59,28.9,0,0,0,0,-5.85,-2.63,5.0,0.0,0
1789648924.8220844,2026-09-17T18:12:04.822084,-5.85,0.0,566840.0,0.0,88.59,28.9,0,0,0,0,-5.85,-2.63,5.0,0.0,0
1789648924.841897,2026-09-17T18:12:04.841897,-5.85,0.0,566840.0,0.0,88.59,28.9,0,0,0,0,-5.85,-2.63,5.0,0.0,0
1789648924.8625476,2026-09-17T18:12:04.862548,-5.85,0.0,566840.0,0.0,88.59,28.9,0,0,0,0,-5.85,-2.63,5.0,0.0,0
1789648924.8820431,2026-09-17T18:12:04.882043,-5.85,0.0,566840.0,0.0,88.59,28.9,0,0,0,0,-5.85,-2.63,5.0,0.0,0
1789648924.902138,2026-09-17T18:12:04.902138,-5.85,0.0,566840.0,0.0,88.59,28.9,0,0,0,0,-5.85,-2.63,5.0,0.0,0
1789648924.9224153,2026-09-17T18:12:04.922415,-5.85,0.0,566840.0,0.0,88.59,28.9,0,0,0,0,-5.85,-2.63,5.0,0.0,0
1789648924.9429245,2026-09-17T18:12:04.942924,-5.85,0.0,566840.0,0.0,88.59,28.9,0,0,0,0,-5.85,-2.63,5.0,0.0,0
1789648924.9636211,2026-09-17T18:12:04.963621,-5.85,0.0,566840.0,0.0,88.59,28.9,0,0,0,0,-5.85,-2.63,5.0,0.0,0
1789648924.9826825,2026-09-17T18:12:04.982682,-5.85,0.0,566840.0,0.0,88.59,28.9,0,0,0,0,-5.85,-2.63,5.0,0.0,0
1789648925.0019665,2026-09-17T18:12:05.001966,-5.85,0.0,566840.0,0.0,88.59,28.9,0,0,0,0,-5.85,-2.63,5.0,0.0,0
1789648925.0222604,2026-09-17T18:12:05.022260,-5.85,0.0,566840.0,0.0,88.59,28.9,0,0,0,0,-5.85,-2.63,5.0,0.0,0
1789648925.0423257,2026-09-17T18:12:05.042326,-5.85,0.0,566840.0,0.0,88.59,28.9,0,0,0,0,-5.85,-2.63,5.0,0.0,0
1789648925.0621097,2026-09-17T18:12:05.062110,-5.85,0.0,566840.0,0.0,88.59,28.9,0,0,0,0,-5.85,-2.63,5.0,0.0,0
1789648925.0830538,2026-09-17T18:12:05.083054,-5.85,0.0,566840.0,0.0,88.59,28.9,0,0,0,0,-5.85,-2.63,5.0,0.0,0
1789648925.1037261,2026-09-17T18:12:05.103726,-6.09,0.0,566866.0,0.0,88.59,28.9,0,0,0,0,-6.09,-2.63,5.0,0.0,0
1789648925.1221619,2026-09-17T18:12:05.122162,-6.53,0.0,566866.0,0.0,88.68,28.9,0,0,0,144,-6.53,-2.63,5.0,0.0,0
1789648925.1428313,2026-09-17T18:12:05.142831,-6.53,0.0,566866.0,0.0,88.68,28.9,0,0,0,144,-6.53,-2.63,5.0,0.0,0
1789648925.1625905,2026-09-17T18:12:05.162591,-6.53,0.0,566866.0,0.0,88.68,28.9,0,0,0,144,-6.53,-2.63,5.0,0.0,0
1789648925.1824312,2026-09-17T18:12:05.182431,-6.53,0.0,566866.0,0.0,88.68,28.9,0,0,0,144,-6.53,-2.63,5.0,0.0,0
1789648925.2024767,2026-09-17T18:12:05.202477,-6.53,0.0,566866.0,0.0,88.68,28.9,0,0,0,144,-6.53,-2.63,5.0,0.0,0
1789648925.2228673,2026-09-17T18:12:05.222867,-6.53,0.0,566866.0,0.0,88.68,28.9,0,0,0,144,-6.53,-2.63,5.0,0.0,0
1789648925.2426805,2026-09-17T18:12:05.242681,-6.53,0.0,566866.0,0.0,88.68,28.9,0,0,0,144,-6.53,-2.63,5.0,0.0,0
1789648925.26275,2026-09-17T18:12:05.262750,-6.53,0.0,566866.0,0.0,88.68,28.9,0,0,0,144,-6.53,-2.63,5.0,0.0,0
1789648925.2828302,2026-09-17T18:12:05.282830,-6.53,0.0,566866.0,0.0,88.68,28.9,0,0,0,144,-6.53,-2.63,5.0,0.0,0
1789648925.3036795,2026-09-17T18:12:05.303679,-6.53,0.0,566866.0,0.0,88.68,28.9,0,0,0,144,-6.53,-2.63,5.0,0.0,0
1789648925.322817,2026-09-17T18:12:05.322817,-6.53,0.0,566866.0,0.0,88.68,28.9,0,0,0,144,-6.53,-2.63,5.0,0.0,0
1789648925.3422165,2026-09-17T18:12:05.342216,-6.53,0.0,566866.0,0.0,88.68,28.9,0,0,0,144,-6.53,-2.63,5.0,0.0,0
1789648925.3625183,2026-09-17T18:12:05.362518,-6.53,0.0,566866.0,0.0,88.68,28.9,0,0,0,144,-6.53,-2.63,5.0,0.0,0
1789648925.3828657,2026-09-17T18:12:05.382866,-6.53,0.0,566866.0,0.0,88.68,28.9,0,0,0,144,-6.53,-2.63,5.0,0.0,0
1789648925.4025702,2026-09-17T18:12:05.402570,-6.53,0.0,566866.0,0.0,88.68,28.9,0,0,0,144,-6.53,-2.63,5.0,0.0,0
1789648925.4227757,2026-09-17T18:12:05.422776,-6.53,0.0,566866.0,0.0,88.68,28.9,0,0,0,144,-6.53,-2.63,5.0,0.0,0
1789648925.4432397,2026-09-17T18:12:05.443240,-6.53,0.0,566866.0,0.0,88.68,28.9,0,0,0,144,-6.53,-2.63,5.0,0.0,0
1789648925.4634802,2026-09-17T18:12:05.463480,-6.53,0.0,566866.0,0.0,88.68,28.9,0,0,0,144,-6.53,-2.63,5.0,0.0,0
1789648925.4819918,2026-09-17T18:12:05.481992,-6.53,0.0,566866.0,0.0,88.68,28.9,0,0,0,144,-6.53,-2.63,5.0,0.0,0
1789648925.502478,2026-09-17T18:12:05.502478,-6.53,0.0,566866.0,0.0,88.68,28.9,0,0,0,144,-6.53,-2.63,5.0,0.0,0
1789648925.5226214,2026-09-17T18:12:05.522621,-6.53,0.0,566866.0,0.0,88.68,28.9,0,0,0,144,-6.53,-2.63,5.0,0.0,0
1789648925.542516,2026-09-17T18:12:05.542516,-6.53,0.0,566866.0,0.0,88.68,28.9,0,0,0,144,-6.53,-2.63,5.0,0.0,0
1789648925.5622604,2026-09-17T18:12:05.562260,-6.53,0.0,566866.0,0.0,88.68,28.9,0,0,0,144,-6.53,-2.63,5.0,0.0,0
1789648925.5822456,2026-09-17T18:12:05.582246,-6.53,0.0,566866.0,0.0,88.68,28.9,0,0,0,144,-6.53,-2.63,5.0,0.0,0
1789648925.602682,2026-09-17T18:12:05.602682,-6.53,0.0,566866.0,0.0,88.68,28.9,0,0,0,144,-6.53,-2.63,5.0,0.0,0
1789648925.6226866,2026-09-17T18:12:05.622687,-6.53,0.0,566866.0,0.0,88.68,28.9,0,0,0,144,-6.53,-2.63,5.0,0.0,0
1789648925.6427414,2026-09-17T18:12:05.642741,-6.53,0.0,566866.0,0.0,88.68,28.9,0,0,0,144,-6.53,-2.63,5.0,0.0,0
1789648925.6627107,2026-09-17T18:12:05.662711,-6.53,0.0,566866.0,0.0,88.68,28.9,0,0,0,144,-6.53,-2.63,5.0,0.0,0
1789648925.6827772,2026-09-17T18:12:05.682777,-6.53,0.0,566866.0,0.0,88.68,28.9,0,0,0,144,-6.53,-2.63,5.0,0.0,0
1789648925.7028835,2026-09-17T18:12:05.702883,-6.53,0.0,566866.0,0.0,88.68,28.9,0,0,0,144,-6.53,-2.63,5.0,0.0,0
1789648925.7219315,2026-09-17T18:12:05.721931,-6.53,0.0,566866.0,0.0,88.68,28.9,0,0,0,144,-6.53,-2.63,5.0,0.0,0
1789648925.7424662,2026-09-17T18:12:05.742466,-6.53,0.0,566866.0,0.0,88.68,28.9,0,0,0,144,-6.53,-2.63,5.0,0.0,0
1789648925.762169,2026-09-17T18:12:05.762169,-6.53,0.0,566866.0,0.0,88.68,28.9,0,0,0,144,-6.53,-2.63,5.0,0.0,0
1789648925.7824388,2026-09-17T18:12:05.782439,-6.53,0.0,566866.0,0.0,88.68,28.9,0,0,0,144,-6.53,-2.63,5.0,0.0,0
1789648925.8026795,2026-09-17T18:12:05.802680,-6.53,0.0,566866.0,0.0,88.68,28.9,0,0,0,144,-6.53,-2.63,5.0,0.0,0
1789648925.823357,2026-09-17T18:12:05.823357,-6.53,0.0,566866.0,0.0,88.68,28.9,0,0,0,144,-6.53,-2.63,5.0,0.0,0
1789648925.842511,2026-09-17T18:12:05.842511,-6.53,0.0,566866.0,0.0,88.68,28.9,0,0,0,144,-6.53,-2.63,5.0,0.0,0
1789648925.8624587,2026-09-17T18:12:05.862459,-6.53,0.0,566866.0,0.0,88.68,28.9,0,0,0,144,-6.53,-2.63,5.0,0.0,0
1789648925.8822155,2026-09-17T18:12:05.882215,-6.53,0.0,566866.0,0.0,88.68,28.9,0,0,0,144,-6.53,-2.63,5.0,0.0,0
1789648925.9021976,2026-09-17T18:12:05.902198,-6.53,0.0,566866.0,0.0,88.68,28.9,0,0,0,144,-6.53,-2.63,5.0,0.0,0
1789648925.9227715,2026-09-17T18:12:05.922771,-6.53,0.0,566866.0,0.0,88.68,28.9,0,0,0,144,-6.53,-2.63,5.0,0.0,0
1789648925.9429135,2026-09-17T18:12:05.942914,-6.53,0.0,566866.0,0.0,88.68,28.9,0,0,0,144,-6.53,-2.63,5.0,0.0,0
1789648925.962418,2026-09-17T18:12:05.962418,-6.53,0.0,566866.0,0.0,88.68,28.9,0,0,0,144,-6.53,-2.63,5.0,0.0,0
1789648925.983243,2026-09-17T18:12:05.983243,-6.53,0.0,566866.0,0.0,88.68,28.9,0,0,0,144,-6.53,-2.63,5.0,0.0,0
1789648926.0027347,2026-09-17T18:12:06.002735,-6.53,0.0,566866.0,0.0,88.68,28.9,0,0,0,144,-6.53,-2.63,5.0,0.0,0
1789648926.0220993,2026-09-17T18:12:06.022099,-6.53,0.0,566866.0,0.0,88.68,28.9,0,0,0,144,-6.53,-2.63,5.0,0.0,0
1789648926.0419586,2026-09-17T18:12:06.041959,-6.53,0.0,566866.0,0.0,88.68,28.9,0,0,0,144,-6.53,-2.63,5.0,0.0,0
1789648926.0626652,2026-09-17T18:12:06.062665,-6.53,0.0,566866.0,0.0,88.68,28.9,0,0,0,144,-6.53,-2.63,5.0,0.0,0
1789648926.082549,2026-09-17T18:12:06.082549,-6.53,0.0,566866.0,0.0,88.68,28.9,0,0,0,144,-6.53,-2.63,5.0,0.0,0
1789648926.1026378,2026-09-17T18:12:06.102638,-6.53,0.0,566866.0,0.0,88.68,28.9,0,0,0,144,-6.53,-2.63,5.0,0.0,0
1789648926.1220658,2026-09-17T18:12:06.122066,-6.53,0.0,566866.0,0.0,88.68,28.9,0,0,0,144,-6.53,-2.63,5.0,0.0,0
1789648926.142982,2026-09-17T18:12:06.142982,-6.53,0.0,566866.0,0.0,88.68,28.9,0,0,0,144,-6.53,-2.63,5.0,0.0,0
1789648926.162059,2026-09-17T18:12:06.162059,-6.53,0.0,566866.0,0.0,88.68,28.9,0,0,0,144,-6.53,-2.63,5.0,0.0,0
1789648926.182653,2026-09-17T18:12:06.182653,-6.53,0.0,566866.0,0.0,88.68,28.9,0,0,0,144,-6.53,-2.63,5.0,0.0,0
1789648926.202537,2026-09-17T18:12:06.202537,-6.74,0.0,566804.0,0.0,88.77,28.9,0,0,0,0,-6.74,-2.63,5.0,0.0,0
1789648926.2222714,2026-09-17T18:12:06.222271,-6.97,0.0,566804.0,0.0,89.38,28.9,0,0,0,0,-6.97,-2.63,5.0,0.0,0
1789648926.2429125,2026-09-17T18:12:06.242913,-6.97,0.0,566804.0,0.0,89.38,28.9,0,0,0,0,-6.97,-2.63,5.0,0.0,0
1789648926.2625957,2026-09-17T18:12:06.262596,-6.97,0.0,566804.0,0.0,89.38,28.9,0,0,0,0,-6.97,-2.63,5.0,0.0,0
1789648926.2823477,2026-09-17T18:12:06.282348,-6.97,0.0,566804.0,0.0,89.38,28.9,0,0,0,0,-6.97,-2.63,5.0,0.0,0
1789648926.3030381,2026-09-17T18:12:06.303038,-6.97,0.0,566804.0,0.0,89.38,28.9,0,0,0,0,-6.97,-2.63,5.0,0.0,0
1789648926.3225012,2026-09-17T18:12:06.322501,-6.97,0.0,566804.0,0.0,89.38,28.9,0,0,0,0,-6.97,-2.63,5.0,0.0,0
1789648926.3425317,2026-09-17T18:12:06.342532,-6.97,0.0,566804.0,0.0,89.38,28.9,0,0,0,0,-6.97,-2.63,5.0,0.0,0
1789648926.362571,2026-09-17T18:12:06.362571,-6.97,0.0,566804.0,0.0,89.38,28.9,0,0,0,0,-6.97,-2.63,5.0,0.0,0
1789648926.381976,2026-09-17T18:12:06.381976,-6.97,0.0,566804.0,0.0,89.38,28.9,0,0,0,0,-6.97,-2.63,5.0,0.0,0
1789648926.4022074,2026-09-17T18:12:06.402207,-6.97,0.0,566804.0,0.0,89.38,28.9,0,0,0,0,-6.97,-2.63,5.0,0.0,0
1789648926.4225078,2026-09-17T18:12:06.422508,-6.97,0.0,566804.0,0.0,89.38,28.9,0,0,0,0,-6.97,-2.63,5.0,0.0,0
1789648926.4422505,2026-09-17T18:12:06.442250,-6.97,0.0,566804.0,0.0,89.38,28.9,0,0,0,0,-6.97,-2.63,5.0,0.0,0
1789648926.4630527,2026-09-17T18:12:06.463053,-6.97,0.0,566804.0,0.0,89.38,28.9,0,0,0,0,-6.97,-2.63,5.0,0.0,0
1789648926.4828553,2026-09-17T18:12:06.482855,-6.97,0.0,566804.0,0.0,89.38,28.9,0,0,0,0,-6.97,-2.63,5.0,0.0,0
1789648926.501906,2026-09-17T18:12:06.501906,-6.97,0.0,566804.0,0.0,89.38,28.9,0,0,0,0,-6.97,-2.63,5.0,0.0,0
1789648926.521907,2026-09-17T18:12:06.521907,-6.97,0.0,566804.0,0.0,89.38,28.9,0,0,0,0,-6.97,-2.63,5.0,0.0,0
1789648926.5418978,2026-09-17T18:12:06.541898,-6.97,0.0,566804.0,0.0,89.38,28.9,0,0,0,0,-6.97,-2.63,5.0,0.0,0
1789648926.5620155,2026-09-17T18:12:06.562016,-6.97,0.0,566804.0,0.0,89.38,28.9,0,0,0,0,-6.97,-2.63,5.0,0.0,0
1789648926.581934,2026-09-17T18:12:06.581934,-6.97,0.0,566804.0,0.0,89.38,28.9,0,0,0,0,-6.97,-2.63,5.0,0.0,0
1789648926.6025004,2026-09-17T18:12:06.602500,-6.97,0.0,566804.0,0.0,89.38,28.9,0,0,0,0,-6.97,-2.63,5.0,0.0,0
1789648926.6221235,2026-09-17T18:12:06.622123,-6.97,0.0,566804.0,0.0,89.38,28.9,0,0,0,0,-6.97,-2.63,5.0,0.0,0
1789648926.6427028,2026-09-17T18:12:06.642703,-6.97,0.0,566804.0,0.0,89.38,28.9,0,0,0,0,-6.97,-2.63,5.0,0.0,0
1789648926.6619074,2026-09-17T18:12:06.661907,-6.97,0.0,566804.0,0.0,89.38,28.9,0,0,0,0,-6.97,-2.63,5.0,0.0,0
1789648926.6821558,2026-09-17T18:12:06.682156,-6.97,0.0,566804.0,0.0,89.38,28.9,0,0,0,0,-6.97,-2.63,5.0,0.0,0
1789648926.701912,2026-09-17T18:12:06.701912,-6.97,0.0,566804.0,0.0,89.38,28.9,0,0,0,0,-6.97,-2.63,5.0,0.0,0
1789648926.7223954,2026-09-17T18:12:06.722395,-6.97,0.0,566804.0,0.0,89.38,28.9,0,0,0,0,-6.97,-2.63,5.0,0.0,0
1789648926.7422812,2026-09-17T18:12:06.742281,-6.97,0.0,566804.0,0.0,89.38,28.9,0,0,0,0,-6.97,-2.63,5.0,0.0,0
1789648926.7619827,2026-09-17T18:12:06.761983,-6.97,0.0,566804.0,0.0,89.38,28.9,0,0,0,0,-6.97,-2.63,5.0,0.0,0
1789648926.7829795,2026-09-17T18:12:06.782979,-6.97,0.0,566804.0,0.0,89.38,28.9,0,0,0,0,-6.97,-2.63,5.0,0.0,0
1789648926.8025289,2026-09-17T18:12:06.802529,-6.97,0.0,566804.0,0.0,89.38,28.9,0,0,0,0,-6.97,-2.63,5.0,0.0,0
1789648926.8220203,2026-09-17T18:12:06.822020,-6.97,0.0,566804.0,0.0,89.38,28.9,0,0,0,0,-6.97,-2.63,5.0,0.0,0
1789648926.84228,2026-09-17T18:12:06.842280,-6.97,0.0,566804.0,0.0,89.38,28.9,0,0,0,0,-6.97,-2.63,5.0,0.0,0
1789648926.8622417,2026-09-17T18:12:06.862242,-6.97,0.0,566804.0,0.0,89.38,28.9,0,0,0,0,-6.97,-2.63,5.0,0.0,0
1789648926.882161,2026-09-17T18:12:06.882161,-6.97,0.0,566804.0,0.0,89.38,28.9,0,0,0,0,-6.97,-2.63,5.0,0.0,0
1789648926.902178,2026-09-17T18:12:06.902178,-6.97,0.0,566804.0,0.0,89.38,28.9,0,0,0,0,-6.97,-2.63,5.0,0.0,0
1789648926.9226367,2026-09-17T18:12:06.922637,-6.97,0.0,566804.0,0.0,89.38,28.9,0,0,0,0,-6.97,-2.63,5.0,0.0,0
1789648926.9426394,2026-09-17T18:12:06.942639,-6.97,0.0,566804.0,0.0,89.38,28.9,0,0,0,0,-6.97,-2.63,5.0,0.0,0
1789648926.962417,2026-09-17T18:12:06.962417,-6.97,0.0,566804.0,0.0,89.38,28.9,0,0,0,0,-6.97,-2.63,5.0,0.0,0
1789648926.9823775,2026-09-17T18:12:06.982378,-6.97,0.0,566804.0,0.0,89.38,28.9,0,0,0,0,-6.97,-2.63,5.0,0.0,0
1789648927.0021164,2026-09-17T18:12:07.002116,-6.97,0.0,566804.0,0.0,89.38,28.9,0,0,0,0,-6.97,-2.63,5.0,0.0,0
1789648927.0220215,2026-09-17T18:12:07.022022,-6.97,0.0,566804.0,0.0,89.38,28.9,0,0,0,0,-6.97,-2.63,5.0,0.0,0
1789648927.0423303,2026-09-17T18:12:07.042330,-6.97,0.0,566804.0,0.0,89.38,28.9,0,0,0,0,-6.97,-2.63,5.0,0.0,0
1789648927.0626419,2026-09-17T18:12:07.062642,-6.97,0.0,566804.0,0.0,89.38,28.9,0,0,0,0,-6.97,-2.63,5.0,0.0,0
1789648927.0824971,2026-09-17T18:12:07.082497,-6.97,0.0,566804.0,0.0,89.38,28.9,0,0,0,0,-6.97,-2.63,5.0,0.0,0
1789648927.1023352,2026-09-17T18:12:07.102335,-6.97,0.0,566804.0,0.0,89.38,28.9,0,0,0,0,-6.97,-2.63,5.0,0.0,0
1789648927.122015,2026-09-17T18:12:07.122015,-6.97,0.0,566804.0,0.0,89.38,28.9,0,0,0,0,-6.97,-2.63,5.0,0.0,0
1789648927.1429253,2026-09-17T18:12:07.142925,-6.97,0.0,566804.0,0.0,89.38,28.9,0,0,0,0,-6.97,-2.63,5.0,0.0,0
1789648927.1618958,2026-09-17T18:12:07.161896,-6.97,0.0,566804.0,0.0,89.38,28.9,0,0,0,0,-6.97,-2.63,5.0,0.0,0
1789648927.182695,2026-09-17T18:12:07.182695,-6.97,0.0,566804.0,0.0,89.38,28.9,0,0,0,0,-6.97,-2.63,5.0,0.0,0
1789648927.2025945,2026-09-17T18:12:07.202595,-6.97,0.0,566804.0,0.0,89.38,28.9,0,0,0,0,-6.97,-2.63,5.0,0.0,0
1789648927.2224464,2026-09-17T18:12:07.222446,-6.97,0.0,566804.0,0.0,89.38,28.9,0,0,0,0,-6.97,-2.63,5.0,0.0,0
1789648927.2420132,2026-09-17T18:12:07.242013,-6.97,0.0,566804.0,0.0,89.38,28.9,0,0,0,0,-6.97,-2.63,5.0,0.0,0
1789648927.262315,2026-09-17T18:12:07.262315,-6.97,0.0,566804.0,0.0,89.38,28.9,0,0,0,0,-6.97,-2.63,5.0,0.0,0
1789648927.2827027,2026-09-17T18:12:07.282703,-6.97,0.0,566804.0,0.0,89.38,28.9,0,0,0,0,-6.97,-2.63,5.0,0.0,0
1789648927.3026934,2026-09-17T18:12:07.302693,-7.17,0.0,566865.0,0.0,89.38,28.9,0,0,0,0,-7.17,-2.63,5.0,0.0,0
1789648927.3228674,2026-09-17T18:12:07.322867,-7.17,0.0,566865.0,0.0,89.38,28.9,0,0,0,0,-7.17,-2.63,5.0,0.0,0
1789648927.3429136,2026-09-17T18:12:07.342914,-7.17,0.0,566865.0,0.0,89.38,28.9,0,0,0,0,-7.17,-2.63,5.0,0.0,0
1789648927.3620274,2026-09-17T18:12:07.362027,-7.17,0.0,566865.0,0.0,89.38,28.9,0,0,0,0,-7.17,-2.63,5.0,0.0,0
1789648927.3823917,2026-09-17T18:12:07.382392,-7.17,0.0,566865.0,0.0,89.38,28.9,0,0,0,0,-7.17,-2.63,5.0,0.0,0
1789648927.4026318,2026-09-17T18:12:07.402632,-7.17,0.0,566865.0,0.0,89.38,28.9,0,0,0,0,-7.17,-2.63,5.0,0.0,0
1789648927.4224389,2026-09-17T18:12:07.422439,-7.17,0.0,566865.0,0.0,89.38,28.9,0,0,0,0,-7.17,-2.63,5.0,0.0,0
1789648927.4429357,2026-09-17T18:12:07.442936,-7.17,0.0,566865.0,0.0,89.38,28.9,0,0,0,0,-7.17,-2.63,5.0,0.0,0
1789648927.463792,2026-09-17T18:12:07.463792,-7.17,0.0,566865.0,0.0,89.38,28.9,0,0,0,0,-7.17,-2.63,5.0,0.0,0
1789648927.4826953,2026-09-17T18:12:07.482695,-7.17,0.0,566865.0,0.0,89.38,28.9,0,0,0,0,-7.17,-2.63,5.0,0.0,0
1789648927.5019538,2026-09-17T18:12:07.501954,-7.17,0.0,566865.0,0.0,89.38,28.9,0,0,0,0,-7.17,-2.63,5.0,0.0,0
1789648927.5223703,2026-09-17T18:12:07.522370,-7.17,0.0,566865.0,0.0,89.38,28.9,0,0,0,0,-7.17,-2.63,5.0,0.0,0
1789648927.5420878,2026-09-17T18:12:07.542088,-7.17,0.0,566865.0,0.0,89.38,28.9,0,0,0,0,-7.17,-2.63,5.0,0.0,0
1789648927.561961,2026-09-17T18:12:07.561961,-7.17,0.0,566865.0,0.0,89.38,28.9,0,0,0,0,-7.17,-2.63,5.0,0.0,0
1789648927.5825555,2026-09-17T18:12:07.582556,-7.17,0.0,566865.0,0.0,89.38,28.9,0,0,0,0,-7.17,-2.63,5.0,0.0,0
1789648927.6018395,2026-09-17T18:12:07.601840,-7.17,0.0,566865.0,0.0,89.38,28.9,0,0,0,0,-7.17,-2.63,5.0,0.0,0
1789648927.6223106,2026-09-17T18:12:07.622311,-7.17,0.0,566865.0,0.0,89.38,28.9,0,0,0,0,-7.17,-2.63,5.0,0.0,0
1789648927.6419034,2026-09-17T18:12:07.641903,-7.17,0.0,566865.0,0.0,89.38,28.9,0,0,0,0,-7.17,-2.63,5.0,0.0,0
1789648927.661924,2026-09-17T18:12:07.661924,-7.17,0.0,566865.0,0.0,89.38,28.9,0,0,0,0,-7.17,-2.63,5.0,0.0,0
1789648927.6827645,2026-09-17T18:12:07.682765,-7.17,0.0,566865.0,0.0,89.38,28.9,0,0,0,0,-7.17,-2.63,5.0,0.0,0
1789648927.7027504,2026-09-17T18:12:07.702750,-7.17,0.0,566865.0,0.0,89.38,28.9,0,0,0,0,-7.17,-2.63,5.0,0.0,0
1789648927.7222266,2026-09-17T18:12:07.722227,-7.17,0.0,566865.0,0.0,89.38,28.9,0,0,0,0,-7.17,-2.63,5.0,0.0,0
1789648927.7421553,2026-09-17T18:12:07.742155,-7.17,0.0,566865.0,0.0,89.38,28.9,0,0,0,0,-7.17,-2.63,5.0,0.0,0
1789648927.763108,2026-09-17T18:12:07.763108,-7.17,0.0,566865.0,0.0,89.38,28.9,0,0,0,0,-7.17,-2.63,5.0,0.0,0
1789648927.7822685,2026-09-17T18:12:07.782269,-7.17,0.0,566865.0,0.0,89.38,28.9,0,0,0,0,-7.17,-2.63,5.0,0.0,0
1789648927.8024,2026-09-17T18:12:07.802400,-7.17,0.0,566865.0,0.0,89.38,28.9,0,0,0,0,-7.17,-2.63,5.0,0.0,0
1789648927.822107,2026-09-17T18:12:07.822107,-7.17,0.0,566865.0,0.0,89.38,28.9,0,0,0,0,-7.17,-2.63,5.0,0.0,0
1789648927.8423152,2026-09-17T18:12:07.842315,-7.17,0.0,566865.0,0.0,89.38,28.9,0,0,0,0,-7.17,-2.63,5.0,0.0,0
1789648927.8619313,2026-09-17T18:12:07.861931,-7.17,0.0,566865.0,0.0,89.38,28.9,0,0,0,0,-7.17,-2.63,5.0,0.0,0
1789648927.8826144,2026-09-17T18:12:07.882614,-7.17,0.0,566865.0,0.0,89.38,28.9,0,0,0,0,-7.17,-2.63,5.0,0.0,0
1789648927.902569,2026-09-17T18:12:07.902569,-7.17,0.0,566865.0,0.0,89.38,28.9,0,0,0,0,-7.17,-2.63,5.0,0.0,0
1789648927.9222925,2026-09-17T18:12:07.922292,-7.17,0.0,566865.0,0.0,89.38,28.9,0,0,0,0,-7.17,-2.63,5.0,0.0,0
1789648927.9419541,2026-09-17T18:12:07.941954,-7.17,0.0,566865.0,0.0,89.38,28.9,0,0,0,0,-7.17,-2.63,5.0,0.0,0
1789648927.9621646,2026-09-17T18:12:07.962165,-7.17,0.0,566865.0,0.0,89.38,28.9,0,0,0,0,-7.17,-2.63,5.0,0.0,0
1789648927.9829543,2026-09-17T18:12:07.982954,-7.17,0.0,566865.0,0.0,89.38,28.9,0,0,0,0,-7.17,-2.63,5.0,0.0,0
1789648928.00229,2026-09-17T18:12:08.002290,-7.17,0.0,566865.0,0.0,89.38,28.9,0,0,0,0,-7.17,-2.63,5.0,0.0,0
1789648928.022439,2026-09-17T18:12:08.022439,-7.17,0.0,566865.0,0.0,89.38,28.9,0,0,0,0,-7.17,-2.63,5.0,0.0,0
1789648928.0420692,2026-09-17T18:12:08.042069,-7.17,0.0,566865.0,0.0,89.38,28.9,0,0,0,0,-7.17,-2.63,5.0,0.0,0
1789648928.0625117,2026-09-17T18:12:08.062512,-7.17,0.0,566865.0,0.0,89.38,28.9,0,0,0,0,-7.17,-2.63,5.0,0.0,0
1789648928.081971,2026-09-17T18:12:08.081971,-7.17,0.0,566865.0,0.0,89.38,28.9,0,0,0,0,-7.17,-2.63,5.0,0.0,0
1789648928.1023798,2026-09-17T18:12:08.102380,-7.17,0.0,566865.0,0.0,89.38,28.9,0,0,0,0,-7.17,-2.63,5.0,0.0,0
1789648928.1227868,2026-09-17T18:12:08.122787,-7.17,0.0,566865.0,0.0,89.38,28.9,0,0,0,0,-7.17,-2.63,5.0,0.0,0
1789648928.1423063,2026-09-17T18:12:08.142306,-7.17,0.0,566865.0,0.0,89.38,28.9,0,0,0,0,-7.17,-2.63,5.0,0.0,0
1789648928.1623943,2026-09-17T18:12:08.162394,-7.17,0.0,566865.0,0.0,89.38,28.9,0,0,0,0,-7.17,-2.63,5.0,0.0,0
1789648928.1819813,2026-09-17T18:12:08.181981,-7.17,0.0,566865.0,0.0,89.38,28.9,0,0,0,0,-7.17,-2.63,5.0,0.0,0
1789648928.2020986,2026-09-17T18:12:08.202099,-7.17,0.0,566865.0,0.0,89.38,28.9,0,0,0,0,-7.17,-2.63,5.0,0.0,0
1789648928.2224722,2026-09-17T18:12:08.222472,-7.17,0.0,566865.0,0.0,89.38,28.9,0,0,0,0,-7.17,-2.63,5.0,0.0,0
1789648928.2422786,2026-09-17T18:12:08.242279,-7.17,0.0,566865.0,0.0,89.38,28.9,0,0,0,0,-7.17,-2.63,5.0,0.0,0
1789648928.2625682,2026-09-17T18:12:08.262568,-7.17,0.0,566865.0,0.0,89.38,28.9,0,0,0,0,-7.17,-2.63,5.0,0.0,0
1789648928.2819412,2026-09-17T18:12:08.281941,-7.17,0.0,566865.0,0.0,89.38,28.9,0,0,0,0,-7.17,-2.63,5.0,0.0,0
1789648928.301948,2026-09-17T18:12:08.301948,-7.17,0.0,566865.0,0.0,89.38,28.9,0,0,0,0,-7.17,-2.63,5.0,0.0,0
1789648928.3225217,2026-09-17T18:12:08.322522,-7.97,0.0,566853.0,0.0,89.47,28.9,0,0,0,0,-7.97,-2.63,5.0,0.0,0
1789648928.341947,2026-09-17T18:12:08.341947,-8.52,0.0,566853.0,0.0,89.47,28.9,0,0,0,0,-8.52,-2.63,5.0,0.0,0
1789648928.3627663,2026-09-17T18:12:08.362766,-9.04,0.0,566853.0,0.0,89.47,28.9,0,0,0,0,-9.04,-2.63,5.0,0.0,0
1789648928.382593,2026-09-17T18:12:08.382593,-9.49,0.0,566853.0,0.0,89.47,28.9,0,0,0,0,-9.49,-2.57,5.0,0.0,0
1789648928.401769,2026-09-17T18:12:08.401769,-6.65,0.0,566853.0,0.0,89.47,28.9,0,0,0,0,-6.65,-2.46,5.0,0.0,0
1789648928.4222167,2026-09-17T18:12:08.422217,-6.65,0.0,566853.0,0.0,89.47,28.9,0,0,0,0,-6.65,-2.46,5.0,0.0,0
1789648928.442591,2026-09-17T18:12:08.442591,-6.65,0.0,566853.0,0.0,89.47,28.9,0,0,0,0,-6.65,-2.46,5.0,0.0,0
1789648928.4620223,2026-09-17T18:12:08.462022,-6.65,0.0,566853.0,0.0,89.47,28.9,0,0,0,0,-6.65,-2.46,5.0,0.0,0
1789648928.482399,2026-09-17T18:12:08.482399,-6.65,0.0,566853.0,0.0,89.47,28.9,0,0,0,0,-6.65,-2.46,5.0,0.0,0
1789648928.5025046,2026-09-17T18:12:08.502505,-6.65,0.0,566853.0,0.0,89.47,28.9,0,0,0,0,-6.65,-2.46,5.0,0.0,0
1789648928.5227017,2026-09-17T18:12:08.522702,-6.65,0.0,566853.0,0.0,89.47,28.9,0,0,0,0,-6.65,-2.46,5.0,0.0,0
1789648928.5424,2026-09-17T18:12:08.542400,-6.65,0.0,566853.0,0.0,89.47,28.9,0,0,0,0,-6.65,-2.46,5.0,0.0,0
1789648928.5626805,2026-09-17T18:12:08.562680,-6.65,0.0,566853.0,0.0,89.47,28.9,0,0,0,0,-6.65,-2.46,5.0,0.0,0
1789648928.5820248,2026-09-17T18:12:08.582025,-6.65,0.0,566853.0,0.0,89.47,28.9,0,0,0,0,-6.65,-2.46,5.0,0.0,0
1789648928.6024683,2026-09-17T18:12:08.602468,-6.65,0.0,566853.0,0.0,89.47,28.9,0,0,0,0,-6.65,-2.46,5.0,0.0,0
1789648928.6222916,2026-09-17T18:12:08.622292,-6.65,0.0,566853.0,0.0,89.47,28.9,0,0,0,0,-6.65,-2.46,5.0,0.0,0
1789648928.6423104,2026-09-17T18:12:08.642310,-6.65,0.0,566853.0,0.0,89.47,28.9,0,0,0,0,-6.65,-2.46,5.0,0.0,0
1789648928.6620197,2026-09-17T18:12:08.662020,-6.65,0.0,566853.0,0.0,89.47,28.9,0,0,0,0,-6.65,-2.46,5.0,0.0,0
1789648928.6824625,2026-09-17T18:12:08.682462,-6.65,0.0,566853.0,0.0,89.47,28.9,0,0,0,0,-6.65,-2.46,5.0,0.0,0
1789648928.7024565,2026-09-17T18:12:08.702456,-6.65,0.0,566853.0,0.0,89.47,28.9,0,0,0,0,-6.65,-2.46,5.0,0.0,0
1789648928.7224548,2026-09-17T18:12:08.722455,-6.65,0.0,566853.0,0.0,89.47,28.9,0,0,0,0,-6.65,-2.46,5.0,0.0,0
1789648928.7429779,2026-09-17T18:12:08.742978,-6.65,0.0,566853.0,0.0,89.47,28.9,0,0,0,0,-6.65,-2.46,5.0,0.0,0
1789648928.763055,2026-09-17T18:12:08.763055,-6.65,0.0,566853.0,0.0,89.47,28.9,0,0,0,0,-6.65,-2.46,5.0,0.0,0
1789648928.782691,2026-09-17T18:12:08.782691,-6.65,0.0,566853.0,0.0,89.47,28.9,0,0,0,0,-6.65,-2.46,5.0,0.0,0
1789648928.8027763,2026-09-17T18:12:08.802776,-6.65,0.0,566853.0,0.0,89.47,28.9,0,0,0,0,-6.65,-2.46,5.0,0.0,0
1789648928.8218708,2026-09-17T18:12:08.821871,-6.65,0.0,566853.0,0.0,89.47,28.9,0,0,0,0,-6.65,-2.46,5.0,0.0,0
1789648928.8424008,2026-09-17T18:12:08.842401,-6.65,0.0,566853.0,0.0,89.47,28.9,0,0,0,0,-6.65,-2.46,5.0,0.0,0
1789648928.8623636,2026-09-17T18:12:08.862364,-6.65,0.0,566853.0,0.0,89.47,28.9,0,0,0,0,-6.65,-2.46,5.0,0.0,0
1789648928.882605,2026-09-17T18:12:08.882605,-6.65,0.0,566853.0,0.0,89.47,28.9,0,0,0,0,-6.65,-2.46,5.0,0.0,0
1789648928.9020433,2026-09-17T18:12:08.902043,-6.65,0.0,566853.0,0.0,89.47,28.9,0,0,0,0,-6.65,-2.46,5.0,0.0,0
1789648928.9224298,2026-09-17T18:12:08.922430,-6.65,0.0,566853.0,0.0,89.47,28.9,0,0,0,0,-6.65,-2.46,5.0,0.0,0
1789648928.9428918,2026-09-17T18:12:08.942892,-6.65,0.0,566853.0,0.0,89.47,28.9,0,0,0,0,-6.65,-2.46,5.0,0.0,0
1789648928.962656,2026-09-17T18:12:08.962656,-6.65,0.0,566853.0,0.0,89.47,28.9,0,0,0,0,-6.65,-2.46,5.0,0.0,0
1789648928.9823263,2026-09-17T18:12:08.982326,-6.65,0.0,566853.0,0.0,89.47,28.9,0,0,0,0,-6.65,-2.46,5.0,0.0,0
1789648929.0022197,2026-09-17T18:12:09.002220,-6.65,0.0,566853.0,0.0,89.47,28.9,0,0,0,0,-6.65,-2.46,5.0,0.0,0
1789648929.0219378,2026-09-17T18:12:09.021938,-6.65,0.0,566853.0,0.0,89.47,28.9,0,0,0,0,-6.65,-2.46,5.0,0.0,0
1789648929.042254,2026-09-17T18:12:09.042254,-6.65,0.0,566853.0,0.0,89.47,28.9,0,0,0,0,-6.65,-2.46,5.0,0.0,0
1789648929.062279,2026-09-17T18:12:09.062279,-6.65,0.0,566853.0,0.0,89.47,28.9,0,0,0,0,-6.65,-2.46,5.0,0.0,0
1789648929.0820813,2026-09-17T18:12:09.082081,-6.65,0.0,566853.0,0.0,89.47,28.9,0,0,0,0,-6.65,-2.46,5.0,0.0,0
1789648929.1024258,2026-09-17T18:12:09.102426,-6.65,0.0,566853.0,0.0,89.47,28.9,0,0,0,0,-6.65,-2.46,5.0,0.0,0
1789648929.1225328,2026-09-17T18:12:09.122533,-6.65,0.0,566853.0,0.0,89.47,28.9,0,0,0,0,-6.65,-2.46,5.0,0.0,0
1789648929.1435158,2026-09-17T18:12:09.143516,-6.65,0.0,566853.0,0.0,89.47,28.9,0,0,0,0,-6.65,-2.46,5.0,0.0,0
1789648929.1625657,2026-09-17T18:12:09.162566,-6.65,0.0,566853.0,0.0,89.47,28.9,0,0,0,0,-6.65,-2.46,5.0,0.0,0
1789648929.182644,2026-09-17T18:12:09.182644,-6.65,0.0,566853.0,0.0,89.47,28.9,0,0,0,0,-6.65,-2.46,5.0,0.0,0
1789648929.2019124,2026-09-17T18:12:09.201912,-6.65,0.0,566853.0,0.0,89.47,28.9,0,0,0,0,-6.65,-2.46,5.0,0.0,0
1789648929.2226467,2026-09-17T18:12:09.222647,-6.65,0.0,566853.0,0.0,89.47,28.9,0,0,0,0,-6.65,-2.46,5.0,0.0,0
1789648929.2425437,2026-09-17T18:12:09.242544,-6.65,0.0,566853.0,0.0,89.47,28.9,0,0,0,0,-6.65,-2.46,5.0,0.0,0
1789648929.2630014,2026-09-17T18:12:09.263001,-6.65,0.0,566853.0,0.0,89.47,28.9,0,0,0,0,-6.65,-2.46,5.0,0.0,0
1789648929.282833,2026-09-17T18:12:09.282833,-6.65,0.0,566853.0,0.0,89.47,28.9,0,0,0,0,-6.65,-2.46,5.0,0.0,0
1789648929.303632,2026-09-17T18:12:09.303632,-6.65,0.0,566853.0,0.0,89.47,28.9,0,0,0,0,-6.65,-2.46,5.0,0.0,0
1789648929.3234212,2026-09-17T18:12:09.323421,-6.65,0.0,566853.0,0.0,89.47,28.9,0,0,0,0,-6.65,-2.46,5.0,0.0,0
1789648929.3420677,2026-09-17T18:12:09.342068,-6.65,0.0,566853.0,0.0,89.47,28.9,0,0,0,0,-6.65,-2.46,5.0,0.0,0
1789648929.3624885,2026-09-17T18:12:09.362489,-6.65,0.0,566853.0,0.0,89.47,28.9,0,0,0,0,-6.65,-2.46,5.0,0.0,0
1789648929.383111,2026-09-17T18:12:09.383111,-6.65,0.0,566853.0,0.0,89.47,28.9,0,0,0,0,-6.65,-2.46,5.0,0.0,0
1789648929.4027424,2026-09-17T18:12:09.402742,-5.66,0.0,566847.0,0.0,89.38,28.9,0,0,0,0,-5.66,-2.43,5.0,0.0,0
1789648929.4228516,2026-09-17T18:12:09.422852,-5.3,0.0,566847.0,0.0,89.12,28.9,0,0,0,0,-5.3,-3.16,5.0,0.0,0
1789648929.4426441,2026-09-17T18:12:09.442644,-5.3,0.0,566847.0,0.0,89.12,28.9,0,0,0,0,-5.3,-3.16,5.0,0.0,0
1789648929.4634345,2026-09-17T18:12:09.463434,-5.3,0.0,566847.0,0.0,89.12,28.9,0,0,0,0,-5.3,-3.16,5.0,0.0,0
1789648929.4824278,2026-09-17T18:12:09.482428,-5.3,0.0,566847.0,0.0,89.12,28.9,0,0,0,0,-5.3,-3.16,5.0,0.0,0
1789648929.5022073,2026-09-17T18:12:09.502207,-5.3,0.0,566847.0,0.0,89.12,28.9,0,0,0,0,-5.3,-3.16,5.0,0.0,0
1789648929.5219753,2026-09-17T18:12:09.521975,-5.3,0.0,566847.0,0.0,89.12,28.9,0,0,0,0,-5.3,-3.16,5.0,0.0,0
1789648929.5427978,2026-09-17T18:12:09.542798,-5.3,0.0,566847.0,0.0,89.12,28.9,0,0,0,0,-5.3,-3.16,5.0,0.0,0
1789648929.5622137,2026-09-17T18:12:09.562214,-5.3,0.0,566847.0,0.0,89.12,28.9,0,0,0,0,-5.3,-3.16,5.0,0.0,0
1789648929.5821247,2026-09-17T18:12:09.582125,-5.3,0.0,566847.0,0.0,89.12,28.9,0,0,0,0,-5.3,-3.16,5.0,0.0,0
1789648929.6030653,2026-09-17T18:12:09.603065,-5.3,0.0,566847.0,0.0,89.12,28.9,0,0,0,0,-5.3,-3.16,5.0,0.0,0
1789648929.6231887,2026-09-17T18:12:09.623189,-5.3,0.0,566847.0,0.0,89.12,28.9,0,0,0,0,-5.3,-3.16,5.0,0.0,0
1789648929.6430402,2026-09-17T18:12:09.643040,-5.3,0.0,566847.0,0.0,89.12,28.9,0,0,0,0,-5.3,-3.16,5.0,0.0,0
1789648929.6623442,2026-09-17T18:12:09.662344,-5.3,0.0,566847.0,0.0,89.12,28.9,0,0,0,0,-5.3,-3.16,5.0,0.0,0
1789648929.6827154,2026-09-17T18:12:09.682715,-5.3,0.0,566847.0,0.0,89.12,28.9,0,0,0,0,-5.3,-3.16,5.0,0.0,0
1789648929.7027886,2026-09-17T18:12:09.702789,-5.3,0.0,566847.0,0.0,89.12,28.9,0,0,0,0,-5.3,-3.16,5.0,0.0,0
1789648929.7222126,2026-09-17T18:12:09.722213,-5.3,0.0,566847.0,0.0,89.12,28.9,0,0,0,0,-5.3,-3.16,5.0,0.0,0
1789648929.7425132,2026-09-17T18:12:09.742513,-5.3,0.0,566847.0,0.0,89.12,28.9,0,0,0,0,-5.3,-3.16,5.0,0.0,0
1789648929.7625458,2026-09-17T18:12:09.762546,-5.3,0.0,566847.0,0.0,89.12,28.9,0,0,0,0,-5.3,-3.16,5.0,0.0,0
1789648929.782779,2026-09-17T18:12:09.782779,-5.3,0.0,566847.0,0.0,89.12,28.9,0,0,0,0,-5.3,-3.16,5.0,0.0,0
1789648929.8035016,2026-09-17T18:12:09.803502,-5.3,0.0,566847.0,0.0,89.12,28.9,0,0,0,0,-5.3,-3.16,5.0,0.0,0
1789648929.8236022,2026-09-17T18:12:09.823602,-5.3,0.0,566847.0,0.0,89.12,28.9,0,0,0,0,-5.3,-3.16,5.0,0.0,0
1789648929.8427513,2026-09-17T18:12:09.842751,-5.3,0.0,566847.0,0.0,89.12,28.9,0,0,0,0,-5.3,-3.16,5.0,0.0,0
1789648929.8622353,2026-09-17T18:12:09.862235,-5.3,0.0,566847.0,0.0,89.12,28.9,0,0,0,0,-5.3,-3.16,5.0,0.0,0
1789648929.8820074,2026-09-17T18:12:09.882007,-5.3,0.0,566847.0,0.0,89.12,28.9,0,0,0,0,-5.3,-3.16,5.0,0.0,0
1789648929.9026947,2026-09-17T18:12:09.902695,-5.3,0.0,566847.0,0.0,89.12,28.9,0,0,0,0,-5.3,-3.16,5.0,0.0,0
1789648929.9223378,2026-09-17T18:12:09.922338,-5.3,0.0,566847.0,0.0,89.12,28.9,0,0,0,0,-5.3,-3.16,5.0,0.0,0
1789648929.9427743,2026-09-17T18:12:09.942774,-5.3,0.0,566847.0,0.0,89.12,28.9,0,0,0,0,-5.3,-3.16,5.0,0.0,0
1789648929.9640794,2026-09-17T18:12:09.964079,-5.3,0.0,566847.0,0.0,89.12,28.9,0,0,0,0,-5.3,-3.16,5.0,0.0,0
1789648929.9835503,2026-09-17T18:12:09.983550,-5.3,0.0,566847.0,0.0,89.12,28.9,0,0,0,0,-5.3,-3.16,5.0,0.0,0
1789648930.002384,2026-09-17T18:12:10.002384,-5.3,0.0,566847.0,0.0,89.12,28.9,0,0,0,0,-5.3,-3.16,5.0,0.0,0
1789648930.022652,2026-09-17T18:12:10.022652,-5.3,0.0,566847.0,0.0,89.12,28.9,0,0,0,0,-5.3,-3.16,5.0,0.0,0
1789648930.0430415,2026-09-17T18:12:10.043041,-5.3,0.0,566847.0,0.0,89.12,28.9,0,0,0,0,-5.3,-3.16,5.0,0.0,0
1789648930.0626981,2026-09-17T18:12:10.062698,-5.3,0.0,566847.0,0.0,89.12,28.9,0,0,0,0,-5.3,-3.16,5.0,0.0,0
1789648930.0821917,2026-09-17T18:12:10.082192,-5.3,0.0,566847.0,0.0,89.12,28.9,0,0,0,0,-5.3,-3.16,5.0,0.0,0
1789648930.102613,2026-09-17T18:12:10.102613,-5.3,0.0,566847.0,0.0,89.12,28.9,0,0,0,0,-5.3,-3.16,5.0,0.0,0
1789648930.1230643,2026-09-17T18:12:10.123064,-5.3,0.0,566847.0,0.0,89.12,28.9,0,0,0,0,-5.3,-3.16,5.0,0.0,0
1789648930.1433425,2026-09-17T18:12:10.143342,-5.3,0.0,566847.0,0.0,89.12,28.9,0,0,0,0,-5.3,-3.16,5.0,0.0,0
1789648930.1622853,2026-09-17T18:12:10.162285,-5.3,0.0,566847.0,0.0,89.12,28.9,0,0,0,0,-5.3,-3.16,5.0,0.0,0
1789648930.1826093,2026-09-17T18:12:10.182609,-5.3,0.0,566847.0,0.0,89.12,28.9,0,0,0,0,-5.3,-3.16,5.0,0.0,0
1789648930.2020373,2026-09-17T18:12:10.202037,-5.3,0.0,566847.0,0.0,89.12,28.9,0,0,0,0,-5.3,-3.16,5.0,0.0,0
1789648930.2227423,2026-09-17T18:12:10.222742,-5.3,0.0,566847.0,0.0,89.12,28.9,0,0,0,0,-5.3,-3.16,5.0,0.0,0
1789648930.2423022,2026-09-17T18:12:10.242302,-5.3,0.0,566847.0,0.0,89.12,28.9,0,0,0,0,-5.3,-3.16,5.0,0.0,0
1789648930.262016,2026-09-17T18:12:10.262016,-5.3,0.0,566847.0,0.0,89.12,28.9,0,0,0,0,-5.3,-3.16,5.0,0.0,0
1789648930.283013,2026-09-17T18:12:10.283013,-5.3,0.0,566847.0,0.0,89.12,28.9,0,0,0,0,-5.3,-3.16,5.0,0.0,0
1789648930.3027842,2026-09-17T18:12:10.302784,-5.3,0.0,566847.0,0.0,89.12,28.9,0,0,0,0,-5.3,-3.16,5.0,0.0,0
1789648930.3229237,2026-09-17T18:12:10.322924,-5.3,0.0,566847.0,0.0,89.12,28.9,0,0,0,0,-5.3,-3.16,5.0,0.0,0
1789648930.3422158,2026-09-17T18:12:10.342216,-5.3,0.0,566847.0,0.0,89.12,28.9,0,0,0,0,-5.3,-3.16,5.0,0.0,0
1789648930.3622854,2026-09-17T18:12:10.362285,-5.3,0.0,566847.0,0.0,89.12,28.9,0,0,0,0,-5.3,-3.16,5.0,0.0,0
1789648930.3822913,2026-09-17T18:12:10.382291,-5.3,0.0,566847.0,0.0,89.12,28.9,0,0,0,0,-5.3,-3.16,5.0,0.0,0
1789648930.4019802,2026-09-17T18:12:10.401980,-5.3,0.0,566847.0,0.0,89.12,28.9,0,0,0,0,-5.3,-3.16,5.0,0.0,0
1789648930.4232376,2026-09-17T18:12:10.423238,-5.3,0.0,566847.0,0.0,89.12,28.9,0,0,0,0,-5.3,-3.16,5.0,0.0,0
1789648930.442906,2026-09-17T18:12:10.442906,-5.3,0.0,566847.0,0.0,89.12,28.9,0,0,0,0,-5.3,-3.16,5.0,0.0,0
1789648930.4630306,2026-09-17T18:12:10.463031,-5.3,0.0,566847.0,0.0,89.12,28.9,0,0,0,0,-5.3,-3.16,5.0,0.0,0
1789648930.4820273,2026-09-17T18:12:10.482027,-5.3,0.0,566847.0,0.0,89.12,28.9,0,0,0,0,-5.3,-3.16,5.0,0.0,0
1789648930.502028,2026-09-17T18:12:10.502028,-5.12,0.0,566832.0,0.0,89.12,28.9,0,0,0,0,-5.12,-4.65,5.0,0.0,0
1789648930.5223773,2026-09-17T18:12:10.522377,-5.86,0.0,566832.0,0.0,89.03,28.9,0,0,0,0,-5.86,-4.19,5.0,0.0,0
1789648930.5420208,2026-09-17T18:12:10.542021,-6.55,0.0,566832.0,0.0,89.03,28.9,0,0,0,0,-6.55,-4.1,5.0,0.0,0
1789648930.5628533,2026-09-17T18:12:10.562853,-7.18,0.0,566832.0,0.0,89.03,28.9,0,0,0,0,-7.18,-4.01,5.0,0.0,0
1789648930.582244,2026-09-17T18:12:10.582244,-7.2,0.0,566832.0,0.0,89.03,28.9,0,0,0,0,-7.2,-3.59,5.0,0.0,0
1789648930.602322,2026-09-17T18:12:10.602322,-7.2,0.0,566832.0,0.0,89.03,28.9,0,0,0,0,-7.2,-3.59,5.0,0.0,0
1789648930.622323,2026-09-17T18:12:10.622323,-7.2,0.0,566832.0,0.0,89.03,28.9,0,0,0,0,-7.2,-3.59,5.0,0.0,0
1789648930.6430793,2026-09-17T18:12:10.643079,-7.2,0.0,566832.0,0.0,89.03,28.9,0,0,0,0,-7.2,-3.59,5.0,0.0,0
1789648930.6630456,2026-09-17T18:12:10.663046,-7.2,0.0,566832.0,0.0,89.03,28.9,0,0,0,0,-7.2,-3.59,5.0,0.0,0
1789648930.6827269,2026-09-17T18:12:10.682727,-7.2,0.0,566832.0,0.0,89.03,28.9,0,0,0,0,-7.2,-3.59,5.0,0.0,0
1789648930.7021585,2026-09-17T18:12:10.702158,-7.2,0.0,566832.0,0.0,89.03,28.9,0,0,0,0,-7.2,-3.59,5.0,0.0,0
1789648930.7221253,2026-09-17T18:12:10.722125,-7.2,0.0,566832.0,0.0,89.03,28.9,0,0,0,0,-7.2,-3.59,5.0,0.0,0
1789648930.7426412,2026-09-17T18:12:10.742641,-7.2,0.0,566832.0,0.0,89.03,28.9,0,0,0,0,-7.2,-3.59,5.0,0.0,0
1789648930.762677,2026-09-17T18:12:10.762677,-7.2,0.0,566832.0,0.0,89.03,28.9,0,0,0,0,-7.2,-3.59,5.0,0.0,0
1789648930.782609,2026-09-17T18:12:10.782609,-7.2,0.0,566832.0,0.0,89.03,28.9,0,0,0,0,-7.2,-3.59,5.0,0.0,0
1789648930.8024774,2026-09-17T18:12:10.802477,-7.2,0.0,566832.0,0.0,89.03,28.9,0,0,0,0,-7.2,-3.59,5.0,0.0,0
1789648930.8227923,2026-09-17T18:12:10.822792,-7.2,0.0,566832.0,0.0,89.03,28.9,0,0,0,0,-7.2,-3.59,5.0,0.0,0
1789648930.84246,2026-09-17T18:12:10.842460,-7.2,0.0,566832.0,0.0,89.03,28.9,0,0,0,0,-7.2,-3.59,5.0,0.0,0
1789648930.8623981,2026-09-17T18:12:10.862398,-7.2,0.0,566832.0,0.0,89.03,28.9,0,0,0,0,-7.2,-3.59,5.0,0.0,0
1789648930.8823574,2026-09-17T18:12:10.882357,-7.2,0.0,566832.0,0.0,89.03,28.9,0,0,0,0,-7.2,-3.59,5.0,0.0,0
1789648930.9023647,2026-09-17T18:12:10.902365,-7.2,0.0,566832.0,0.0,89.03,28.9,0,0,0,0,-7.2,-3.59,5.0,0.0,0
1789648930.9222577,2026-09-17T18:12:10.922258,-7.2,0.0,566832.0,0.0,89.03,28.9,0,0,0,0,-7.2,-3.59,5.0,0.0,0
1789648930.9422596,2026-09-17T18:12:10.942260,-7.2,0.0,566832.0,0.0,89.03,28.9,0,0,0,0,-7.2,-3.59,5.0,0.0,0
1789648930.9626482,2026-09-17T18:12:10.962648,-7.2,0.0,566832.0,0.0,89.03,28.9,0,0,0,0,-7.2,-3.59,5.0,0.0,0
1789648930.9828143,2026-09-17T18:12:10.982814,-7.2,0.0,566832.0,0.0,89.03,28.9,0,0,0,0,-7.2,-3.59,5.0,0.0,0
1789648931.0028157,2026-09-17T18:12:11.002816,-7.2,0.0,566832.0,0.0,89.03,28.9,0,0,0,0,-7.2,-3.59,5.0,0.0,0
1789648931.0229259,2026-09-17T18:12:11.022926,-7.2,0.0,566832.0,0.0,89.03,28.9,0,0,0,0,-7.2,-3.59,5.0,0.0,0
1789648931.0429265,2026-09-17T18:12:11.042927,-7.2,0.0,566832.0,0.0,89.03,28.9,0,0,0,0,-7.2,-3.59,5.0,0.0,0
1789648931.0622642,2026-09-17T18:12:11.062264,-7.2,0.0,566832.0,0.0,89.03,28.9,0,0,0,0,-7.2,-3.59,5.0,0.0,0
1789648931.0822668,2026-09-17T18:12:11.082267,-7.2,0.0,566832.0,0.0,89.03,28.9,0,0,0,0,-7.2,-3.59,5.0,0.0,0
1789648931.1023247,2026-09-17T18:12:11.102325,-7.2,0.0,566832.0,0.0,89.03,28.9,0,0,0,0,-7.2,-3.59,5.0,0.0,0
1789648931.122112,2026-09-17T18:12:11.122112,-7.2,0.0,566832.0,0.0,89.03,28.9,0,0,0,0,-7.2,-3.59,5.0,0.0,0
1789648931.1429968,2026-09-17T18:12:11.142997,-7.2,0.0,566832.0,0.0,89.03,28.9,0,0,0,0,-7.2,-3.59,5.0,0.0,0
1789648931.1620486,2026-09-17T18:12:11.162049,-7.2,0.0,566832.0,0.0,89.03,28.9,0,0,0,0,-7.2,-3.59,5.0,0.0,0
1789648931.1832585,2026-09-17T18:12:11.183259,-7.2,0.0,566832.0,0.0,89.03,28.9,0,0,0,0,-7.2,-3.59,5.0,0.0,0
1789648931.2029223,2026-09-17T18:12:11.202922,-7.2,0.0,566832.0,0.0,89.03,28.9,0,0,0,0,-7.2,-3.59,5.0,0.0,0
1789648931.2232904,2026-09-17T18:12:11.223290,-7.2,0.0,566832.0,0.0,89.03,28.9,0,0,0,0,-7.2,-3.59,5.0,0.0,0
1789648931.2427645,2026-09-17T18:12:11.242764,-7.2,0.0,566832.0,0.0,89.03,28.9,0,0,0,0,-7.2,-3.59,5.0,0.0,0
1789648931.262861,2026-09-17T18:12:11.262861,-7.2,0.0,566832.0,0.0,89.03,28.9,0,0,0,0,-7.2,-3.59,5.0,0.0,0
1789648931.2831216,2026-09-17T18:12:11.283122,-7.2,0.0,566832.0,0.0,89.03,28.9,0,0,0,0,-7.2,-3.59,5.0,0.0,0
1789648931.3035095,2026-09-17T18:12:11.303509,-7.2,0.0,566832.0,0.0,89.03,28.9,0,0,0,0,-7.2,-3.59,5.0,0.0,0
1789648931.3218045,2026-09-17T18:12:11.321805,-7.2,0.0,566832.0,0.0,89.03,28.9,0,0,0,0,-7.2,-3.59,5.0,0.0,0
1789648931.342472,2026-09-17T18:12:11.342472,-7.2,0.0,566832.0,0.0,89.03,28.9,0,0,0,0,-7.2,-3.59,5.0,0.0,0
1789648931.3621674,2026-09-17T18:12:11.362167,-7.2,0.0,566832.0,0.0,89.03,28.9,0,0,0,0,-7.2,-3.59,5.0,0.0,0
1789648931.3827972,2026-09-17T18:12:11.382797,-7.2,0.0,566832.0,0.0,89.03,28.9,0,0,0,0,-7.2,-3.59,5.0,0.0,0
1789648931.4021802,2026-09-17T18:12:11.402180,-7.2,0.0,566832.0,0.0,89.03,28.9,0,0,0,0,-7.2,-3.59,5.0,0.0,0
1789648931.4229686,2026-09-17T18:12:11.422969,-7.2,0.0,566832.0,0.0,89.03,28.9,0,0,0,0,-7.2,-3.59,5.0,0.0,0
1789648931.442223,2026-09-17T18:12:11.442223,-7.2,0.0,566832.0,0.0,89.03,28.9,0,0,0,0,-7.2,-3.59,5.0,0.0,0
1789648931.4622223,2026-09-17T18:12:11.462222,-7.2,0.0,566832.0,0.0,89.03,28.9,0,0,0,0,-7.2,-3.59,5.0,0.0,0
1789648931.482633,2026-09-17T18:12:11.482633,-7.2,0.0,566832.0,0.0,89.03,28.9,0,0,0,0,-7.2,-3.59,5.0,0.0,0
1789648931.501931,2026-09-17T18:12:11.501931,-7.2,0.0,566832.0,0.0,89.03,28.9,0,0,0,0,-7.2,-3.59,5.0,0.0,0
1789648931.5220866,2026-09-17T18:12:11.522087,-7.2,0.0,566832.0,0.0,89.03,28.9,0,0,0,0,-7.2,-3.59,5.0,0.0,0
1789648931.5424623,2026-09-17T18:12:11.542462,-7.2,0.0,566832.0,0.0,89.03,28.9,0,0,0,0,-7.2,-3.59,5.0,0.0,0
1789648931.5627952,2026-09-17T18:12:11.562795,-7.2,0.0,566832.0,0.0,89.03,28.9,0,0,0,0,-7.2,-3.59,5.0,0.0,0
1789648931.5829613,2026-09-17T18:12:11.582961,-7.2,0.0,566832.0,0.0,89.03,28.9,0,0,0,0,-7.2,-3.59,5.0,0.0,0
1789648931.6023517,2026-09-17T18:12:11.602352,-6.99,0.0,566807.0,0.0,89.03,28.9,0,0,0,0,-6.99,-3.54,5.0,0.0,0
1789648931.6223786,2026-09-17T18:12:11.622379,-7.19,0.0,566807.0,0.0,89.03,28.9,0,0,0,0,-7.19,-3.52,5.0,0.0,0
1789648931.6425648,2026-09-17T18:12:11.642565,-7.19,0.0,566807.0,0.0,89.03,28.9,0,0,0,0,-7.19,-3.52,5.0,0.0,0
1789648931.6620297,2026-09-17T18:12:11.662030,-7.19,0.0,566807.0,0.0,89.03,28.9,0,0,0,0,-7.19,-3.52,5.0,0.0,0
1789648931.6825502,2026-09-17T18:12:11.682550,-7.19,0.0,566807.0,0.0,89.03,28.9,0,0,0,0,-7.19,-3.52,5.0,0.0,0
1789648931.70261,2026-09-17T18:12:11.702610,-7.19,0.0,566807.0,0.0,89.03,28.9,0,0,0,0,-7.19,-3.52,5.0,0.0,0
1789648931.7228353,2026-09-17T18:12:11.722835,-7.19,0.0,566807.0,0.0,89.03,28.9,0,0,0,0,-7.19,-3.52,5.0,0.0,0
1789648931.7428443,2026-09-17T18:12:11.742844,-7.19,0.0,566807.0,0.0,89.03,28.9,0,0,0,0,-7.19,-3.52,5.0,0.0,0
1789648931.7629795,2026-09-17T18:12:11.762980,-7.19,0.0,566807.0,0.0,89.03,28.9,0,0,0,0,-7.19,-3.52,5.0,0.0,0
1789648931.782979,2026-09-17T18:12:11.782979,-7.19,0.0,566807.0,0.0,89.03,28.9,0,0,0,0,-7.19,-3.52,5.0,0.0,0
1789648931.8031478,2026-09-17T18:12:11.803148,-7.19,0.0,566807.0,0.0,89.03,28.9,0,0,0,0,-7.19,-3.52,5.0,0.0,0
1789648931.8222232,2026-09-17T18:12:11.822223,-7.19,0.0,566807.0,0.0,89.03,28.9,0,0,0,0,-7.19,-3.52,5.0,0.0,0
1789648931.8425167,2026-09-17T18:12:11.842517,-7.19,0.0,566807.0,0.0,89.03,28.9,0,0,0,0,-7.19,-3.52,5.0,0.0,0
1789648931.8625965,2026-09-17T18:12:11.862597,-7.19,0.0,566807.0,0.0,89.03,28.9,0,0,0,0,-7.19,-3.52,5.0,0.0,0
1789648931.8825965,2026-09-17T18:12:11.882596,-7.19,0.0,566807.0,0.0,89.03,28.9,0,0,0,0,-7.19,-3.52,5.0,0.0,0
1789648931.9028625,2026-09-17T18:12:11.902863,-7.19,0.0,566807.0,0.0,89.03,28.9,0,0,0,0,-7.19,-3.52,5.0,0.0,0
1789648931.9228556,2026-09-17T18:12:11.922856,-7.19,0.0,566807.0,0.0,89.03,28.9,0,0,0,0,-7.19,-3.52,5.0,0.0,0
1789648931.942689,2026-09-17T18:12:11.942689,-7.19,0.0,566807.0,0.0,89.03,28.9,0,0,0,0,-7.19,-3.52,5.0,0.0,0
1789648931.9626875,2026-09-17T18:12:11.962687,-7.19,0.0,566807.0,0.0,89.03,28.9,0,0,0,0,-7.19,-3.52,5.0,0.0,0
1789648931.9825244,2026-09-17T18:12:11.982524,-7.19,0.0,566807.0,0.0,89.03,28.9,0,0,0,0,-7.19,-3.52,5.0,0.0,0
1789648932.0020952,2026-09-17T18:12:12.002095,-7.19,0.0,566807.0,0.0,89.03,28.9,0,0,0,0,-7.19,-3.52,5.0,0.0,0
1789648932.0221899,2026-09-17T18:12:12.022190,-7.19,0.0,566807.0,0.0,89.03,28.9,0,0,0,0,-7.19,-3.52,5.0,0.0,0
1789648932.0429535,2026-09-17T18:12:12.042953,-7.19,0.0,566807.0,0.0,89.03,28.9,0,0,0,0,-7.19,-3.52,5.0,0.0,0
1789648932.0626025,2026-09-17T18:12:12.062603,-7.19,0.0,566807.0,0.0,89.03,28.9,0,0,0,0,-7.19,-3.52,5.0,0.0,0
1789648932.0826845,2026-09-17T18:12:12.082685,-7.19,0.0,566807.0,0.0,89.03,28.9,0,0,0,0,-7.19,-3.52,5.0,0.0,0
1789648932.1022973,2026-09-17T18:12:12.102297,-7.19,0.0,566807.0,0.0,89.03,28.9,0,0,0,0,-7.19,-3.52,5.0,0.0,0
1789648932.1225703,2026-09-17T18:12:12.122570,-7.19,0.0,566807.0,0.0,89.03,28.9,0,0,0,0,-7.19,-3.52,5.0,0.0,0
1789648932.1422262,2026-09-17T18:12:12.142226,-7.19,0.0,566807.0,0.0,89.03,28.9,0,0,0,0,-7.19,-3.52,5.0,0.0,0
1789648932.1619792,2026-09-17T18:12:12.161979,-7.19,0.0,566807.0,0.0,89.03,28.9,0,0,0,0,-7.19,-3.52,5.0,0.0,0
1789648932.18241,2026-09-17T18:12:12.182410,-7.19,0.0,566807.0,0.0,89.03,28.9,0,0,0,0,-7.19,-3.52,5.0,0.0,0
1789648932.2026758,2026-09-17T18:12:12.202676,-7.19,0.0,566807.0,0.0,89.03,28.9,0,0,0,0,-7.19,-3.52,5.0,0.0,0
1789648932.2223637,2026-09-17T18:12:12.222364,-7.19,0.0,566807.0,0.0,89.03,28.9,0,0,0,0,-7.19,-3.52,5.0,0.0,0
1789648932.242441,2026-09-17T18:12:12.242441,-7.19,0.0,566807.0,0.0,89.03,28.9,0,0,0,0,-7.19,-3.52,5.0,0.0,0
1789648932.2622814,2026-09-17T18:12:12.262281,-7.19,0.0,566807.0,0.0,89.03,28.9,0,0,0,0,-7.19,-3.52,5.0,0.0,0
1789648932.2822154,2026-09-17T18:12:12.282215,-7.19,0.0,566807.0,0.0,89.03,28.9,0,0,0,0,-7.19,-3.52,5.0,0.0,0
1789648932.3026917,2026-09-17T18:12:12.302692,-7.19,0.0,566807.0,0.0,89.03,28.9,0,0,0,0,-7.19,-3.52,5.0,0.0,0
1789648932.3226926,2026-09-17T18:12:12.322693,-7.19,0.0,566807.0,0.0,89.03,28.9,0,0,0,0,-7.19,-3.52,5.0,0.0,0
1789648932.3419995,2026-09-17T18:12:12.342000,-7.19,0.0,566807.0,0.0,89.03,28.9,0,0,0,0,-7.19,-3.52,5.0,0.0,0
1789648932.36237,2026-09-17T18:12:12.362370,-7.19,0.0,566807.0,0.0,89.03,28.9,0,0,0,0,-7.19,-3.52,5.0,0.0,0
1789648932.3832498,2026-09-17T18:12:12.383250,-7.19,0.0,566807.0,0.0,89.03,28.9,0,0,0,0,-7.19,-3.52,5.0,0.0,0
1789648932.402229,2026-09-17T18:12:12.402229,-7.19,0.0,566807.0,0.0,89.03,28.9,0,0,0,0,-7.19,-3.52,5.0,0.0,0
1789648932.4229088,2026-09-17T18:12:12.422909,-7.19,0.0,566807.0,0.0,89.03,28.9,0,0,0,0,-7.19,-3.52,5.0,0.0,0
1789648932.4427478,2026-09-17T18:12:12.442748,-7.19,0.0,566807.0,0.0,89.03,28.9,0,0,0,0,-7.19,-3.52,5.0,0.0,0
1789648932.4635134,2026-09-17T18:12:12.463513,-7.19,0.0,566807.0,0.0,89.03,28.9,0,0,0,0,-7.19,-3.52,5.0,0.0,0
1789648932.4823909,2026-09-17T18:12:12.482391,-7.19,0.0,566807.0,0.0,89.03,28.9,0,0,0,0,-7.19,-3.52,5.0,0.0,0
1789648932.5029197,2026-09-17T18:12:12.502920,-7.19,0.0,566807.0,0.0,89.03,28.9,0,0,0,0,-7.19,-3.52,5.0,0.0,0
1789648932.5223918,2026-09-17T18:12:12.522392,-7.19,0.0,566807.0,0.0,89.03,28.9,0,0,0,0,-7.19,-3.52,5.0,0.0,0
1789648932.5428157,2026-09-17T18:12:12.542816,-7.19,0.0,566807.0,0.0,89.03,28.9,0,0,0,0,-7.19,-3.52,5.0,0.0,0
1789648932.5627563,2026-09-17T18:12:12.562756,-7.19,0.0,566807.0,0.0,89.03,28.9,0,0,0,0,-7.19,-3.52,5.0,0.0,0
1789648932.5825112,2026-09-17T18:12:12.582511,-7.19,0.0,566807.0,0.0,89.03,28.9,0,0,0,0,-7.19,-3.52,5.0,0.0,0
1789648932.602948,2026-09-17T18:12:12.602948,-7.19,0.0,566807.0,0.0,89.03,28.9,0,0,0,0,-7.19,-3.52,5.0,0.0,0
1789648932.6224945,2026-09-17T18:12:12.622494,-7.19,0.0,566807.0,0.0,89.03,28.9,0,0,0,0,-7.19,-3.52,5.0,0.0,0
1789648932.6435332,2026-09-17T18:12:12.643533,-7.19,0.0,566807.0,0.0,89.03,28.9,0,0,0,0,-7.19,-3.52,5.0,0.0,0
1789648932.66287,2026-09-17T18:12:12.662870,-7.19,0.0,566807.0,0.0,89.03,28.9,0,0,0,0,-7.19,-3.52,5.0,0.0,0
1789648932.681957,2026-09-17T18:12:12.681957,-7.19,0.0,566807.0,0.0,89.03,28.9,0,0,0,0,-7.19,-3.52,5.0,0.0,0
1789648932.7024183,2026-09-17T18:12:12.702418,-7.4,0.0,566805.0,0.0,89.03,28.9,0,0,0,0,-7.4,-3.5,5.0,0.0,0
1789648932.7223473,2026-09-17T18:12:12.722347,-8.0,0.0,566805.0,0.0,88.95,28.9,0,0,0,0,-8.0,-3.46,5.0,0.0,0
1789648932.7423568,2026-09-17T18:12:12.742357,-8.0,0.0,566805.0,0.0,88.95,28.9,0,0,0,0,-8.0,-3.46,5.0,0.0,0
1789648932.7629702,2026-09-17T18:12:12.762970,-8.0,0.0,566805.0,0.0,88.95,28.9,0,0,0,0,-8.0,-3.46,5.0,0.0,0
1789648932.7827957,2026-09-17T18:12:12.782796,-8.0,0.0,566805.0,0.0,88.95,28.9,0,0,0,0,-8.0,-3.46,5.0,0.0,0
1789648932.8037806,2026-09-17T18:12:12.803781,-8.0,0.0,566805.0,0.0,88.95,28.9,0,0,0,0,-8.0,-3.46,5.0,0.0,0
1789648932.8253293,2026-09-17T18:12:12.825329,-8.0,0.0,566805.0,0.0,88.95,28.9,0,0,0,0,-8.0,-3.46,5.0,0.0,0
1789648932.8426373,2026-09-17T18:12:12.842637,-8.0,0.0,566805.0,0.0,88.95,28.9,0,0,0,0,-8.0,-3.46,5.0,0.0,0
1789648932.8621461,2026-09-17T18:12:12.862146,-8.0,0.0,566805.0,0.0,88.95,28.9,0,0,0,0,-8.0,-3.46,5.0,0.0,0
1789648932.8823283,2026-09-17T18:12:12.882328,-8.0,0.0,566805.0,0.0,88.95,28.9,0,0,0,0,-8.0,-3.46,5.0,0.0,0
1789648932.9029667,2026-09-17T18:12:12.902967,-8.0,0.0,566805.0,0.0,88.95,28.9,0,0,0,0,-8.0,-3.46,5.0,0.0,0
1789648932.922678,2026-09-17T18:12:12.922678,-8.0,0.0,566805.0,0.0,88.95,28.9,0,0,0,0,-8.0,-3.46,5.0,0.0,0
1789648932.9421008,2026-09-17T18:12:12.942101,-8.0,0.0,566805.0,0.0,88.95,28.9,0,0,0,0,-8.0,-3.46,5.0,0.0,0
1789648932.9630964,2026-09-17T18:12:12.963096,-8.0,0.0,566805.0,0.0,88.95,28.9,0,0,0,0,-8.0,-3.46,5.0,0.0,0
1789648932.9831014,2026-09-17T18:12:12.983101,-8.0,0.0,566805.0,0.0,88.95,28.9,0,0,0,0,-8.0,-3.46,5.0,0.0,0
1789648933.0020938,2026-09-17T18:12:13.002094,-8.0,0.0,566805.0,0.0,88.95,28.9,0,0,0,0,-8.0,-3.46,5.0,0.0,0
1789648933.0222993,2026-09-17T18:12:13.022299,-8.0,0.0,566805.0,0.0,88.95,28.9,0,0,0,0,-8.0,-3.46,5.0,0.0,0
1789648933.042302,2026-09-17T18:12:13.042302,-8.0,0.0,566805.0,0.0,88.95,28.9,0,0,0,0,-8.0,-3.46,5.0,0.0,0
1789648933.0631008,2026-09-17T18:12:13.063101,-8.0,0.0,566805.0,0.0,88.95,28.9,0,0,0,0,-8.0,-3.46,5.0,0.0,0
1789648933.0831094,2026-09-17T18:12:13.083109,-8.0,0.0,566805.0,0.0,88.95,28.9,0,0,0,0,-8.0,-3.46,5.0,0.0,0
1789648933.1026568,2026-09-17T18:12:13.102657,-8.0,0.0,566805.0,0.0,88.95,28.9,0,0,0,0,-8.0,-3.46,5.0,0.0,0
1789648933.1226578,2026-09-17T18:12:13.122658,-8.0,0.0,566805.0,0.0,88.95,28.9,0,0,0,0,-8.0,-3.46,5.0,0.0,0
1789648933.1426573,2026-09-17T18:12:13.142657,-8.0,0.0,566805.0,0.0,88.95,28.9,0,0,0,0,-8.0,-3.46,5.0,0.0,0
1789648933.1626563,2026-09-17T18:12:13.162656,-8.0,0.0,566805.0,0.0,88.95,28.9,0,0,0,0,-8.0,-3.46,5.0,0.0,0
1789648933.1826549,2026-09-17T18:12:13.182655,-8.0,0.0,566805.0,0.0,88.95,28.9,0,0,0,0,-8.0,-3.46,5.0,0.0,0
1789648933.2020893,2026-09-17T18:12:13.202089,-8.0,0.0,566805.0,0.0,88.95,28.9,0,0,0,0,-8.0,-3.46,5.0,0.0,0
1789648933.2230875,2026-09-17T18:12:13.223088,-8.0,0.0,566805.0,0.0,88.95,28.9,0,0,0,0,-8.0,-3.46,5.0,0.0,0
1789648933.2425,2026-09-17T18:12:13.242500,-8.0,0.0,566805.0,0.0,88.95,28.9,0,0,0,0,-8.0,-3.46,5.0,0.0,0
1789648933.2628856,2026-09-17T18:12:13.262886,-8.0,0.0,566805.0,0.0,88.95,28.9,0,0,0,0,-8.0,-3.46,5.0,0.0,0
1789648933.282294,2026-09-17T18:12:13.282294,-8.0,0.0,566805.0,0.0,88.95,28.9,0,0,0,0,-8.0,-3.46,5.0,0.0,0
1789648933.3029983,2026-09-17T18:12:13.302998,-8.0,0.0,566805.0,0.0,88.95,28.9,0,0,0,0,-8.0,-3.46,5.0,0.0,0
1789648933.3229547,2026-09-17T18:12:13.322955,-8.0,0.0,566805.0,0.0,88.95,28.9,0,0,0,0,-8.0,-3.46,5.0,0.0,0
1789648933.3433588,2026-09-17T18:12:13.343359,-8.0,0.0,566805.0,0.0,88.95,28.9,0,0,0,0,-8.0,-3.46,5.0,0.0,0
1789648933.3626328,2026-09-17T18:12:13.362633,-8.0,0.0,566805.0,0.0,88.95,28.9,0,0,0,0,-8.0,-3.46,5.0,0.0,0
1789648933.382771,2026-09-17T18:12:13.382771,-8.0,0.0,566805.0,0.0,88.95,28.9,0,0,0,0,-8.0,-3.46,5.0,0.0,0
1789648933.4023588,2026-09-17T18:12:13.402359,-8.0,0.0,566805.0,0.0,88.95,28.9,0,0,0,0,-8.0,-3.46,5.0,0.0,0
1789648933.4223342,2026-09-17T18:12:13.422334,-8.0,0.0,566805.0,0.0,88.95,28.9,0,0,0,0,-8.0,-3.46,5.0,0.0,0
1789648933.4431536,2026-09-17T18:12:13.443154,-8.0,0.0,566805.0,0.0,88.95,28.9,0,0,0,0,-8.0,-3.46,5.0,0.0,0
1789648933.4633467,2026-09-17T18:12:13.463347,-8.0,0.0,566805.0,0.0,88.95,28.9,0,0,0,0,-8.0,-3.46,5.0,0.0,0
1789648933.4827867,2026-09-17T18:12:13.482787,-8.0,0.0,566805.0,0.0,88.95,28.9,0,0,0,0,-8.0,-3.46,5.0,0.0,0
1789648933.5024958,2026-09-17T18:12:13.502496,-8.0,0.0,566805.0,0.0,88.95,28.9,0,0,0,0,-8.0,-3.46,5.0,0.0,0
1789648933.5219197,2026-09-17T18:12:13.521920,-8.0,0.0,566805.0,0.0,88.95,28.9,0,0,0,0,-8.0,-3.46,5.0,0.0,0
1789648933.542437,2026-09-17T18:12:13.542437,-8.0,0.0,566805.0,0.0,88.95,28.9,0,0,0,0,-8.0,-3.46,5.0,0.0,0
1789648933.5625865,2026-09-17T18:12:13.562587,-8.0,0.0,566805.0,0.0,88.95,28.9,0,0,0,0,-8.0,-3.46,5.0,0.0,0
1789648933.5829413,2026-09-17T18:12:13.582941,-8.0,0.0,566805.0,0.0,88.95,28.9,0,0,0,0,-8.0,-3.46,5.0,0.0,0
1789648933.6032193,2026-09-17T18:12:13.603219,-8.0,0.0,566805.0,0.0,88.95,28.9,0,0,0,0,-8.0,-3.46,5.0,0.0,0
1789648933.6231987,2026-09-17T18:12:13.623199,-8.0,0.0,566805.0,0.0,88.95,28.9,0,0,0,0,-8.0,-3.46,5.0,0.0,0
1789648933.6431425,2026-09-17T18:12:13.643142,-8.0,0.0,566805.0,0.0,88.95,28.9,0,0,0,0,-8.0,-3.46,5.0,0.0,0
1789648933.6622672,2026-09-17T18:12:13.662267,-8.0,0.0,566805.0,0.0,88.95,28.9,0,0,0,0,-8.0,-3.46,5.0,0.0,0
1789648933.682873,2026-09-17T18:12:13.682873,-8.0,0.0,566805.0,0.0,88.95,28.9,0,0,0,0,-8.0,-3.46,5.0,0.0,0
1789648933.702677,2026-09-17T18:12:13.702677,-8.0,0.0,566805.0,0.0,88.95,28.9,0,0,0,0,-8.0,-3.46,5.0,0.0,0
1789648933.722159,2026-09-17T18:12:13.722159,-8.0,0.0,566805.0,0.0,88.95,28.9,0,0,0,0,-8.0,-3.46,5.0,0.0,0
1789648933.7428296,2026-09-17T18:12:13.742830,-8.0,0.0,566805.0,0.0,88.95,28.9,0,0,0,0,-8.0,-3.46,5.0,0.0,0
1789648933.762931,2026-09-17T18:12:13.762931,-8.0,0.0,566805.0,0.0,88.95,28.9,0,0,0,0,-8.0,-3.46,5.0,0.0,0
1789648933.7824187,2026-09-17T18:12:13.782419,-8.0,0.0,566805.0,0.0,88.95,28.9,0,0,0,0,-8.0,-3.46,5.0,0.0,0
1789648933.803859,2026-09-17T18:12:13.803859,-10.03,0.0,566866.0,0.0,88.95,28.9,0,0,0,0,-10.03,-3.4,5.0,0.0,0
1789648933.8227532,2026-09-17T18:12:13.822753,-10.46,0.0,566866.0,0.0,88.95,28.9,0,0,0,0,-10.46,-3.36,5.0,0.0,0
1789648933.8427072,2026-09-17T18:12:13.842707,-10.47,0.0,566866.0,0.0,88.95,28.9,0,0,0,0,-10.47,-3.29,5.0,0.0,0
1789648933.863038,2026-09-17T18:12:13.863038,-10.61,0.0,566866.0,0.0,88.95,28.9,0,0,0,0,-10.61,-3.28,5.0,0.0,0
1789648933.8824937,2026-09-17T18:12:13.882494,-10.61,0.0,566866.0,0.0,88.95,28.9,0,0,0,0,-10.61,-3.28,5.0,0.0,0
1789648933.9025724,2026-09-17T18:12:13.902572,-10.61,0.0,566866.0,0.0,88.95,28.9,0,0,0,0,-10.61,-3.28,5.0,0.0,0
1789648933.9232063,2026-09-17T18:12:13.923206,-10.61,0.0,566866.0,0.0,88.95,28.9,0,0,0,0,-10.61,-3.28,5.0,0.0,0
1789648933.9421396,2026-09-17T18:12:13.942140,-10.61,0.0,566866.0,0.0,88.95,28.9,0,0,0,0,-10.61,-3.28,5.0,0.0,0
1789648933.9634945,2026-09-17T18:12:13.963495,-10.61,0.0,566866.0,0.0,88.95,28.9,0,0,0,0,-10.61,-3.28,5.0,0.0,0
1789648933.9837544,2026-09-17T18:12:13.983754,-10.61,0.0,566866.0,0.0,88.95,28.9,0,0,0,0,-10.61,-3.28,5.0,0.0,0
1789648934.0027168,2026-09-17T18:12:14.002717,-10.61,0.0,566866.0,0.0,88.95,28.9,0,0,0,0,-10.61,-3.28,5.0,0.0,0
1789648934.022319,2026-09-17T18:12:14.022319,-10.61,0.0,566866.0,0.0,88.95,28.9,0,0,0,0,-10.61,-3.28,5.0,0.0,0
1789648934.0427895,2026-09-17T18:12:14.042789,-10.61,0.0,566866.0,0.0,88.95,28.9,0,0,0,0,-10.61,-3.28,5.0,0.0,0
1789648934.0633235,2026-09-17T18:12:14.063323,-10.61,0.0,566866.0,0.0,88.95,28.9,0,0,0,0,-10.61,-3.28,5.0,0.0,0
1789648934.082759,2026-09-17T18:12:14.082759,-10.61,0.0,566866.0,0.0,88.95,28.9,0,0,0,0,-10.61,-3.28,5.0,0.0,0
1789648934.1032019,2026-09-17T18:12:14.103202,-10.61,0.0,566866.0,0.0,88.95,28.9,0,0,0,0,-10.61,-3.28,5.0,0.0,0
1789648934.1231806,2026-09-17T18:12:14.123181,-10.61,0.0,566866.0,0.0,88.95,28.9,0,0,0,0,-10.61,-3.28,5.0,0.0,0
1789648934.143536,2026-09-17T18:12:14.143536,-10.61,0.0,566866.0,0.0,88.95,28.9,0,0,0,0,-10.61,-3.28,5.0,0.0,0
1789648934.162854,2026-09-17T18:12:14.162854,-10.61,0.0,566866.0,0.0,88.95,28.9,0,0,0,0,-10.61,-3.28,5.0,0.0,0
1789648934.1821082,2026-09-17T18:12:14.182108,-10.61,0.0,566866.0,0.0,88.95,28.9,0,0,0,0,-10.61,-3.28,5.0,0.0,0
1789648934.202417,2026-09-17T18:12:14.202417,-10.61,0.0,566866.0,0.0,88.95,28.9,0,0,0,0,-10.61,-3.28,5.0,0.0,0
1789648934.2225044,2026-09-17T18:12:14.222504,-10.61,0.0,566866.0,0.0,88.95,28.9,0,0,0,0,-10.61,-3.28,5.0,0.0,0
1789648934.2432587,2026-09-17T18:12:14.243259,-10.61,0.0,566866.0,0.0,88.95,28.9,0,0,0,0,-10.61,-3.28,5.0,0.0,0
1789648934.2629747,2026-09-17T18:12:14.262975,-10.61,0.0,566866.0,0.0,88.95,28.9,0,0,0,0,-10.61,-3.28,5.0,0.0,0
1789648934.2833207,2026-09-17T18:12:14.283321,-10.61,0.0,566866.0,0.0,88.95,28.9,0,0,0,0,-10.61,-3.28,5.0,0.0,0
1789648934.3042846,2026-09-17T18:12:14.304285,-10.61,0.0,566866.0,0.0,88.95,28.9,0,0,0,0,-10.61,-3.28,5.0,0.0,0
1789648934.3221893,2026-09-17T18:12:14.322189,-10.61,0.0,566866.0,0.0,88.95,28.9,0,0,0,0,-10.61,-3.28,5.0,0.0,0
1789648934.345002,2026-09-17T18:12:14.345002,-10.61,0.0,566866.0,0.0,88.95,28.9,0,0,0,0,-10.61,-3.28,5.0,0.0,0
1789648934.3631258,2026-09-17T18:12:14.363126,-10.61,0.0,566866.0,0.0,88.95,28.9,0,0,0,0,-10.61,-3.28,5.0,0.0,0
1789648934.3831987,2026-09-17T18:12:14.383199,-10.61,0.0,566866.0,0.0,88.95,28.9,0,0,0,0,-10.61,-3.28,5.0,0.0,0
1789648934.40289,2026-09-17T18:12:14.402890,-10.61,0.0,566866.0,0.0,88.95,28.9,0,0,0,0,-10.61,-3.28,5.0,0.0,0
1789648934.422681,2026-09-17T18:12:14.422681,-10.61,0.0,566866.0,0.0,88.95,28.9,0,0,0,0,-10.61,-3.28,5.0,0.0,0
1789648934.443366,2026-09-17T18:12:14.443366,-10.61,0.0,566866.0,0.0,88.95,28.9,0,0,0,0,-10.61,-3.28,5.0,0.0,0
1789648934.463274,2026-09-17T18:12:14.463274,-10.61,0.0,566866.0,0.0,88.95,28.9,0,0,0,0,-10.61,-3.28,5.0,0.0,0
1789648934.4833524,2026-09-17T18:12:14.483352,-10.61,0.0,566866.0,0.0,88.95,28.9,0,0,0,0,-10.61,-3.28,5.0,0.0,0
1789648934.5030751,2026-09-17T18:12:14.503075,-10.61,0.0,566866.0,0.0,88.95,28.9,0,0,0,0,-10.61,-3.28,5.0,0.0,0
1789648934.5226374,2026-09-17T18:12:14.522637,-10.61,0.0,566866.0,0.0,88.95,28.9,0,0,0,0,-10.61,-3.28,5.0,0.0,0
1789648934.5429647,2026-09-17T18:12:14.542965,-10.61,0.0,566866.0,0.0,88.95,28.9,0,0,0,0,-10.61,-3.28,5.0,0.0,0
1789648934.5627124,2026-09-17T18:12:14.562712,-10.61,0.0,566866.0,0.0,88.95,28.9,0,0,0,0,-10.61,-3.28,5.0,0.0,0
1789648934.5830936,2026-09-17T18:12:14.583094,-10.61,0.0,566866.0,0.0,88.95,28.9,0,0,0,0,-10.61,-3.28,5.0,0.0,0
1789648934.6029713,2026-09-17T18:12:14.602971,-10.61,0.0,566866.0,0.0,88.95,28.9,0,0,0,0,-10.61,-3.28,5.0,0.0,0
1789648934.6230638,2026-09-17T18:12:14.623064,-10.61,0.0,566866.0,0.0,88.95,28.9,0,0,0,0,-10.61,-3.28,5.0,0.0,0
1789648934.6421254,2026-09-17T18:12:14.642125,-10.61,0.0,566866.0,0.0,88.95,28.9,0,0,0,0,-10.61,-3.28,5.0,0.0,0
1789648934.6623545,2026-09-17T18:12:14.662354,-10.61,0.0,566866.0,0.0,88.95,28.9,0,0,0,0,-10.61,-3.28,5.0,0.0,0
1789648934.6823547,2026-09-17T18:12:14.682355,-10.61,0.0,566866.0,0.0,88.95,28.9,0,0,0,0,-10.61,-3.28,5.0,0.0,0
1789648934.7027702,2026-09-17T18:12:14.702770,-10.61,0.0,566866.0,0.0,88.95,28.9,0,0,0,0,-10.61,-3.28,5.0,0.0,0
1789648934.7222755,2026-09-17T18:12:14.722275,-10.61,0.0,566866.0,0.0,88.95,28.9,0,0,0,0,-10.61,-3.28,5.0,0.0,0
1789648934.743042,2026-09-17T18:12:14.743042,-10.61,0.0,566866.0,0.0,88.95,28.9,0,0,0,0,-10.61,-3.28,5.0,0.0,0
1789648934.7627003,2026-09-17T18:12:14.762700,-10.61,0.0,566866.0,0.0,88.95,28.9,0,0,0,0,-10.61,-3.28,5.0,0.0,0
1789648934.782712,2026-09-17T18:12:14.782712,-10.61,0.0,566866.0,0.0,88.95,28.9,0,0,0,0,-10.61,-3.28,5.0,0.0,0
1789648934.803285,2026-09-17T18:12:14.803285,-10.61,0.0,566866.0,0.0,88.95,28.9,0,0,0,0,-10.61,-3.28,5.0,0.0,0
1789648934.8238204,2026-09-17T18:12:14.823820,-10.61,0.0,566866.0,0.0,88.95,28.9,0,0,0,0,-10.61,-3.28,5.0,0.0,0
1789648934.8422184,2026-09-17T18:12:14.842218,-10.61,0.0,566866.0,0.0,88.95,28.9,0,0,0,0,-10.61,-3.28,5.0,0.0,0
1789648934.8622177,2026-09-17T18:12:14.862218,-10.61,0.0,566866.0,0.0,88.95,28.9,0,0,0,0,-10.61,-3.28,5.0,0.0,0
1789648934.8822532,2026-09-17T18:12:14.882253,-10.61,0.0,566866.0,0.0,88.95,28.9,0,0,0,0,-10.61,-3.28,5.0,0.0,0
1789648934.9030652,2026-09-17T18:12:14.903065,-10.46,0.0,566835.0,0.0,88.95,28.9,0,0,0,0,-10.46,-4.53,5.0,0.0,0
1789648934.9229789,2026-09-17T18:12:14.922979,-10.47,0.0,566835.0,0.0,88.95,28.9,0,0,0,0,-10.47,-4.4,5.0,0.0,0
1789648934.9424937,2026-09-17T18:12:14.942494,-10.76,0.0,566835.0,0.0,88.95,28.9,0,0,0,0,-10.76,-4.33,5.0,0.0,0
1789648934.9628422,2026-09-17T18:12:14.962842,-10.76,0.0,566835.0,0.0,88.95,28.9,0,0,0,0,-10.76,-4.33,5.0,0.0,0
1789648934.9828343,2026-09-17T18:12:14.982834,-10.76,0.0,566835.0,0.0,88.95,28.9,0,0,0,0,-10.76,-4.33,5.0,0.0,0
1789648935.002386,2026-09-17T18:12:15.002386,-10.76,0.0,566835.0,0.0,88.95,28.9,0,0,0,0,-10.76,-4.33,5.0,0.0,0
1789648935.0223858,2026-09-17T18:12:15.022386,-10.76,0.0,566835.0,0.0,88.95,28.9,0,0,0,0,-10.76,-4.33,5.0,0.0,0
1789648935.042387,2026-09-17T18:12:15.042387,-10.76,0.0,566835.0,0.0,88.95,28.9,0,0,0,0,-10.76,-4.33,5.0,0.0,0
1789648935.0624611,2026-09-17T18:12:15.062461,-10.76,0.0,566835.0,0.0,88.95,28.9,0,0,0,0,-10.76,-4.33,5.0,0.0,0
1789648935.0824592,2026-09-17T18:12:15.082459,-10.76,0.0,566835.0,0.0,88.95,28.9,0,0,0,0,-10.76,-4.33,5.0,0.0,0
1789648935.102797,2026-09-17T18:12:15.102797,-10.76,0.0,566835.0,0.0,88.95,28.9,0,0,0,0,-10.76,-4.33,5.0,0.0,0
1789648935.122802,2026-09-17T18:12:15.122802,-10.76,0.0,566835.0,0.0,88.95,28.9,0,0,0,0,-10.76,-4.33,5.0,0.0,0
1789648935.1427982,2026-09-17T18:12:15.142798,-10.76,0.0,566835.0,0.0,88.95,28.9,0,0,0,0,-10.76,-4.33,5.0,0.0,0
1789648935.1627967,2026-09-17T18:12:15.162797,-10.76,0.0,566835.0,0.0,88.95,28.9,0,0,0,0,-10.76,-4.33,5.0,0.0,0
1789648935.1831505,2026-09-17T18:12:15.183151,-10.76,0.0,566835.0,0.0,88.95,28.9,0,0,0,0,-10.76,-4.33,5.0,0.0,0
1789648935.203147,2026-09-17T18:12:15.203147,-10.76,0.0,566835.0,0.0,88.95,28.9,0,0,0,0,-10.76,-4.33,5.0,0.0,0
1789648935.2226665,2026-09-17T18:12:15.222667,-10.76,0.0,566835.0,0.0,88.95,28.9,0,0,0,0,-10.76,-4.33,5.0,0.0,0
1789648935.243369,2026-09-17T18:12:15.243369,-10.76,0.0,566835.0,0.0,88.95,28.9,0,0,0,0,-10.76,-4.33,5.0,0.0,0
1789648935.262821,2026-09-17T18:12:15.262821,-10.76,0.0,566835.0,0.0,88.95,28.9,0,0,0,0,-10.76,-4.33,5.0,0.0,0
1789648935.283919,2026-09-17T18:12:15.283919,-10.76,0.0,566835.0,0.0,88.95,28.9,0,0,0,0,-10.76,-4.33,5.0,0.0,0
1789648935.3039649,2026-09-17T18:12:15.303965,-10.76,0.0,566835.0,0.0,88.95,28.9,0,0,0,0,-10.76,-4.33,5.0,0.0,0
1789648935.324335,2026-09-17T18:12:15.324335,-10.76,0.0,566835.0,0.0,88.95,28.9,0,0,0,0,-10.76,-4.33,5.0,0.0,0
1789648935.3426638,2026-09-17T18:12:15.342664,-10.76,0.0,566835.0,0.0,88.95,28.9,0,0,0,0,-10.76,-4.33,5.0,0.0,0
1789648935.3630083,2026-09-17T18:12:15.363008,-10.76,0.0,566835.0,0.0,88.95,28.9,0,0,0,0,-10.76,-4.33,5.0,0.0,0
1789648935.3831503,2026-09-17T18:12:15.383150,-10.76,0.0,566835.0,0.0,88.95,28.9,0,0,0,0,-10.76,-4.33,5.0,0.0,0
1789648935.4049716,2026-09-17T18:12:15.404972,-10.76,0.0,566835.0,0.0,88.95,28.9,0,0,0,0,-10.76,-4.33,5.0,0.0,0
1789648935.4226024,2026-09-17T18:12:15.422602,-10.76,0.0,566835.0,0.0,88.95,28.9,0,0,0,0,-10.76,-4.33,5.0,0.0,0
1789648935.4420238,2026-09-17T18:12:15.442024,-10.76,0.0,566835.0,0.0,88.95,28.9,0,0,0,0,-10.76,-4.33,5.0,0.0,0
1789648935.4623966,2026-09-17T18:12:15.462397,-10.76,0.0,566835.0,0.0,88.95,28.9,0,0,0,0,-10.76,-4.33,5.0,0.0,0
1789648935.483284,2026-09-17T18:12:15.483284,-10.76,0.0,566835.0,0.0,88.95,28.9,0,0,0,0,-10.76,-4.33,5.0,0.0,0
1789648935.503082,2026-09-17T18:12:15.503082,-10.76,0.0,566835.0,0.0,88.95,28.9,0,0,0,0,-10.76,-4.33,5.0,0.0,0
1789648935.5231302,2026-09-17T18:12:15.523130,-10.76,0.0,566835.0,0.0,88.95,28.9,0,0,0,0,-10.76,-4.33,5.0,0.0,0
1789648935.5433335,2026-09-17T18:12:15.543334,-10.76,0.0,566835.0,0.0,88.95,28.9,0,0,0,0,-10.76,-4.33,5.0,0.0,0
1789648935.5623329,2026-09-17T18:12:15.562333,-10.76,0.0,566835.0,0.0,88.95,28.9,0,0,0,0,-10.76,-4.33,5.0,0.0,0
1789648935.5833337,2026-09-17T18:12:15.583334,-10.76,0.0,566835.0,0.0,88.95,28.9,0,0,0,0,-10.76,-4.33,5.0,0.0,0
1789648935.6024039,2026-09-17T18:12:15.602404,-10.76,0.0,566835.0,0.0,88.95,28.9,0,0,0,0,-10.76,-4.33,5.0,0.0,0
1789648935.6239274,2026-09-17T18:12:15.623927,-10.76,0.0,566835.0,0.0,88.95,28.9,0,0,0,0,-10.76,-4.33,5.0,0.0,0
1789648935.6436572,2026-09-17T18:12:15.643657,-10.76,0.0,566835.0,0.0,88.95,28.9,0,0,0,0,-10.76,-4.33,5.0,0.0,0
1789648935.6626472,2026-09-17T18:12:15.662647,-10.76,0.0,566835.0,0.0,88.95,28.9,0,0,0,0,-10.76,-4.33,5.0,0.0,0
1789648935.6826468,2026-09-17T18:12:15.682647,-10.76,0.0,566835.0,0.0,88.95,28.9,0,0,0,0,-10.76,-4.33,5.0,0.0,0
1789648935.702766,2026-09-17T18:12:15.702766,-10.76,0.0,566835.0,0.0,88.95,28.9,0,0,0,0,-10.76,-4.33,5.0,0.0,0
1789648935.7227652,2026-09-17T18:12:15.722765,-10.76,0.0,566835.0,0.0,88.95,28.9,0,0,0,0,-10.76,-4.33,5.0,0.0,0
1789648935.7428737,2026-09-17T18:12:15.742874,-10.76,0.0,566835.0,0.0,88.95,28.9,0,0,0,0,-10.76,-4.33,5.0,0.0,0
1789648935.7631667,2026-09-17T18:12:15.763167,-10.76,0.0,566835.0,0.0,88.95,28.9,0,0,0,0,-10.76,-4.33,5.0,0.0,0
1789648935.7831783,2026-09-17T18:12:15.783178,-10.76,0.0,566835.0,0.0,88.95,28.9,0,0,0,0,-10.76,-4.33,5.0,0.0,0
1789648935.8034852,2026-09-17T18:12:15.803485,-10.76,0.0,566835.0,0.0,88.95,28.9,0,0,0,0,-10.76,-4.33,5.0,0.0,0
1789648935.8234763,2026-09-17T18:12:15.823476,-10.76,0.0,566835.0,0.0,88.95,28.9,0,0,0,0,-10.76,-4.33,5.0,0.0,0
1789648935.8422585,2026-09-17T18:12:15.842258,-10.76,0.0,566835.0,0.0,88.95,28.9,0,0,0,0,-10.76,-4.33,5.0,0.0,0
1789648935.8630903,2026-09-17T18:12:15.863090,-10.76,0.0,566835.0,0.0,88.95,28.9,0,0,0,0,-10.76,-4.33,5.0,0.0,0
1789648935.8828163,2026-09-17T18:12:15.882816,-10.76,0.0,566835.0,0.0,88.95,28.9,0,0,0,0,-10.76,-4.33,5.0,0.0,0
1789648935.902737,2026-09-17T18:12:15.902737,-10.76,0.0,566835.0,0.0,88.95,28.9,0,0,0,0,-10.76,-4.33,5.0,0.0,0
1789648935.9225526,2026-09-17T18:12:15.922553,-10.76,0.0,566835.0,0.0,88.95,28.9,0,0,0,0,-10.76,-4.33,5.0,0.0,0
1789648935.9426718,2026-09-17T18:12:15.942672,-10.76,0.0,566835.0,0.0,88.95,28.9,0,0,0,0,-10.76,-4.33,5.0,0.0,0
1789648935.9634466,2026-09-17T18:12:15.963447,-10.76,0.0,566835.0,0.0,88.95,28.9,0,0,0,0,-10.76,-4.33,5.0,0.0,0
1789648935.9834356,2026-09-17T18:12:15.983436,-10.76,0.0,566835.0,0.0,88.95,28.9,0,0,0,0,-10.76,-4.33,5.0,0.0,0
1789648936.004529,2026-09-17T18:12:16.004529,-11.03,0.0,566899.0,0.0,88.95,28.9,0,0,0,0,-11.03,-4.27,5.0,0.0,0
1789648936.0231917,2026-09-17T18:12:16.023192,-11.4,0.0,566899.0,0.0,88.95,28.9,0,0,0,0,-11.4,-4.17,5.0,0.0,0
1789648936.042404,2026-09-17T18:12:16.042404,-11.22,0.0,566899.0,0.0,88.95,28.9,0,0,0,0,-11.22,-4.08,5.0,0.0,0
1789648936.0631716,2026-09-17T18:12:16.063172,-11.22,0.0,566899.0,0.0,88.95,28.9,0,0,0,0,-11.22,-4.08,5.0,0.0,0
1789648936.0828166,2026-09-17T18:12:16.082817,-11.22,0.0,566899.0,0.0,88.95,28.9,0,0,0,0,-11.22,-4.08,5.0,0.0,0
1789648936.1020448,2026-09-17T18:12:16.102045,-11.22,0.0,566899.0,0.0,88.95,28.9,0,0,0,0,-11.22,-4.08,5.0,0.0,0
1789648936.1235502,2026-09-17T18:12:16.123550,-11.22,0.0,566899.0,0.0,88.95,28.9,0,0,0,0,-11.22,-4.08,5.0,0.0,0
1789648936.1436007,2026-09-17T18:12:16.143601,-11.22,0.0,566899.0,0.0,88.95,28.9,0,0,0,0,-11.22,-4.08,5.0,0.0,0
1789648936.1630387,2026-09-17T18:12:16.163039,-11.22,0.0,566899.0,0.0,88.95,28.9,0,0,0,0,-11.22,-4.08,5.0,0.0,0
1789648936.182636,2026-09-17T18:12:16.182636,-11.22,0.0,566899.0,0.0,88.95,28.9,0,0,0,0,-11.22,-4.08,5.0,0.0,0
1789648936.2029295,2026-09-17T18:12:16.202929,-11.22,0.0,566899.0,0.0,88.95,28.9,0,0,0,0,-11.22,-4.08,5.0,0.0,0
1789648936.2230697,2026-09-17T18:12:16.223070,-11.22,0.0,566899.0,0.0,88.95,28.9,0,0,0,0,-11.22,-4.08,5.0,0.0,0
1789648936.2425299,2026-09-17T18:12:16.242530,-11.22,0.0,566899.0,0.0,88.95,28.9,0,0,0,0,-11.22,-4.08,5.0,0.0,0
1789648936.2623694,2026-09-17T18:12:16.262369,-11.22,0.0,566899.0,0.0,88.95,28.9,0,0,0,0,-11.22,-4.08,5.0,0.0,0
1789648936.2824,2026-09-17T18:12:16.282400,-11.22,0.0,566899.0,0.0,88.95,28.9,0,0,0,0,-11.22,-4.08,5.0,0.0,0
1789648936.302631,2026-09-17T18:12:16.302631,-11.22,0.0,566899.0,0.0,88.95,28.9,0,0,0,0,-11.22,-4.08,5.0,0.0,0
1789648936.3226945,2026-09-17T18:12:16.322695,-11.22,0.0,566899.0,0.0,88.95,28.9,0,0,0,0,-11.22,-4.08,5.0,0.0,0
1789648936.3426344,2026-09-17T18:12:16.342634,-11.22,0.0,566899.0,0.0,88.95,28.9,0,0,0,0,-11.22,-4.08,5.0,0.0,0
1789648936.3622024,2026-09-17T18:12:16.362202,-11.22,0.0,566899.0,0.0,88.95,28.9,0,0,0,0,-11.22,-4.08,5.0,0.0,0
1789648936.3831522,2026-09-17T18:12:16.383152,-11.22,0.0,566899.0,0.0,88.95,28.9,0,0,0,0,-11.22,-4.08,5.0,0.0,0
1789648936.4030073,2026-09-17T18:12:16.403007,-11.22,0.0,566899.0,0.0,88.95,28.9,0,0,0,0,-11.22,-4.08,5.0,0.0,0
1789648936.422771,2026-09-17T18:12:16.422771,-11.22,0.0,566899.0,0.0,88.95,28.9,0,0,0,0,-11.22,-4.08,5.0,0.0,0
1789648936.4432247,2026-09-17T18:12:16.443225,-11.22,0.0,566899.0,0.0,88.95,28.9,0,0,0,0,-11.22,-4.08,5.0,0.0,0
1789648936.4625826,2026-09-17T18:12:16.462583,-11.22,0.0,566899.0,0.0,88.95,28.9,0,0,0,0,-11.22,-4.08,5.0,0.0,0
1789648936.482941,2026-09-17T18:12:16.482941,-11.22,0.0,566899.0,0.0,88.95,28.9,0,0,0,0,-11.22,-4.08,5.0,0.0,0
1789648936.5026565,2026-09-17T18:12:16.502656,-11.22,0.0,566899.0,0.0,88.95,28.9,0,0,0,0,-11.22,-4.08,5.0,0.0,0
1789648936.522668,2026-09-17T18:12:16.522668,-11.22,0.0,566899.0,0.0,88.95,28.9,0,0,0,0,-11.22,-4.08,5.0,0.0,0
1789648936.5429199,2026-09-17T18:12:16.542920,-11.22,0.0,566899.0,0.0,88.95,28.9,0,0,0,0,-11.22,-4.08,5.0,0.0,0
1789648936.563015,2026-09-17T18:12:16.563015,-11.22,0.0,566899.0,0.0,88.95,28.9,0,0,0,0,-11.22,-4.08,5.0,0.0,0
1789648936.5830247,2026-09-17T18:12:16.583025,-11.22,0.0,566899.0,0.0,88.95,28.9,0,0,0,0,-11.22,-4.08,5.0,0.0,0
1789648936.602632,2026-09-17T18:12:16.602632,-11.22,0.0,566899.0,0.0,88.95,28.9,0,0,0,0,-11.22,-4.08,5.0,0.0,0
1789648936.6229124,2026-09-17T18:12:16.622912,-11.22,0.0,566899.0,0.0,88.95,28.9,0,0,0,0,-11.22,-4.08,5.0,0.0,0
1789648936.6430428,2026-09-17T18:12:16.643043,-11.22,0.0,566899.0,0.0,88.95,28.9,0,0,0,0,-11.22,-4.08,5.0,0.0,0
1789648936.6622334,2026-09-17T18:12:16.662233,-11.22,0.0,566899.0,0.0,88.95,28.9,0,0,0,0,-11.22,-4.08,5.0,0.0,0
1789648936.682647,2026-09-17T18:12:16.682647,-11.22,0.0,566899.0,0.0,88.95,28.9,0,0,0,0,-11.22,-4.08,5.0,0.0,0
1789648936.7029467,2026-09-17T18:12:16.702947,-11.22,0.0,566899.0,0.0,88.95,28.9,0,0,0,0,-11.22,-4.08,5.0,0.0,0
1789648936.7226276,2026-09-17T18:12:16.722628,-11.22,0.0,566899.0,0.0,88.95,28.9,0,0,0,0,-11.22,-4.08,5.0,0.0,0
1789648936.742298,2026-09-17T18:12:16.742298,-11.22,0.0,566899.0,0.0,88.95,28.9,0,0,0,0,-11.22,-4.08,5.0,0.0,0
1789648936.7628958,2026-09-17T18:12:16.762896,-11.22,0.0,566899.0,0.0,88.95,28.9,0,0,0,0,-11.22,-4.08,5.0,0.0,0
1789648936.7831423,2026-09-17T18:12:16.783142,-11.22,0.0,566899.0,0.0,88.95,28.9,0,0,0,0,-11.22,-4.08,5.0,0.0,0
1789648936.8021684,2026-09-17T18:12:16.802168,-11.22,0.0,566899.0,0.0,88.95,28.9,0,0,0,0,-11.22,-4.08,5.0,0.0,0
1789648936.8230615,2026-09-17T18:12:16.823061,-11.22,0.0,566899.0,0.0,88.95,28.9,0,0,0,0,-11.22,-4.08,5.0,0.0,0
1789648936.8427112,2026-09-17T18:12:16.842711,-11.22,0.0,566899.0,0.0,88.95,28.9,0,0,0,0,-11.22,-4.08,5.0,0.0,0
1789648936.862855,2026-09-17T18:12:16.862855,-11.22,0.0,566899.0,0.0,88.95,28.9,0,0,0,0,-11.22,-4.08,5.0,0.0,0
1789648936.882875,2026-09-17T18:12:16.882875,-11.22,0.0,566899.0,0.0,88.95,28.9,0,0,0,0,-11.22,-4.08,5.0,0.0,0
1789648936.902165,2026-09-17T18:12:16.902165,-11.22,0.0,566899.0,0.0,88.95,28.9,0,0,0,0,-11.22,-4.08,5.0,0.0,0
1789648936.9230726,2026-09-17T18:12:16.923073,-11.22,0.0,566899.0,0.0,88.95,28.9,0,0,0,0,-11.22,-4.08,5.0,0.0,0
1789648936.9430208,2026-09-17T18:12:16.943021,-11.22,0.0,566899.0,0.0,88.95,28.9,0,0,0,0,-11.22,-4.08,5.0,0.0,0
1789648936.9627247,2026-09-17T18:12:16.962725,-11.22,0.0,566899.0,0.0,88.95,28.9,0,0,0,0,-11.22,-4.08,5.0,0.0,0
1789648936.9825542,2026-09-17T18:12:16.982554,-11.22,0.0,566899.0,0.0,88.95,28.9,0,0,0,0,-11.22,-4.08,5.0,0.0,0
1789648937.002862,2026-09-17T18:12:17.002862,-11.22,0.0,566899.0,0.0,88.95,28.9,0,0,0,0,-11.22,-4.08,5.0,0.0,0
1789648937.0227494,2026-09-17T18:12:17.022749,-11.22,0.0,566899.0,0.0,88.95,28.9,0,0,0,0,-11.22,-4.08,5.0,0.0,0
1789648937.0428412,2026-09-17T18:12:17.042841,-11.22,0.0,566899.0,0.0,88.95,28.9,0,0,0,0,-11.22,-4.08,5.0,0.0,0
1789648937.0625095,2026-09-17T18:12:17.062510,-11.22,0.0,566899.0,0.0,88.95,28.9,0,0,0,0,-11.22,-4.08,5.0,0.0,0
1789648937.082877,2026-09-17T18:12:17.082877,-11.22,0.0,566899.0,0.0,88.95,28.9,0,0,0,0,-11.22,-4.08,5.0,0.0,0
1789648937.1026077,2026-09-17T18:12:17.102608,-11.07,0.0,566876.0,0.0,89.03,28.9,0,0,0,0,-11.07,-5.51,5.0,0.0,0
1789648937.122636,2026-09-17T18:12:17.122636,-11.32,0.0,566876.0,0.0,89.03,28.9,0,0,0,0,-11.32,-5.4,5.0,0.0,0
1789648937.1424608,2026-09-17T18:12:17.142461,-11.32,0.0,566876.0,0.0,89.03,28.9,0,0,0,0,-11.32,-5.4,5.0,0.0,0
1789648937.1621566,2026-09-17T18:12:17.162157,-11.32,0.0,566876.0,0.0,89.03,28.9,0,0,0,0,-11.32,-5.4,5.0,0.0,0
1789648937.182604,2026-09-17T18:12:17.182604,-11.32,0.0,566876.0,0.0,89.03,28.9,0,0,0,0,-11.32,-5.4,5.0,0.0,0
1789648937.2025464,2026-09-17T18:12:17.202546,-11.32,0.0,566876.0,0.0,89.03,28.9,0,0,0,0,-11.32,-5.4,5.0,0.0,0
1789648937.2231312,2026-09-17T18:12:17.223131,-11.32,0.0,566876.0,0.0,89.03,28.9,0,0,0,0,-11.32,-5.4,5.0,0.0,0
1789648937.2431078,2026-09-17T18:12:17.243108,-11.32,0.0,566876.0,0.0,89.03,28.9,0,0,0,0,-11.32,-5.4,5.0,0.0,0
1789648937.2630315,2026-09-17T18:12:17.263031,-11.32,0.0,566876.0,0.0,89.03,28.9,0,0,0,0,-11.32,-5.4,5.0,0.0,0
1789648937.282901,2026-09-17T18:12:17.282901,-11.32,0.0,566876.0,0.0,89.03,28.9,0,0,0,0,-11.32,-5.4,5.0,0.0,0
1789648937.3025892,2026-09-17T18:12:17.302589,-11.32,0.0,566876.0,0.0,89.03,28.9,0,0,0,0,-11.32,-5.4,5.0,0.0,0
1789648937.3231478,2026-09-17T18:12:17.323148,-11.32,0.0,566876.0,0.0,89.03,28.9,0,0,0,0,-11.32,-5.4,5.0,0.0,0
1789648937.3429403,2026-09-17T18:12:17.342940,-11.32,0.0,566876.0,0.0,89.03,28.9,0,0,0,0,-11.32,-5.4,5.0,0.0,0
1789648937.3623934,2026-09-17T18:12:17.362393,-11.32,0.0,566876.0,0.0,89.03,28.9,0,0,0,0,-11.32,-5.4,5.0,0.0,0
1789648937.3829436,2026-09-17T18:12:17.382944,-11.32,0.0,566876.0,0.0,89.03,28.9,0,0,0,0,-11.32,-5.4,5.0,0.0,0
1789648937.4028406,2026-09-17T18:12:17.402841,-11.32,0.0,566876.0,0.0,89.03,28.9,0,0,0,0,-11.32,-5.4,5.0,0.0,0
1789648937.4225845,2026-09-17T18:12:17.422585,-11.32,0.0,566876.0,0.0,89.03,28.9,0,0,0,0,-11.32,-5.4,5.0,0.0,0
1789648937.4425824,2026-09-17T18:12:17.442582,-11.32,0.0,566876.0,0.0,89.03,28.9,0,0,0,0,-11.32,-5.4,5.0,0.0,0
1789648937.462831,2026-09-17T18:12:17.462831,-11.32,0.0,566876.0,0.0,89.03,28.9,0,0,0,0,-11.32,-5.4,5.0,0.0,0
1789648937.4829433,2026-09-17T18:12:17.482943,-11.32,0.0,566876.0,0.0,89.03,28.9,0,0,0,0,-11.32,-5.4,5.0,0.0,0
1789648937.5025864,2026-09-17T18:12:17.502586,-11.32,0.0,566876.0,0.0,89.03,28.9,0,0,0,0,-11.32,-5.4,5.0,0.0,0
1789648937.5231993,2026-09-17T18:12:17.523199,-11.32,0.0,566876.0,0.0,89.03,28.9,0,0,0,0,-11.32,-5.4,5.0,0.0,0
1789648937.5428762,2026-09-17T18:12:17.542876,-11.32,0.0,566876.0,0.0,89.03,28.9,0,0,0,0,-11.32,-5.4,5.0,0.0,0
1789648937.5630271,2026-09-17T18:12:17.563027,-11.32,0.0,566876.0,0.0,89.03,28.9,0,0,0,0,-11.32,-5.4,5.0,0.0,0
1789648937.5829263,2026-09-17T18:12:17.582926,-11.32,0.0,566876.0,0.0,89.03,28.9,0,0,0,0,-11.32,-5.4,5.0,0.0,0
1789648937.603166,2026-09-17T18:12:17.603166,-11.32,0.0,566876.0,0.0,89.03,28.9,0,0,0,0,-11.32,-5.4,5.0,0.0,0
1789648937.6223893,2026-09-17T18:12:17.622389,-11.32,0.0,566876.0,0.0,89.03,28.9,0,0,0,0,-11.32,-5.4,5.0,0.0,0
1789648937.6427915,2026-09-17T18:12:17.642792,-11.32,0.0,566876.0,0.0,89.03,28.9,0,0,0,0,-11.32,-5.4,5.0,0.0,0
1789648937.6627643,2026-09-17T18:12:17.662764,-11.32,0.0,566876.0,0.0,89.03,28.9,0,0,0,0,-11.32,-5.4,5.0,0.0,0
1789648937.6827028,2026-09-17T18:12:17.682703,-11.32,0.0,566876.0,0.0,89.03,28.9,0,0,0,0,-11.32,-5.4,5.0,0.0,0
1789648937.7025278,2026-09-17T18:12:17.702528,-11.32,0.0,566876.0,0.0,89.03,28.9,0,0,0,0,-11.32,-5.4,5.0,0.0,0
1789648937.7224324,2026-09-17T18:12:17.722432,-11.32,0.0,566876.0,0.0,89.03,28.9,0,0,0,0,-11.32,-5.4,5.0,0.0,0
1789648937.743157,2026-09-17T18:12:17.743157,-11.32,0.0,566876.0,0.0,89.03,28.9,0,0,0,0,-11.32,-5.4,5.0,0.0,0
1789648937.7622325,2026-09-17T18:12:17.762233,-11.32,0.0,566876.0,0.0,89.03,28.9,0,0,0,0,-11.32,-5.4,5.0,0.0,0
1789648937.7824142,2026-09-17T18:12:17.782414,-11.32,0.0,566876.0,0.0,89.03,28.9,0,0,0,0,-11.32,-5.4,5.0,0.0,0
1789648937.8027186,2026-09-17T18:12:17.802719,-11.32,0.0,566876.0,0.0,89.03,28.9,0,0,0,0,-11.32,-5.4,5.0,0.0,0
1789648937.823022,2026-09-17T18:12:17.823022,-11.32,0.0,566876.0,0.0,89.03,28.9,0,0,0,0,-11.32,-5.4,5.0,0.0,0
1789648937.8423383,2026-09-17T18:12:17.842338,-11.32,0.0,566876.0,0.0,89.03,28.9,0,0,0,0,-11.32,-5.4,5.0,0.0,0
1789648937.8624167,2026-09-17T18:12:17.862417,-11.32,0.0,566876.0,0.0,89.03,28.9,0,0,0,0,-11.32,-5.4,5.0,0.0,0
1789648937.8830998,2026-09-17T18:12:17.883100,-11.32,0.0,566876.0,0.0,89.03,28.9,0,0,0,0,-11.32,-5.4,5.0,0.0,0
1789648937.902603,2026-09-17T18:12:17.902603,-11.32,0.0,566876.0,0.0,89.03,28.9,0,0,0,0,-11.32,-5.4,5.0,0.0,0
1789648937.9226153,2026-09-17T18:12:17.922615,-11.32,0.0,566876.0,0.0,89.03,28.9,0,0,0,0,-11.32,-5.4,5.0,0.0,0
1789648937.9429665,2026-09-17T18:12:17.942966,-11.32,0.0,566876.0,0.0,89.03,28.9,0,0,0,0,-11.32,-5.4,5.0,0.0,0
1789648937.9627926,2026-09-17T18:12:17.962793,-11.32,0.0,566876.0,0.0,89.03,28.9,0,0,0,0,-11.32,-5.4,5.0,0.0,0
1789648937.982458,2026-09-17T18:12:17.982458,-11.32,0.0,566876.0,0.0,89.03,28.9,0,0,0,0,-11.32,-5.4,5.0,0.0,0
1789648938.0025234,2026-09-17T18:12:18.002523,-11.32,0.0,566876.0,0.0,89.03,28.9,0,0,0,0,-11.32,-5.4,5.0,0.0,0
1789648938.023097,2026-09-17T18:12:18.023097,-11.32,0.0,566876.0,0.0,89.03,28.9,0,0,0,0,-11.32,-5.4,5.0,0.0,0
1789648938.0428324,2026-09-17T18:12:18.042832,-11.32,0.0,566876.0,0.0,89.03,28.9,0,0,0,0,-11.32,-5.4,5.0,0.0,0
1789648938.0628402,2026-09-17T18:12:18.062840,-11.32,0.0,566876.0,0.0,89.03,28.9,0,0,0,0,-11.32,-5.4,5.0,0.0,0
1789648938.0830915,2026-09-17T18:12:18.083091,-11.32,0.0,566876.0,0.0,89.03,28.9,0,0,0,0,-11.32,-5.4,5.0,0.0,0
1789648938.1027882,2026-09-17T18:12:18.102788,-11.32,0.0,566876.0,0.0,89.03,28.9,0,0,0,0,-11.32,-5.4,5.0,0.0,0
1789648938.123278,2026-09-17T18:12:18.123278,-11.32,0.0,566876.0,0.0,89.03,28.9,0,0,0,0,-11.32,-5.4,5.0,0.0,0
1789648938.143014,2026-09-17T18:12:18.143014,-11.32,0.0,566876.0,0.0,89.03,28.9,0,0,0,0,-11.32,-5.4,5.0,0.0,0
1789648938.163096,2026-09-17T18:12:18.163096,-11.32,0.0,566876.0,0.0,89.03,28.9,0,0,0,0,-11.32,-5.4,5.0,0.0,0
1789648938.182647,2026-09-17T18:12:18.182647,-11.32,0.0,566876.0,0.0,89.03,28.9,0,0,0,0,-11.32,-5.4,5.0,0.0,0
1789648938.2026937,2026-09-17T18:12:18.202694,-11.28,0.0,566855.0,0.0,89.03,28.9,0,0,0,0,-11.28,-5.21,5.0,0.0,0
1789648938.2227983,2026-09-17T18:12:18.222798,-8.18,0.0,566855.0,0.0,89.03,28.9,0,0,0,0,-8.18,-5.01,5.0,0.0,0
1789648938.2425861,2026-09-17T18:12:18.242586,-8.18,0.0,566855.0,0.0,89.03,28.9,0,0,0,0,-8.18,-5.01,5.0,0.0,0
1789648938.2622128,2026-09-17T18:12:18.262213,-8.18,0.0,566855.0,0.0,89.03,28.9,0,0,0,0,-8.18,-5.01,5.0,0.0,0
1789648938.282381,2026-09-17T18:12:18.282381,-8.18,0.0,566855.0,0.0,89.03,28.9,0,0,0,0,-8.18,-5.01,5.0,0.0,0
1789648938.3026369,2026-09-17T18:12:18.302637,-8.18,0.0,566855.0,0.0,89.03,28.9,0,0,0,0,-8.18,-5.01,5.0,0.0,0
1789648938.3231492,2026-09-17T18:12:18.323149,-8.18,0.0,566855.0,0.0,89.03,28.9,0,0,0,0,-8.18,-5.01,5.0,0.0,0
1789648938.3428054,2026-09-17T18:12:18.342805,-8.18,0.0,566855.0,0.0,89.03,28.9,0,0,0,0,-8.18,-5.01,5.0,0.0,0
1789648938.3629327,2026-09-17T18:12:18.362933,-8.18,0.0,566855.0,0.0,89.03,28.9,0,0,0,0,-8.18,-5.01,5.0,0.0,0
1789648938.382917,2026-09-17T18:12:18.382917,-8.18,0.0,566855.0,0.0,89.03,28.9,0,0,0,0,-8.18,-5.01,5.0,0.0,0
1789648938.4023714,2026-09-17T18:12:18.402371,-8.18,0.0,566855.0,0.0,89.03,28.9,0,0,0,0,-8.18,-5.01,5.0,0.0,0
1789648938.422697,2026-09-17T18:12:18.422697,-8.18,0.0,566855.0,0.0,89.03,28.9,0,0,0,0,-8.18,-5.01,5.0,0.0,0
1789648938.4431376,2026-09-17T18:12:18.443138,-8.18,0.0,566855.0,0.0,89.03,28.9,0,0,0,0,-8.18,-5.01,5.0,0.0,0
1789648938.4630706,2026-09-17T18:12:18.463071,-8.18,0.0,566855.0,0.0,89.03,28.9,0,0,0,0,-8.18,-5.01,5.0,0.0,0
1789648938.4832833,2026-09-17T18:12:18.483283,-8.18,0.0,566855.0,0.0,89.03,28.9,0,0,0,0,-8.18,-5.01,5.0,0.0,0
1789648938.5025294,2026-09-17T18:12:18.502529,-8.18,0.0,566855.0,0.0,89.03,28.9,0,0,0,0,-8.18,-5.01,5.0,0.0,0
1789648938.5222278,2026-09-17T18:12:18.522228,-8.18,0.0,566855.0,0.0,89.03,28.9,0,0,0,0,-8.18,-5.01,5.0,0.0,0
1789648938.5421636,2026-09-17T18:12:18.542164,-8.18,0.0,566855.0,0.0,89.03,28.9,0,0,0,0,-8.18,-5.01,5.0,0.0,0
1789648938.563037,2026-09-17T18:12:18.563037,-8.18,0.0,566855.0,0.0,89.03,28.9,0,0,0,0,-8.18,-5.01,5.0,0.0,0
1789648938.5828032,2026-09-17T18:12:18.582803,-8.18,0.0,566855.0,0.0,89.03,28.9,0,0,0,0,-8.18,-5.01,5.0,0.0,0
1789648938.6031556,2026-09-17T18:12:18.603156,-8.18,0.0,566855.0,0.0,89.03,28.9,0,0,0,0,-8.18,-5.01,5.0,0.0,0
1789648938.6226182,2026-09-17T18:12:18.622618,-8.18,0.0,566855.0,0.0,89.03,28.9,0,0,0,0,-8.18,-5.01,5.0,0.0,0
1789648938.643,2026-09-17T18:12:18.643000,-8.18,0.0,566855.0,0.0,89.03,28.9,0,0,0,0,-8.18,-5.01,5.0,0.0,0
1789648938.6630795,2026-09-17T18:12:18.663080,-8.18,0.0,566855.0,0.0,89.03,28.9,0,0,0,0,-8.18,-5.01,5.0,0.0,0
1789648938.6826138,2026-09-17T18:12:18.682614,-8.18,0.0,566855.0,0.0,89.03,28.9,0,0,0,0,-8.18,-5.01,5.0,0.0,0
1789648938.7025356,2026-09-17T18:12:18.702536,-8.18,0.0,566855.0,0.0,89.03,28.9,0,0,0,0,-8.18,-5.01,5.0,0.0,0
1789648938.723098,2026-09-17T18:12:18.723098,-8.18,0.0,566855.0,0.0,89.03,28.9,0,0,0,0,-8.18,-5.01,5.0,0.0,0
1789648938.7426746,2026-09-17T18:12:18.742675,-8.18,0.0,566855.0,0.0,89.03,28.9,0,0,0,0,-8.18,-5.01,5.0,0.0,0
1789648938.763076,2026-09-17T18:12:18.763076,-8.18,0.0,566855.0,0.0,89.03,28.9,0,0,0,0,-8.18,-5.01,5.0,0.0,0
1789648938.7828212,2026-09-17T18:12:18.782821,-8.18,0.0,566855.0,0.0,89.03,28.9,0,0,0,0,-8.18,-5.01,5.0,0.0,0
1789648938.8023534,2026-09-17T18:12:18.802353,-8.18,0.0,566855.0,0.0,89.03,28.9,0,0,0,0,-8.18,-5.01,5.0,0.0,0
1789648938.8230057,2026-09-17T18:12:18.823006,-8.18,0.0,566855.0,0.0,89.03,28.9,0,0,0,0,-8.18,-5.01,5.0,0.0,0
1789648938.843008,2026-09-17T18:12:18.843008,-8.18,0.0,566855.0,0.0,89.03,28.9,0,0,0,0,-8.18,-5.01,5.0,0.0,0
1789648938.8626256,2026-09-17T18:12:18.862626,-8.18,0.0,566855.0,0.0,89.03,28.9,0,0,0,0,-8.18,-5.01,5.0,0.0,0
1789648938.8825624,2026-09-17T18:12:18.882562,-8.18,0.0,566855.0,0.0,89.03,28.9,0,0,0,0,-8.18,-5.01,5.0,0.0,0
1789648938.9022136,2026-09-17T18:12:18.902214,-8.18,0.0,566855.0,0.0,89.03,28.9,0,0,0,0,-8.18,-5.01,5.0,0.0,0
1789648938.9221523,2026-09-17T18:12:18.922152,-8.18,0.0,566855.0,0.0,89.03,28.9,0,0,0,0,-8.18,-5.01,5.0,0.0,0
1789648938.942836,2026-09-17T18:12:18.942836,-8.18,0.0,566855.0,0.0,89.03,28.9,0,0,0,0,-8.18,-5.01,5.0,0.0,0
1789648938.961978,2026-09-17T18:12:18.961978,-8.18,0.0,566855.0,0.0,89.03,28.9,0,0,0,0,-8.18,-5.01,5.0,0.0,0
1789648938.983023,2026-09-17T18:12:18.983023,-8.18,0.0,566855.0,0.0,89.03,28.9,0,0,0,0,-8.18,-5.01,5.0,0.0,0
1789648939.0025158,2026-09-17T18:12:19.002516,-8.18,0.0,566855.0,0.0,89.03,28.9,0,0,0,0,-8.18,-5.01,5.0,0.0,0
1789648939.0229173,2026-09-17T18:12:19.022917,-8.18,0.0,566855.0,0.0,89.03,28.9,0,0,0,0,-8.18,-5.01,5.0,0.0,0
1789648939.0422096,2026-09-17T18:12:19.042210,-8.18,0.0,566855.0,0.0,89.03,28.9,0,0,0,0,-8.18,-5.01,5.0,0.0,0
1789648939.062481,2026-09-17T18:12:19.062481,-8.18,0.0,566855.0,0.0,89.03,28.9,0,0,0,0,-8.18,-5.01,5.0,0.0,0
1789648939.082624,2026-09-17T18:12:19.082624,-8.18,0.0,566855.0,0.0,89.03,28.9,0,0,0,0,-8.18,-5.01,5.0,0.0,0
1789648939.1021743,2026-09-17T18:12:19.102174,-8.18,0.0,566855.0,0.0,89.03,28.9,0,0,0,0,-8.18,-5.01,5.0,0.0,0
1789648939.12282,2026-09-17T18:12:19.122820,-8.18,0.0,566855.0,0.0,89.03,28.9,0,0,0,0,-8.18,-5.01,5.0,0.0,0
1789648939.142414,2026-09-17T18:12:19.142414,-8.18,0.0,566855.0,0.0,89.03,28.9,0,0,0,0,-8.18,-5.01,5.0,0.0,0
1789648939.1628678,2026-09-17T18:12:19.162868,-8.18,0.0,566855.0,0.0,89.03,28.9,0,0,0,0,-8.18,-5.01,5.0,0.0,0
1789648939.182233,2026-09-17T18:12:19.182233,-8.18,0.0,566855.0,0.0,89.03,28.9,0,0,0,0,-8.18,-5.01,5.0,0.0,0
1789648939.202534,2026-09-17T18:12:19.202534,-8.18,0.0,566855.0,0.0,89.03,28.9,0,0,0,0,-8.18,-5.01,5.0,0.0,0
1789648939.2222953,2026-09-17T18:12:19.222295,-8.18,0.0,566855.0,0.0,89.03,28.9,0,0,0,0,-8.18,-5.01,5.0,0.0,0
1789648939.2431223,2026-09-17T18:12:19.243122,-8.18,0.0,566855.0,0.0,89.03,28.9,0,0,0,0,-8.18,-5.01,5.0,0.0,0
1789648939.2629688,2026-09-17T18:12:19.262969,-8.31,0.0,566812.0,0.0,89.03,28.9,0,0,0,0,-8.31,-4.84,5.0,0.0,0
1789648939.2831297,2026-09-17T18:12:19.283130,-7.17,0.0,566812.0,0.0,89.03,28.9,0,0,0,0,-7.17,-4.63,5.0,0.0,0
1789648939.3032374,2026-09-17T18:12:19.303237,-7.38,0.0,566812.0,0.0,89.03,28.9,0,0,0,0,-7.38,-4.59,5.0,0.0,0
1789648939.322249,2026-09-17T18:12:19.322249,-7.38,0.0,566812.0,0.0,89.03,28.9,0,0,0,0,-7.38,-4.59,5.0,0.0,0
1789648939.3420906,2026-09-17T18:12:19.342091,-7.38,0.0,566812.0,0.0,89.03,28.9,0,0,0,0,-7.38,-4.59,5.0,0.0,0
1789648939.3622754,2026-09-17T18:12:19.362275,-7.38,0.0,566812.0,0.0,89.03,28.9,0,0,0,0,-7.38,-4.59,5.0,0.0,0
1789648939.3827357,2026-09-17T18:12:19.382736,-7.58,0.0,566831.0,0.0,88.95,28.9,0,0,0,0,-7.58,-4.55,5.0,0.0,0
1789648939.4023452,2026-09-17T18:12:19.402345,-7.58,0.0,566831.0,0.0,88.95,28.9,0,0,0,0,-7.58,-4.55,5.0,0.0,0
1789648939.4226496,2026-09-17T18:12:19.422650,-7.58,0.0,566831.0,0.0,88.95,28.9,0,0,0,0,-7.58,-4.55,5.0,0.0,0
1789648939.4426246,2026-09-17T18:12:19.442625,-7.58,0.0,566831.0,0.0,88.95,28.9,0,0,0,0,-7.58,-4.55,5.0,0.0,0
1789648939.4629874,2026-09-17T18:12:19.462987,-7.58,0.0,566831.0,0.0,88.95,28.9,0,0,0,0,-7.58,-4.55,5.0,0.0,0
1789648939.4828966,2026-09-17T18:12:19.482897,-7.58,0.0,566831.0,0.0,88.95,28.9,0,0,0,0,-7.58,-4.55,5.0,0.0,0
1789648939.503101,2026-09-17T18:12:19.503101,-7.58,0.0,566831.0,0.0,88.95,28.9,0,0,0,0,-7.58,-4.55,5.0,0.0,0
1789648939.522698,2026-09-17T18:12:19.522698,-7.58,0.0,566831.0,0.0,88.95,28.9,0,0,0,0,-7.58,-4.55,5.0,0.0,0
1789648939.542564,2026-09-17T18:12:19.542564,-7.58,0.0,566831.0,0.0,88.95,28.9,0,0,0,0,-7.58,-4.55,5.0,0.0,0
1789648939.5620039,2026-09-17T18:12:19.562004,-7.58,0.0,566831.0,0.0,88.95,28.9,0,0,0,0,-7.58,-4.55,5.0,0.0,0
1789648939.5831137,2026-09-17T18:12:19.583114,-7.58,0.0,566831.0,0.0,88.95,28.9,0,0,0,0,-7.58,-4.55,5.0,0.0,0
1789648939.6024673,2026-09-17T18:12:19.602467,-7.58,0.0,566831.0,0.0,88.95,28.9,0,0,0,0,-7.58,-4.55,5.0,0.0,0
1789648939.6231203,2026-09-17T18:12:19.623120,-7.58,0.0,566831.0,0.0,88.95,28.9,0,0,0,0,-7.58,-4.55,5.0,0.0,0
1789648939.6430566,2026-09-17T18:12:19.643057,-7.58,0.0,566831.0,0.0,88.95,28.9,0,0,0,0,-7.58,-4.55,5.0,0.0,0
1789648939.6629162,2026-09-17T18:12:19.662916,-7.58,0.0,566831.0,0.0,88.95,28.9,0,0,0,0,-7.58,-4.55,5.0,0.0,0
1789648939.6828382,2026-09-17T18:12:19.682838,-7.58,0.0,566831.0,0.0,88.95,28.9,0,0,0,0,-7.58,-4.55,5.0,0.0,0
1789648939.702906,2026-09-17T18:12:19.702906,-7.58,0.0,566831.0,0.0,88.95,28.9,0,0,0,0,-7.58,-4.55,5.0,0.0,0
1789648939.7228744,2026-09-17T18:12:19.722874,-7.58,0.0,566831.0,0.0,88.95,28.9,0,0,0,0,-7.58,-4.55,5.0,0.0,0
1789648939.7423897,2026-09-17T18:12:19.742390,-7.58,0.0,566831.0,0.0,88.95,28.9,0,0,0,0,-7.58,-4.55,5.0,0.0,0
1789648939.762767,2026-09-17T18:12:19.762767,-7.58,0.0,566831.0,0.0,88.95,28.9,0,0,0,0,-7.58,-4.55,5.0,0.0,0
1789648939.7829943,2026-09-17T18:12:19.782994,-7.58,0.0,566831.0,0.0,88.95,28.9,0,0,0,0,-7.58,-4.55,5.0,0.0,0
1789648939.8031356,2026-09-17T18:12:19.803136,-7.58,0.0,566831.0,0.0,88.95,28.9,0,0,0,0,-7.58,-4.55,5.0,0.0,0
1789648939.8223188,2026-09-17T18:12:19.822319,-7.58,0.0,566831.0,0.0,88.95,28.9,0,0,0,0,-7.58,-4.55,5.0,0.0,0
1789648939.8423119,2026-09-17T18:12:19.842312,-7.58,0.0,566831.0,0.0,88.95,28.9,0,0,0,0,-7.58,-4.55,5.0,0.0,0
1789648939.8626397,2026-09-17T18:12:19.862640,-7.58,0.0,566831.0,0.0,88.95,28.9,0,0,0,0,-7.58,-4.55,5.0,0.0,0
1789648939.8824854,2026-09-17T18:12:19.882485,-7.58,0.0,566831.0,0.0,88.95,28.9,0,0,0,0,-7.58,-4.55,5.0,0.0,0
1789648939.9019625,2026-09-17T18:12:19.901963,-7.58,0.0,566831.0,0.0,88.95,28.9,0,0,0,0,-7.58,-4.55,5.0,0.0,0
1789648939.9222293,2026-09-17T18:12:19.922229,-7.58,0.0,566831.0,0.0,88.95,28.9,0,0,0,0,-7.58,-4.55,5.0,0.0,0
1789648939.942719,2026-09-17T18:12:19.942719,-7.58,0.0,566831.0,0.0,88.95,28.9,0,0,0,0,-7.58,-4.55,5.0,0.0,0
1789648939.9625645,2026-09-17T18:12:19.962564,-7.58,0.0,566831.0,0.0,88.95,28.9,0,0,0,0,-7.58,-4.55,5.0,0.0,0
1789648939.9825325,2026-09-17T18:12:19.982533,-7.58,0.0,566831.0,0.0,88.95,28.9,0,0,0,0,-7.58,-4.55,5.0,0.0,0
1789648940.0025089,2026-09-17T18:12:20.002509,-7.58,0.0,566831.0,0.0,88.95,28.9,0,0,0,0,-7.58,-4.55,5.0,0.0,0
1789648940.0223465,2026-09-17T18:12:20.022346,-7.58,0.0,566831.0,0.0,88.95,28.9,0,0,0,0,-7.58,-4.55,5.0,0.0,0
1789648940.0431495,2026-09-17T18:12:20.043149,-7.58,0.0,566831.0,0.0,88.95,28.9,0,0,0,0,-7.58,-4.55,5.0,0.0,0
1789648940.063102,2026-09-17T18:12:20.063102,-7.58,0.0,566831.0,0.0,88.95,28.9,0,0,0,0,-7.58,-4.55,5.0,0.0,0
1789648940.0827575,2026-09-17T18:12:20.082757,-7.58,0.0,566831.0,0.0,88.95,28.9,0,0,0,0,-7.58,-4.55,5.0,0.0,0
1789648940.1026971,2026-09-17T18:12:20.102697,-7.58,0.0,566831.0,0.0,88.95,28.9,0,0,0,0,-7.58,-4.55,5.0,0.0,0
1789648940.1231008,2026-09-17T18:12:20.123101,-7.58,0.0,566831.0,0.0,88.95,28.9,0,0,0,0,-7.58,-4.55,5.0,0.0,0
1789648940.1426203,2026-09-17T18:12:20.142620,-7.58,0.0,566831.0,0.0,88.95,28.9,0,0,0,0,-7.58,-4.55,5.0,0.0,0
1789648940.1631563,2026-09-17T18:12:20.163156,-7.58,0.0,566831.0,0.0,88.95,28.9,0,0,0,0,-7.58,-4.55,5.0,0.0,0
1789648940.182704,2026-09-17T18:12:20.182704,-7.58,0.0,566831.0,0.0,88.95,28.9,0,0,0,0,-7.58,-4.55,5.0,0.0,0
1789648940.2030907,2026-09-17T18:12:20.203091,-7.58,0.0,566831.0,0.0,88.95,28.9,0,0,0,0,-7.58,-4.55,5.0,0.0,0
1789648940.2224646,2026-09-17T18:12:20.222465,-7.58,0.0,566831.0,0.0,88.95,28.9,0,0,0,0,-7.58,-4.55,5.0,0.0,0
1789648940.2426698,2026-09-17T18:12:20.242670,-7.58,0.0,566831.0,0.0,88.95,28.9,0,0,0,0,-7.58,-4.55,5.0,0.0,0
1789648940.2626662,2026-09-17T18:12:20.262666,-7.58,0.0,566831.0,0.0,88.95,28.9,0,0,0,0,-7.58,-4.55,5.0,0.0,0
1789648940.282393,2026-09-17T18:12:20.282393,-7.58,0.0,566831.0,0.0,88.95,28.9,0,0,0,0,-7.58,-4.55,5.0,0.0,0
1789648940.3023646,2026-09-17T18:12:20.302365,-7.58,0.0,566831.0,0.0,88.95,28.9,0,0,0,0,-7.58,-4.55,5.0,0.0,0
1789648940.3229547,2026-09-17T18:12:20.322955,-7.58,0.0,566831.0,0.0,88.95,28.9,0,0,0,0,-7.58,-4.55,5.0,0.0,0
1789648940.3430977,2026-09-17T18:12:20.343098,-7.58,0.0,566831.0,0.0,88.95,28.9,0,0,0,0,-7.58,-4.55,5.0,0.0,0
1789648940.3631973,2026-09-17T18:12:20.363197,-7.58,0.0,566831.0,0.0,88.95,28.9,0,0,0,0,-7.58,-4.55,5.0,0.0,0
1789648940.3820226,2026-09-17T18:12:20.382023,-7.58,0.0,566831.0,0.0,88.95,28.9,0,0,0,0,-7.58,-4.55,5.0,0.0,0
1789648940.4028454,2026-09-17T18:12:20.402845,-4.67,0.0,566829.0,0.0,89.03,28.9,0,42,0,0,-4.67,-5.83,5.0,0.0,0
1789648940.4231403,2026-09-17T18:12:20.423140,-6.97,0.0,566829.0,0.0,88.95,28.9,0,0,0,0,-6.97,-5.66,5.0,0.0,0
1789648940.442583,2026-09-17T18:12:20.442583,-7.31,0.0,566829.0,0.0,88.95,28.9,0,0,0,0,-7.31,-5.34,5.0,0.0,0
1789648940.4623923,2026-09-17T18:12:20.462392,-7.91,0.0,566829.0,0.0,89.03,28.9,0,0,0,0,-7.91,-5.18,5.0,0.0,0
1789648940.4831488,2026-09-17T18:12:20.483149,-8.29,0.0,566829.0,0.0,89.03,28.9,0,0,0,0,-8.29,-5.08,5.0,0.0,0
1789648940.5032065,2026-09-17T18:12:20.503206,-8.29,0.0,566829.0,0.0,89.03,28.9,0,0,0,0,-8.29,-5.08,5.0,0.0,0
1789648940.522923,2026-09-17T18:12:20.522923,-8.29,0.0,566829.0,0.0,89.03,28.9,0,0,0,0,-8.29,-5.08,5.0,0.0,0
1789648940.542618,2026-09-17T18:12:20.542618,-8.29,0.0,566829.0,0.0,89.03,28.9,0,0,0,0,-8.29,-5.08,5.0,0.0,0
1789648940.562217,2026-09-17T18:12:20.562217,-8.29,0.0,566829.0,0.0,89.03,28.9,0,0,0,0,-8.29,-5.08,5.0,0.0,0
1789648940.5831451,2026-09-17T18:12:20.583145,-8.45,0.0,566862.0,0.0,89.03,28.9,0,0,0,0,-8.45,-5.0,5.0,0.0,0
1789648940.6020825,2026-09-17T18:12:20.602082,-8.45,0.0,566862.0,0.0,89.03,28.9,0,0,0,0,-8.45,-5.0,5.0,0.0,0
1789648940.6226554,2026-09-17T18:12:20.622655,-8.45,0.0,566862.0,0.0,89.03,28.9,0,0,0,0,-8.45,-5.0,5.0,0.0,0
1789648940.6431117,2026-09-17T18:12:20.643112,-8.45,0.0,566862.0,0.0,89.03,28.9,0,0,0,0,-8.45,-5.0,5.0,0.0,0
1789648940.6627967,2026-09-17T18:12:20.662797,-8.45,0.0,566862.0,0.0,89.03,28.9,0,0,0,0,-8.45,-5.0,5.0,0.0,0
1789648940.6824708,2026-09-17T18:12:20.682471,-8.45,0.0,566862.0,0.0,89.03,28.9,0,0,0,0,-8.45,-5.0,5.0,0.0,0
1789648940.7028592,2026-09-17T18:12:20.702859,-8.45,0.0,566862.0,0.0,89.03,28.9,0,0,0,0,-8.45,-5.0,5.0,0.0,0
1789648940.7227352,2026-09-17T18:12:20.722735,-8.45,0.0,566862.0,0.0,89.03,28.9,0,0,0,0,-8.45,-5.0,5.0,0.0,0
1789648940.743176,2026-09-17T18:12:20.743176,-8.45,0.0,566862.0,0.0,89.03,28.9,0,0,0,0,-8.45,-5.0,5.0,0.0,0
1789648940.7627676,2026-09-17T18:12:20.762768,-8.45,0.0,566862.0,0.0,89.03,28.9,0,0,0,0,-8.45,-5.0,5.0,0.0,0
1789648940.7825134,2026-09-17T18:12:20.782513,-8.45,0.0,566862.0,0.0,89.03,28.9,0,0,0,0,-8.45,-5.0,5.0,0.0,0
1789648940.802697,2026-09-17T18:12:20.802697,-8.45,0.0,566862.0,0.0,89.03,28.9,0,0,0,0,-8.45,-5.0,5.0,0.0,0
1789648940.8226206,2026-09-17T18:12:20.822621,-8.45,0.0,566862.0,0.0,89.03,28.9,0,0,0,0,-8.45,-5.0,5.0,0.0,0
1789648940.8431756,2026-09-17T18:12:20.843176,-8.45,0.0,566862.0,0.0,89.03,28.9,0,0,0,0,-8.45,-5.0,5.0,0.0,0
1789648940.862618,2026-09-17T18:12:20.862618,-8.45,0.0,566862.0,0.0,89.03,28.9,0,0,0,0,-8.45,-5.0,5.0,0.0,0
1789648940.882523,2026-09-17T18:12:20.882523,-8.45,0.0,566862.0,0.0,89.03,28.9,0,0,0,0,-8.45,-5.0,5.0,0.0,0
1789648940.902161,2026-09-17T18:12:20.902161,-8.45,0.0,566862.0,0.0,89.03,28.9,0,0,0,0,-8.45,-5.0,5.0,0.0,0
1789648940.9226916,2026-09-17T18:12:20.922692,-8.45,0.0,566862.0,0.0,89.03,28.9,0,0,0,0,-8.45,-5.0,5.0,0.0,0
1789648940.9425814,2026-09-17T18:12:20.942581,-8.45,0.0,566862.0,0.0,89.03,28.9,0,0,0,0,-8.45,-5.0,5.0,0.0,0
1789648940.962397,2026-09-17T18:12:20.962397,-8.45,0.0,566862.0,0.0,89.03,28.9,0,0,0,0,-8.45,-5.0,5.0,0.0,0
1789648940.9829745,2026-09-17T18:12:20.982975,-8.45,0.0,566862.0,0.0,89.03,28.9,0,0,0,0,-8.45,-5.0,5.0,0.0,0
1789648941.0024939,2026-09-17T18:12:21.002494,-8.45,0.0,566862.0,0.0,89.03,28.9,0,0,0,0,-8.45,-5.0,5.0,0.0,0
1789648941.0229604,2026-09-17T18:12:21.022960,-8.45,0.0,566862.0,0.0,89.03,28.9,0,0,0,0,-8.45,-5.0,5.0,0.0,0
1789648941.043066,2026-09-17T18:12:21.043066,-8.45,0.0,566862.0,0.0,89.03,28.9,0,0,0,0,-8.45,-5.0,5.0,0.0,0
1789648941.0631118,2026-09-17T18:12:21.063112,-8.45,0.0,566862.0,0.0,89.03,28.9,0,0,0,0,-8.45,-5.0,5.0,0.0,0
1789648941.0824108,2026-09-17T18:12:21.082411,-8.45,0.0,566862.0,0.0,89.03,28.9,0,0,0,0,-8.45,-5.0,5.0,0.0,0
1789648941.1028793,2026-09-17T18:12:21.102879,-8.45,0.0,566862.0,0.0,89.03,28.9,0,0,0,0,-8.45,-5.0,5.0,0.0,0
1789648941.1228106,2026-09-17T18:12:21.122811,-8.45,0.0,566862.0,0.0,89.03,28.9,0,0,0,0,-8.45,-5.0,5.0,0.0,0
1789648941.1422532,2026-09-17T18:12:21.142253,-8.45,0.0,566862.0,0.0,89.03,28.9,0,0,0,0,-8.45,-5.0,5.0,0.0,0
1789648941.1624403,2026-09-17T18:12:21.162440,-8.45,0.0,566862.0,0.0,89.03,28.9,0,0,0,0,-8.45,-5.0,5.0,0.0,0
1789648941.182713,2026-09-17T18:12:21.182713,-8.45,0.0,566862.0,0.0,89.03,28.9,0,0,0,0,-8.45,-5.0,5.0,0.0,0
1789648941.202312,2026-09-17T18:12:21.202312,-8.45,0.0,566862.0,0.0,89.03,28.9,0,0,0,0,-8.45,-5.0,5.0,0.0,0
1789648941.222625,2026-09-17T18:12:21.222625,-8.45,0.0,566862.0,0.0,89.03,28.9,0,0,0,0,-8.45,-5.0,5.0,0.0,0
1789648941.2430596,2026-09-17T18:12:21.243060,-8.45,0.0,566862.0,0.0,89.03,28.9,0,0,0,0,-8.45,-5.0,5.0,0.0,0
1789648941.2631009,2026-09-17T18:12:21.263101,-8.45,0.0,566862.0,0.0,89.03,28.9,0,0,0,0,-8.45,-5.0,5.0,0.0,0
1789648941.2822285,2026-09-17T18:12:21.282228,-8.45,0.0,566862.0,0.0,89.03,28.9,0,0,0,0,-8.45,-5.0,5.0,0.0,0
1789648941.3027816,2026-09-17T18:12:21.302782,-8.45,0.0,566862.0,0.0,89.03,28.9,0,0,0,0,-8.45,-5.0,5.0,0.0,0
1789648941.3224783,2026-09-17T18:12:21.322478,-8.45,0.0,566862.0,0.0,89.03,28.9,0,0,0,0,-8.45,-5.0,5.0,0.0,0
1789648941.3426335,2026-09-17T18:12:21.342633,-8.45,0.0,566862.0,0.0,89.03,28.9,0,0,0,0,-8.45,-5.0,5.0,0.0,0
1789648941.3623967,2026-09-17T18:12:21.362397,-8.45,0.0,566862.0,0.0,89.03,28.9,0,0,0,0,-8.45,-5.0,5.0,0.0,0
1789648941.3822303,2026-09-17T18:12:21.382230,-8.45,0.0,566862.0,0.0,89.03,28.9,0,0,0,0,-8.45,-5.0,5.0,0.0,0
1789648941.4027574,2026-09-17T18:12:21.402757,-8.45,0.0,566862.0,0.0,89.03,28.9,0,0,0,0,-8.45,-5.0,5.0,0.0,0
1789648941.4227347,2026-09-17T18:12:21.422735,-8.45,0.0,566862.0,0.0,89.03,28.9,0,0,0,0,-8.45,-5.0,5.0,0.0,0
1789648941.4429095,2026-09-17T18:12:21.442909,-8.45,0.0,566862.0,0.0,89.03,28.9,0,0,0,0,-8.45,-5.0,5.0,0.0,0
1789648941.4624677,2026-09-17T18:12:21.462468,-8.45,0.0,566862.0,0.0,89.03,28.9,0,0,0,0,-8.45,-5.0,5.0,0.0,0
1789648941.482197,2026-09-17T18:12:21.482197,-8.45,0.0,566862.0,0.0,89.03,28.9,0,0,0,0,-8.45,-5.0,5.0,0.0,0
1789648941.5026038,2026-09-17T18:12:21.502604,-8.45,0.0,566862.0,0.0,89.03,28.9,0,0,0,0,-8.45,-5.0,5.0,0.0,0
1789648941.5230806,2026-09-17T18:12:21.523081,-8.45,0.0,566862.0,0.0,89.03,28.9,0,0,0,0,-8.45,-5.0,5.0,0.0,0
1789648941.5425477,2026-09-17T18:12:21.542548,-8.45,0.0,566862.0,0.0,89.03,28.9,0,0,0,0,-8.45,-5.0,5.0,0.0,0
1789648941.5629828,2026-09-17T18:12:21.562983,-8.45,0.0,566862.0,0.0,89.03,28.9,0,0,0,0,-8.45,-5.0,5.0,0.0,0
1789648941.5825434,2026-09-17T18:12:21.582543,-8.21,0.0,566794.0,0.0,89.03,28.9,0,0,0,0,-8.21,-4.93,5.0,0.0,0
1789648941.603153,2026-09-17T18:12:21.603153,-8.53,0.0,566794.0,0.0,88.95,28.9,0,0,0,0,-8.53,-4.6,5.0,0.0,0
1789648941.622652,2026-09-17T18:12:21.622652,-5.94,0.0,566794.0,0.0,88.95,28.9,0,0,0,0,-5.94,-4.4,5.0,0.0,0
1789648941.6429086,2026-09-17T18:12:21.642909,-6.6,0.0,566794.0,0.0,88.95,28.9,0,0,0,0,-6.6,-4.29,5.0,0.0,0
1789648941.662716,2026-09-17T18:12:21.662716,-7.03,0.0,566794.0,0.0,88.95,28.9,0,0,0,0,-7.03,-4.12,5.0,0.0,0
1789648941.6828878,2026-09-17T18:12:21.682888,-7.03,0.0,566794.0,0.0,88.95,28.9,0,0,0,0,-7.03,-4.12,5.0,0.0,0
1789648941.7029066,2026-09-17T18:12:21.702907,-7.03,0.0,566794.0,0.0,88.95,28.9,0,0,0,0,-7.03,-4.12,5.0,0.0,0
1789648941.722366,2026-09-17T18:12:21.722366,-7.03,0.0,566794.0,0.0,88.95,28.9,0,0,0,0,-7.03,-4.12,5.0,0.0,0
1789648941.7429552,2026-09-17T18:12:21.742955,-7.03,0.0,566794.0,0.0,88.95,28.9,0,0,0,0,-7.03,-4.12,5.0,0.0,0
1789648941.762933,2026-09-17T18:12:21.762933,-7.25,0.0,566854.0,0.0,88.95,28.9,0,0,0,0,-7.25,-4.1,5.0,0.0,0
1789648941.7822835,2026-09-17T18:12:21.782284,-7.85,0.0,566854.0,0.0,88.95,28.9,0,0,0,0,-7.85,-4.0,5.0,0.0,0
1789648941.8027167,2026-09-17T18:12:21.802717,-8.41,0.0,566854.0,0.0,88.95,28.9,0,0,0,0,-8.41,-3.92,5.0,0.0,0
1789648941.8229787,2026-09-17T18:12:21.822979,-5.97,0.0,566854.0,0.0,88.95,28.9,0,0,0,0,-5.97,-3.78,5.0,0.0,0
1789648941.842667,2026-09-17T18:12:21.842667,-3.65,0.0,566854.0,0.0,88.95,28.9,0,0,0,0,-3.65,-3.58,5.0,0.0,0
1789648941.8625128,2026-09-17T18:12:21.862513,-3.92,0.0,566854.0,0.0,88.95,28.9,0,0,0,0,-3.92,-3.55,5.0,0.0,0
1789648941.8829446,2026-09-17T18:12:21.882945,-3.92,0.0,566854.0,0.0,88.95,28.9,0,0,0,0,-3.92,-3.55,5.0,0.0,0
1789648941.90218,2026-09-17T18:12:21.902180,-3.92,0.0,566854.0,0.0,88.95,28.9,0,0,0,0,-3.92,-3.55,5.0,0.0,0
1789648941.922844,2026-09-17T18:12:21.922844,-4.19,0.0,566847.0,0.0,88.95,28.9,0,0,0,0,-4.19,-3.54,5.0,0.0,0
1789648941.9428883,2026-09-17T18:12:21.942888,-4.97,0.0,566847.0,0.0,88.95,28.9,0,0,0,0,-4.97,-3.48,5.0,0.0,0
1789648941.962243,2026-09-17T18:12:21.962243,-5.22,0.0,566872.0,0.0,88.95,28.9,0,0,0,0,-5.22,-3.46,5.0,0.0,0
1789648941.9829695,2026-09-17T18:12:21.982970,-2.68,0.0,566872.0,0.0,88.95,28.9,0,0,0,0,-2.68,-3.2,5.0,0.0,0
1789648942.002865,2026-09-17T18:12:22.002865,-3.5,0.0,566872.0,0.0,88.95,28.9,0,0,0,0,-3.5,-3.13,5.0,0.0,0
1789648942.0229366,2026-09-17T18:12:22.022937,-1.3,0.0,566872.0,0.0,88.95,28.9,0,0,0,0,-1.3,-3.06,5.0,0.0,0
1789648942.04308,2026-09-17T18:12:22.043080,-1.62,0.0,566872.0,0.0,88.95,28.9,0,0,0,0,-1.62,-3.05,5.0,0.0,0
1789648942.0623517,2026-09-17T18:12:22.062352,-1.62,0.0,566872.0,0.0,88.95,28.9,0,0,0,0,-1.62,-3.05,5.0,0.0,0
1789648942.082776,2026-09-17T18:12:22.082776,-1.62,0.0,566872.0,0.0,88.95,28.9,0,0,0,0,-1.62,-3.05,5.0,0.0,0
1789648942.10286,2026-09-17T18:12:22.102860,-1.62,0.0,566872.0,0.0,88.95,28.9,0,0,0,0,-1.62,-3.05,5.0,0.0,0
1789648942.1225617,2026-09-17T18:12:22.122562,-1.62,0.0,566872.0,0.0,88.95,28.9,0,0,0,0,-1.62,-3.05,5.0,0.0,0
1789648942.1424043,2026-09-17T18:12:22.142404,-1.62,0.0,566872.0,0.0,88.95,28.9,0,0,0,0,-1.62,-3.05,5.0,0.0,0
1789648942.162977,2026-09-17T18:12:22.162977,-1.62,0.0,566872.0,0.0,88.95,28.9,0,0,0,0,-1.62,-3.05,5.0,0.0,0
1789648942.1831007,2026-09-17T18:12:22.183101,-1.62,0.0,566872.0,0.0,88.95,28.9,0,0,0,0,-1.62,-3.05,5.0,0.0,0
1789648942.2030342,2026-09-17T18:12:22.203034,-1.62,0.0,566872.0,0.0,88.95,28.9,0,0,0,0,-1.62,-3.05,5.0,0.0,0
1789648942.2226615,2026-09-17T18:12:22.222661,-1.62,0.0,566872.0,0.0,88.95,28.9,0,0,0,0,-1.62,-3.05,5.0,0.0,0
1789648942.2432573,2026-09-17T18:12:22.243257,-1.62,0.0,566872.0,0.0,88.95,28.9,0,0,0,0,-1.62,-3.05,5.0,0.0,0
1789648942.262811,2026-09-17T18:12:22.262811,-1.62,0.0,566872.0,0.0,88.95,28.9,0,0,0,0,-1.62,-3.05,5.0,0.0,0
1789648942.2825758,2026-09-17T18:12:22.282576,-1.62,0.0,566872.0,0.0,88.95,28.9,0,0,0,0,-1.62,-3.05,5.0,0.0,0
1789648942.3027177,2026-09-17T18:12:22.302718,-1.62,0.0,566872.0,0.0,88.95,28.9,0,0,0,0,-1.62,-3.05,5.0,0.0,0
1789648942.3227289,2026-09-17T18:12:22.322729,-1.62,0.0,566872.0,0.0,88.95,28.9,0,0,0,0,-1.62,-3.05,5.0,0.0,0
1789648942.3427136,2026-09-17T18:12:22.342714,-1.62,0.0,566872.0,0.0,88.95,28.9,0,0,0,0,-1.62,-3.05,5.0,0.0,0
1789648942.3622947,2026-09-17T18:12:22.362295,-1.62,0.0,566872.0,0.0,88.95,28.9,0,0,0,0,-1.62,-3.05,5.0,0.0,0
1789648942.3821952,2026-09-17T18:12:22.382195,-1.62,0.0,566872.0,0.0,88.95,28.9,0,0,0,0,-1.62,-3.05,5.0,0.0,0
1789648942.4030566,2026-09-17T18:12:22.403057,-1.62,0.0,566872.0,0.0,88.95,28.9,0,0,0,0,-1.62,-3.05,5.0,0.0,0
1789648942.4228437,2026-09-17T18:12:22.422844,-1.62,0.0,566872.0,0.0,88.95,28.9,0,0,0,0,-1.62,-3.05,5.0,0.0,0
1789648942.442676,2026-09-17T18:12:22.442676,-1.62,0.0,566872.0,0.0,88.95,28.9,0,0,0,0,-1.62,-3.05,5.0,0.0,0
1789648942.462701,2026-09-17T18:12:22.462701,-1.62,0.0,566872.0,0.0,88.95,28.9,0,0,0,0,-1.62,-3.05,5.0,0.0,0
1789648942.4825118,2026-09-17T18:12:22.482512,-1.62,0.0,566872.0,0.0,88.95,28.9,0,0,0,0,-1.62,-3.05,5.0,0.0,0
1789648942.5032592,2026-09-17T18:12:22.503259,-1.62,0.0,566872.0,0.0,88.95,28.9,0,0,0,0,-1.62,-3.05,5.0,0.0,0
1789648942.5223348,2026-09-17T18:12:22.522335,-1.62,0.0,566872.0,0.0,88.95,28.9,0,0,0,0,-1.62,-3.05,5.0,0.0,0
1789648942.5421376,2026-09-17T18:12:22.542138,-1.62,0.0,566872.0,0.0,88.95,28.9,0,0,0,0,-1.62,-3.05,5.0,0.0,0
1789648942.5626924,2026-09-17T18:12:22.562692,-1.62,0.0,566872.0,0.0,88.95,28.9,0,0,0,0,-1.62,-3.05,5.0,0.0,0
1789648942.5825086,2026-09-17T18:12:22.582509,-1.62,0.0,566872.0,0.0,88.95,28.9,0,0,0,0,-1.62,-3.05,5.0,0.0,0
1789648942.6025612,2026-09-17T18:12:22.602561,-1.62,0.0,566872.0,0.0,88.95,28.9,0,0,0,0,-1.62,-3.05,5.0,0.0,0
1789648942.6230867,2026-09-17T18:12:22.623087,-1.62,0.0,566872.0,0.0,88.95,28.9,0,0,0,0,-1.62,-3.05,5.0,0.0,0
1789648942.6432083,2026-09-17T18:12:22.643208,-1.62,0.0,566872.0,0.0,88.95,28.9,0,0,0,0,-1.62,-3.05,5.0,0.0,0
1789648942.6630661,2026-09-17T18:12:22.663066,-1.62,0.0,566872.0,0.0,88.95,28.9,0,0,0,0,-1.62,-3.05,5.0,0.0,0
1789648942.682913,2026-09-17T18:12:22.682913,-1.62,0.0,566872.0,0.0,88.95,28.9,0,0,0,0,-1.62,-3.05,5.0,0.0,0
1789648942.7027044,2026-09-17T18:12:22.702704,-1.62,0.0,566872.0,0.0,88.95,28.9,0,0,0,0,-1.62,-3.05,5.0,0.0,0
1789648942.7230694,2026-09-17T18:12:22.723069,-1.62,0.0,566872.0,0.0,88.95,28.9,0,0,0,0,-1.62,-3.05,5.0,0.0,0
1789648942.7426927,2026-09-17T18:12:22.742693,-1.62,0.0,566872.0,0.0,88.95,28.9,0,0,0,0,-1.62,-3.05,5.0,0.0,0
1789648942.762788,2026-09-17T18:12:22.762788,-1.62,0.0,566872.0,0.0,88.95,28.9,0,0,0,0,-1.62,-3.05,5.0,0.0,0
1789648942.782161,2026-09-17T18:12:22.782161,-1.62,0.0,566872.0,0.0,88.95,28.9,0,0,0,0,-1.62,-3.05,5.0,0.0,0
1789648942.8026407,2026-09-17T18:12:22.802641,-1.62,0.0,566872.0,0.0,88.95,28.9,0,0,0,0,-1.62,-3.05,5.0,0.0,0
1789648942.82267,2026-09-17T18:12:22.822670,-1.62,0.0,566872.0,0.0,88.95,28.9,0,0,0,0,-1.62,-3.05,5.0,0.0,0
1789648942.84277,2026-09-17T18:12:22.842770,-1.62,0.0,566872.0,0.0,88.95,28.9,0,0,0,0,-1.62,-3.05,5.0,0.0,0
1789648942.8627145,2026-09-17T18:12:22.862715,-1.62,0.0,566872.0,0.0,88.95,28.9,0,0,0,0,-1.62,-3.05,5.0,0.0,0
1789648942.882717,2026-09-17T18:12:22.882717,-1.62,0.0,566872.0,0.0,88.95,28.9,0,0,0,0,-1.62,-3.05,5.0,0.0,0
1789648942.9023652,2026-09-17T18:12:22.902365,-1.62,0.0,566872.0,0.0,88.95,28.9,0,0,0,0,-1.62,-3.05,5.0,0.0,0
1789648942.9229724,2026-09-17T18:12:22.922972,-1.62,0.0,566872.0,0.0,88.95,28.9,0,0,0,0,-1.62,-3.05,5.0,0.0,0
1789648942.9423506,2026-09-17T18:12:22.942351,-1.62,0.0,566872.0,0.0,88.95,28.9,0,0,0,0,-1.62,-3.05,5.0,0.0,0
1789648942.9628835,2026-09-17T18:12:22.962883,-1.62,0.0,566872.0,0.0,88.95,28.9,0,0,0,0,-1.62,-3.05,5.0,0.0,0
1789648942.9830725,2026-09-17T18:12:22.983073,-1.62,0.0,566872.0,0.0,88.95,28.9,0,0,0,0,-1.62,-3.05,5.0,0.0,0
1789648943.003094,2026-09-17T18:12:23.003094,-1.62,0.0,566872.0,0.0,88.95,28.9,0,0,0,0,-1.62,-3.05,5.0,0.0,0
1789648943.0229087,2026-09-17T18:12:23.022909,-1.62,0.0,566872.0,0.0,88.95,28.9,0,0,0,0,-1.62,-3.05,5.0,0.0,0
1789648943.0427365,2026-09-17T18:12:23.042737,-1.52,0.0,566835.0,0.0,88.95,28.9,0,0,0,0,-1.52,-3.02,5.0,0.0,0
1789648943.0632665,2026-09-17T18:12:23.063267,-2.45,0.0,566835.0,0.0,89.03,28.9,0,0,0,0,-2.45,-3.0,5.0,0.0,0
1789648943.0828397,2026-09-17T18:12:23.082840,-3.34,0.0,566835.0,0.0,88.95,28.9,0,0,0,0,-3.34,-2.97,5.0,0.0,0
1789648943.1030176,2026-09-17T18:12:23.103018,-4.17,0.0,566835.0,0.0,88.95,28.9,0,0,0,0,-4.17,-2.95,5.0,0.0,0
1789648943.122237,2026-09-17T18:12:23.122237,-4.96,0.0,566835.0,0.0,88.95,28.9,0,0,0,0,-4.96,-2.93,5.0,0.0,0
1789648943.1423752,2026-09-17T18:12:23.142375,-5.45,0.0,566835.0,0.0,89.03,28.9,0,0,0,0,-5.45,-2.92,5.0,0.0,0
1789648943.163181,2026-09-17T18:12:23.163181,-5.45,0.0,566835.0,0.0,89.03,28.9,0,0,0,0,-5.45,-2.92,5.0,0.0,0
1789648943.1823046,2026-09-17T18:12:23.182305,-5.45,0.0,566835.0,0.0,89.03,28.9,0,0,0,0,-5.45,-2.92,5.0,0.0,0
1789648943.2021534,2026-09-17T18:12:23.202153,-5.45,0.0,566835.0,0.0,89.03,28.9,0,0,0,0,-5.45,-2.92,5.0,0.0,0
1789648943.2223897,2026-09-17T18:12:23.222390,-5.45,0.0,566835.0,0.0,89.03,28.9,0,0,0,0,-5.45,-2.92,5.0,0.0,0
1789648943.2424188,2026-09-17T18:12:23.242419,-6.14,0.0,566905.0,0.0,88.95,28.9,0,0,0,0,-6.14,-2.89,5.0,0.0,0
1789648943.2626095,2026-09-17T18:12:23.262609,-7.02,0.0,566905.0,0.0,89.03,28.9,0,0,0,0,-7.02,-2.87,5.0,0.0,0
1789648943.282558,2026-09-17T18:12:23.282558,-7.64,0.0,566905.0,0.0,89.03,28.9,0,0,0,0,-7.64,-2.85,5.0,0.0,0
1789648943.3026276,2026-09-17T18:12:23.302628,-8.22,0.0,566905.0,0.0,89.03,28.9,0,0,0,0,-8.22,-2.85,5.0,0.0,0
1789648943.3227842,2026-09-17T18:12:23.322784,-8.59,0.0,566905.0,0.0,88.95,28.9,0,0,0,0,-8.59,-2.84,5.0,0.0,0
1789648943.3425553,2026-09-17T18:12:23.342555,-8.59,0.0,566905.0,0.0,88.95,28.9,0,0,0,0,-8.59,-2.84,5.0,0.0,0
1789648943.3626444,2026-09-17T18:12:23.362644,-8.59,0.0,566905.0,0.0,88.95,28.9,0,0,0,0,-8.59,-2.84,5.0,0.0,0
1789648943.3821282,2026-09-17T18:12:23.382128,-8.59,0.0,566905.0,0.0,88.95,28.9,0,0,0,0,-8.59,-2.84,5.0,0.0,0
1789648943.4029841,2026-09-17T18:12:23.402984,-8.59,0.0,566905.0,0.0,88.95,28.9,0,0,0,0,-8.59,-2.84,5.0,0.0,0
1789648943.4226832,2026-09-17T18:12:23.422683,-9.13,0.0,566806.0,0.0,89.03,28.9,0,0,0,0,-9.13,-2.84,5.0,0.0,0
1789648943.4426858,2026-09-17T18:12:23.442686,-9.62,0.0,566806.0,0.0,88.95,28.9,0,0,0,0,-9.62,-2.83,5.0,0.0,0
1789648943.4624224,2026-09-17T18:12:23.462422,-10.08,0.0,566806.0,0.0,89.03,28.9,0,0,0,0,-10.08,-2.82,5.0,0.0,0
1789648943.4828286,2026-09-17T18:12:23.482829,-10.52,0.0,566806.0,0.0,89.03,28.9,0,0,0,0,-10.52,-2.81,5.0,0.0,0
1789648943.5029626,2026-09-17T18:12:23.502963,-10.92,0.0,566806.0,0.0,88.95,28.9,0,0,0,0,-10.92,-2.8,5.0,0.0,0
1789648943.523329,2026-09-17T18:12:23.523329,-10.92,0.0,566806.0,0.0,88.95,28.9,0,0,0,0,-10.92,-2.8,5.0,0.0,0
1789648943.54294,2026-09-17T18:12:23.542940,-10.92,0.0,566806.0,0.0,88.95,28.9,0,0,0,0,-10.92,-2.8,5.0,0.0,0
1789648943.5626674,2026-09-17T18:12:23.562667,-10.92,0.0,566806.0,0.0,88.95,28.9,0,0,0,0,-10.92,-2.8,5.0,0.0,0
1789648943.583502,2026-09-17T18:12:23.583502,-10.92,0.0,566806.0,0.0,88.95,28.9,0,0,0,0,-10.92,-2.8,5.0,0.0,0
1789648943.603151,2026-09-17T18:12:23.603151,-11.17,0.0,566786.0,0.0,88.95,28.9,0,0,0,0,-11.17,-2.79,5.0,0.0,0
1789648943.6232553,2026-09-17T18:12:23.623255,-11.66,0.0,566786.0,0.0,89.03,28.9,0,0,0,0,-11.66,-2.78,5.0,0.0,0
1789648943.6432643,2026-09-17T18:12:23.643264,-12.0,0.0,566786.0,0.0,88.95,28.9,0,0,0,0,-12.0,-2.77,5.0,0.0,0
1789648943.6631155,2026-09-17T18:12:23.663116,-12.31,0.0,566786.0,0.0,88.95,28.9,0,0,0,0,-12.31,-2.76,5.0,0.0,0
1789648943.6830385,2026-09-17T18:12:23.683038,-12.62,0.0,566786.0,0.0,88.95,28.9,0,0,0,0,-12.62,-2.75,5.0,0.0,0
1789648943.7024202,2026-09-17T18:12:23.702420,-12.62,0.0,566786.0,0.0,88.95,28.9,0,0,0,0,-12.62,-2.75,5.0,0.0,0
1789648943.72253,2026-09-17T18:12:23.722530,-12.62,0.0,566786.0,0.0,88.95,28.9,0,0,0,0,-12.62,-2.75,5.0,0.0,0
1789648943.7434118,2026-09-17T18:12:23.743412,-12.62,0.0,566786.0,0.0,88.95,28.9,0,0,0,0,-12.62,-2.75,5.0,0.0,0
1789648943.7625337,2026-09-17T18:12:23.762534,-12.62,0.0,566786.0,0.0,88.95,28.9,0,0,0,0,-12.62,-2.75,5.0,0.0,0
1789648943.7825522,2026-09-17T18:12:23.782552,-12.8,0.0,566846.0,0.0,88.95,28.9,0,0,0,0,-12.8,-2.75,5.0,0.0,0
1789648943.803613,2026-09-17T18:12:23.803613,-13.07,0.0,566846.0,0.0,88.95,28.9,0,0,0,0,-13.07,-2.73,5.0,0.0,0
1789648943.823161,2026-09-17T18:12:23.823161,-13.33,0.0,566846.0,0.0,89.03,28.9,0,0,0,0,-13.33,-2.72,5.0,0.0,0
1789648943.8432374,2026-09-17T18:12:23.843237,-13.57,0.0,566846.0,0.0,88.95,28.9,0,0,0,0,-13.57,-2.71,5.0,0.0,0
1789648943.8626852,2026-09-17T18:12:23.862685,-13.8,0.0,566846.0,0.0,88.95,28.9,0,0,0,0,-13.8,-2.71,5.0,0.0,0
1789648943.8827155,2026-09-17T18:12:23.882715,-13.87,0.0,566846.0,0.0,88.95,28.9,0,0,0,0,-13.87,-2.7,5.0,0.0,0
1789648943.9030697,2026-09-17T18:12:23.903070,-13.87,0.0,566846.0,0.0,88.95,28.9,0,0,0,0,-13.87,-2.7,5.0,0.0,0
1789648943.9231615,2026-09-17T18:12:23.923162,-13.87,0.0,566846.0,0.0,88.95,28.9,0,0,0,0,-13.87,-2.7,5.0,0.0,0
1789648943.9429023,2026-09-17T18:12:23.942902,-13.87,0.0,566846.0,0.0,88.95,28.9,0,0,0,0,-13.87,-2.7,5.0,0.0,0
1789648943.9630525,2026-09-17T18:12:23.963053,-13.94,0.0,566817.0,0.0,88.95,28.9,0,0,0,0,-13.94,-2.7,5.0,0.0,0
1789648943.982709,2026-09-17T18:12:23.982709,-14.24,0.0,566817.0,0.0,88.95,28.9,0,0,0,0,-14.24,-2.71,5.0,0.0,0
1789648944.0033991,2026-09-17T18:12:24.003399,-14.43,0.0,566817.0,0.0,89.03,28.9,0,0,0,0,-14.43,-2.7,5.0,0.0,0
1789648944.023404,2026-09-17T18:12:24.023404,-14.6,0.0,566817.0,0.0,88.95,28.9,0,0,0,0,-14.6,-2.69,5.0,0.0,0
1789648944.0434768,2026-09-17T18:12:24.043477,-14.77,0.0,566817.0,0.0,88.95,28.9,0,0,0,0,-14.77,-2.68,5.0,0.0,0
1789648944.0633864,2026-09-17T18:12:24.063386,-14.83,0.0,566817.0,0.0,88.95,28.9,0,0,0,0,-14.83,-2.68,5.0,0.0,0
1789648944.0832577,2026-09-17T18:12:24.083258,-14.83,0.0,566817.0,0.0,88.95,28.9,0,0,0,0,-14.83,-2.68,5.0,0.0,0
1789648944.1023448,2026-09-17T18:12:24.102345,-14.83,0.0,566817.0,0.0,88.95,28.9,0,0,0,0,-14.83,-2.68,5.0,0.0,0
1789648944.1234174,2026-09-17T18:12:24.123417,-14.83,0.0,566817.0,0.0,88.95,28.9,0,0,0,0,-14.83,-2.68,5.0,0.0,0
1789648944.1425512,2026-09-17T18:12:24.142551,-14.88,0.0,566860.0,0.0,88.95,28.9,0,0,0,0,-14.88,-2.68,5.0,0.0,0
1789648944.1627297,2026-09-17T18:12:24.162730,-15.05,0.0,566860.0,0.0,88.95,28.9,0,0,0,0,-15.05,-2.69,5.0,0.0,0
1789648944.1830795,2026-09-17T18:12:24.183079,-15.19,0.0,566860.0,0.0,88.95,28.9,0,0,0,0,-15.19,-2.69,5.0,0.0,0
1789648944.2034485,2026-09-17T18:12:24.203449,-15.32,0.0,566860.0,0.0,88.95,28.9,0,0,0,0,-15.32,-2.68,5.0,0.0,0
1789648944.2228365,2026-09-17T18:12:24.222836,-15.48,0.0,566860.0,0.0,89.03,28.9,0,0,0,0,-15.48,-2.67,5.0,0.0,0
1789648944.2429812,2026-09-17T18:12:24.242981,-15.52,0.0,566860.0,0.0,88.95,28.9,0,0,0,0,-15.52,-2.67,5.0,0.0,0
1789648944.262601,2026-09-17T18:12:24.262601,-15.52,0.0,566860.0,0.0,88.95,28.9,0,0,0,0,-15.52,-2.67,5.0,0.0,0
1789648944.2832077,2026-09-17T18:12:24.283208,-15.52,0.0,566860.0,0.0,88.95,28.9,0,0,0,0,-15.52,-2.67,5.0,0.0,0
1789648944.3031034,2026-09-17T18:12:24.303103,-15.52,0.0,566860.0,0.0,88.95,28.9,0,0,0,0,-15.52,-2.67,5.0,0.0,0
1789648944.3229415,2026-09-17T18:12:24.322942,-15.52,0.0,566860.0,0.0,88.95,28.9,0,0,0,0,-15.52,-2.67,5.0,0.0,0
1789648944.3432612,2026-09-17T18:12:24.343261,-15.65,0.0,566844.0,0.0,88.95,28.9,0,0,0,0,-15.65,-2.65,5.0,0.0,0
1789648944.3625834,2026-09-17T18:12:24.362583,-15.75,0.0,566844.0,0.0,89.03,28.9,0,0,0,0,-15.75,-2.64,5.0,0.0,0
1789648944.3824284,2026-09-17T18:12:24.382428,-15.86,0.0,566844.0,0.0,88.95,28.9,0,0,0,0,-15.86,-2.64,5.0,0.0,0
1789648944.4033122,2026-09-17T18:12:24.403312,-15.96,0.0,566844.0,0.0,88.95,28.9,0,0,0,0,-15.96,-2.64,5.0,0.0,0
1789648944.4230642,2026-09-17T18:12:24.423064,-16.03,0.0,566844.0,0.0,88.95,28.9,0,0,0,0,-16.03,-2.64,5.0,0.0,0
1789648944.4424736,2026-09-17T18:12:24.442474,-16.03,0.0,566844.0,0.0,88.95,28.9,0,0,0,0,-16.03,-2.64,5.0,0.0,0
1789648944.4633596,2026-09-17T18:12:24.463360,-16.03,0.0,566844.0,0.0,88.95,28.9,0,0,0,0,-16.03,-2.64,5.0,0.0,0
1789648944.4826062,2026-09-17T18:12:24.482606,-16.03,0.0,566844.0,0.0,88.95,28.9,0,0,0,0,-16.03,-2.64,5.0,0.0,0
1789648944.5030417,2026-09-17T18:12:24.503042,-16.03,0.0,566844.0,0.0,88.95,28.9,0,0,0,0,-16.03,-2.64,5.0,0.0,0
1789648944.5229726,2026-09-17T18:12:24.522973,-16.11,0.0,566785.0,0.0,88.95,28.9,0,0,0,0,-16.11,-2.64,5.0,0.0,0
1789648944.5429406,2026-09-17T18:12:24.542941,-16.19,0.0,566785.0,0.0,88.95,28.9,0,0,0,0,-16.19,-2.64,5.0,0.0,0
1789648944.5626411,2026-09-17T18:12:24.562641,-16.26,0.0,566785.0,0.0,88.95,28.9,0,0,0,0,-16.26,-2.63,5.0,0.0,0
1789648944.582828,2026-09-17T18:12:24.582828,-16.37,0.0,566785.0,0.0,89.03,28.9,0,0,0,0,-16.37,-2.63,5.0,0.0,0
1789648944.602506,2026-09-17T18:12:24.602506,-16.41,0.0,566785.0,0.0,88.95,28.9,0,0,0,0,-16.41,-2.63,5.0,0.0,0
1789648944.6226056,2026-09-17T18:12:24.622606,-16.41,0.0,566785.0,0.0,88.95,28.9,0,0,0,0,-16.41,-2.63,5.0,0.0,0
1789648944.6425276,2026-09-17T18:12:24.642528,-16.41,0.0,566785.0,0.0,88.95,28.9,0,0,0,0,-16.41,-2.63,5.0,0.0,0
1789648944.6624918,2026-09-17T18:12:24.662492,-16.41,0.0,566785.0,0.0,88.95,28.9,0,0,0,0,-16.41,-2.63,5.0,0.0,0
1789648944.6833453,2026-09-17T18:12:24.683345,-16.41,0.0,566785.0,0.0,88.95,28.9,0,0,0,0,-16.41,-2.63,5.0,0.0,0
1789648944.7034686,2026-09-17T18:12:24.703469,-16.47,0.0,566827.0,0.0,89.03,28.9,0,0,0,0,-16.47,-2.64,5.0,0.0,0
1789648944.7232432,2026-09-17T18:12:24.723243,-16.52,0.0,566827.0,0.0,88.95,28.9,0,0,0,0,-16.52,-2.64,5.0,0.0,0
1789648944.7432926,2026-09-17T18:12:24.743293,-16.57,0.0,566827.0,0.0,88.95,28.9,0,0,0,0,-16.57,-2.64,5.0,0.0,0
1789648944.7629795,2026-09-17T18:12:24.762980,-16.62,0.0,566827.0,0.0,88.95,28.9,0,0,0,0,-16.62,-2.63,5.0,0.0,0
1789648944.7828274,2026-09-17T18:12:24.782827,-16.67,0.0,566827.0,0.0,89.03,28.9,0,0,0,0,-16.67,-2.63,5.0,0.0,0
1789648944.8029644,2026-09-17T18:12:24.802964,-16.67,0.0,566827.0,0.0,89.03,28.9,0,0,0,0,-16.67,-2.63,5.0,0.0,0
1789648944.8235037,2026-09-17T18:12:24.823504,-16.67,0.0,566827.0,0.0,89.03,28.9,0,0,0,0,-16.67,-2.63,5.0,0.0,0
1789648944.8432138,2026-09-17T18:12:24.843214,-16.67,0.0,566827.0,0.0,89.03,28.9,0,0,0,0,-16.67,-2.63,5.0,0.0,0
1789648944.8629522,2026-09-17T18:12:24.862952,-16.67,0.0,566827.0,0.0,89.03,28.9,0,0,0,0,-16.67,-2.63,5.0,0.0,0
1789648944.8832293,2026-09-17T18:12:24.883229,-16.69,0.0,566884.0,0.0,88.95,28.9,0,0,0,0,-16.69,-2.62,5.0,0.0,0
1789648944.903314,2026-09-17T18:12:24.903314,-16.74,0.0,566884.0,0.0,88.95,28.9,0,0,0,0,-16.74,-2.62,5.0,0.0,0
1789648944.9233265,2026-09-17T18:12:24.923326,-16.79,0.0,566884.0,0.0,89.03,28.9,0,0,0,0,-16.79,-2.62,5.0,0.0,0
1789648944.9433448,2026-09-17T18:12:24.943345,-16.84,0.0,566884.0,0.0,89.03,28.9,0,0,0,0,-16.84,-2.62,5.0,0.0,0
1789648944.9627516,2026-09-17T18:12:24.962752,-16.88,0.0,566884.0,0.0,88.95,28.9,0,0,0,0,-16.88,-2.62,5.0,0.0,0
1789648944.9828892,2026-09-17T18:12:24.982889,-16.88,0.0,566884.0,0.0,88.95,28.9,0,0,0,0,-16.88,-2.62,5.0,0.0,0
1789648945.0034952,2026-09-17T18:12:25.003495,-16.88,0.0,566884.0,0.0,88.95,28.9,0,0,0,0,-16.88,-2.62,5.0,0.0,0
1789648945.0231707,2026-09-17T18:12:25.023171,-16.88,0.0,566884.0,0.0,88.95,28.9,0,0,0,0,-16.88,-2.62,5.0,0.0,0
1789648945.0431645,2026-09-17T18:12:25.043164,-16.88,0.0,566884.0,0.0,88.95,28.9,0,0,0,0,-16.88,-2.62,5.0,0.0,0
1789648945.0630696,2026-09-17T18:12:25.063070,-16.89,0.0,566844.0,0.0,88.95,28.9,0,0,0,0,-16.89,-2.61,5.0,0.0,0
1789648945.082634,2026-09-17T18:12:25.082634,-16.92,0.0,566844.0,0.0,88.95,28.9,0,0,0,0,-16.92,-2.61,5.0,0.0,0
1789648945.1031022,2026-09-17T18:12:25.103102,-16.95,0.0,566844.0,0.0,88.95,28.9,0,0,0,0,-16.95,-2.61,5.0,0.0,0
1789648945.1235178,2026-09-17T18:12:25.123518,-16.98,0.0,566844.0,0.0,88.95,28.9,0,0,0,0,-16.98,-2.62,5.0,0.0,0
1789648945.14236,2026-09-17T18:12:25.142360,-17.01,0.0,566844.0,0.0,88.95,28.9,0,0,0,0,-17.01,-2.62,5.0,0.0,0
1789648945.162783,2026-09-17T18:12:25.162783,-17.01,0.0,566844.0,0.0,88.95,28.9,0,0,0,0,-17.01,-2.62,5.0,0.0,0
1789648945.1827087,2026-09-17T18:12:25.182709,-17.01,0.0,566844.0,0.0,88.95,28.9,0,0,0,0,-17.01,-2.62,5.0,0.0,0
1789648945.202822,2026-09-17T18:12:25.202822,-17.01,0.0,566844.0,0.0,88.95,28.9,0,0,0,0,-17.01,-2.62,5.0,0.0,0
1789648945.222721,2026-09-17T18:12:25.222721,-17.01,0.0,566844.0,0.0,88.95,28.9,0,0,0,0,-17.01,-2.62,5.0,0.0,0
1789648945.2429268,2026-09-17T18:12:25.242927,-17.01,0.0,566840.0,0.0,88.95,28.9,0,0,0,0,-17.01,-2.62,5.0,0.0,0
1789648945.26275,2026-09-17T18:12:25.262750,-17.04,0.0,566840.0,0.0,88.95,28.9,0,0,0,0,-17.04,-2.63,5.0,0.0,0
1789648945.2836025,2026-09-17T18:12:25.283602,-17.07,0.0,566840.0,0.0,88.95,28.9,0,0,0,0,-17.07,-2.63,5.0,0.0,0
1789648945.3026168,2026-09-17T18:12:25.302617,-17.09,0.0,566840.0,0.0,88.95,28.9,0,0,0,0,-17.09,-2.62,5.0,0.0,0
1789648945.3230379,2026-09-17T18:12:25.323038,-17.12,0.0,566840.0,0.0,88.95,28.9,0,0,0,0,-17.12,-2.62,5.0,0.0,0
1789648945.342828,2026-09-17T18:12:25.342828,-17.12,0.0,566840.0,0.0,88.95,28.9,0,0,0,0,-17.12,-2.63,5.0,0.0,0
1789648945.3629143,2026-09-17T18:12:25.362914,-17.12,0.0,566840.0,0.0,88.95,28.9,0,0,0,0,-17.12,-2.63,5.0,0.0,0
1789648945.382795,2026-09-17T18:12:25.382795,-17.12,0.0,566840.0,0.0,88.95,28.9,0,0,0,0,-17.12,-2.63,5.0,0.0,0
1789648945.402584,2026-09-17T18:12:25.402584,-17.12,0.0,566840.0,0.0,88.95,28.9,0,0,0,0,-17.12,-2.63,5.0,0.0,0
1789648945.4235635,2026-09-17T18:12:25.423563,-17.13,0.0,566822.0,0.0,88.95,28.9,0,0,0,0,-17.13,-2.62,5.0,0.0,0
1789648945.443005,2026-09-17T18:12:25.443005,-17.15,0.0,566822.0,0.0,88.95,28.9,0,0,0,0,-17.15,-2.61,5.0,0.0,0
1789648945.4631643,2026-09-17T18:12:25.463164,-17.15,0.0,566822.0,0.0,88.95,28.9,0,0,0,0,-17.15,-2.6,5.0,0.0,0
1789648945.4831772,2026-09-17T18:12:25.483177,-17.18,0.0,566822.0,0.0,88.95,28.9,0,0,0,0,-17.18,-2.6,5.0,0.0,0
1789648945.5026312,2026-09-17T18:12:25.502631,-17.19,0.0,566822.0,0.0,88.95,28.9,0,0,0,0,-17.19,-2.61,5.0,0.0,0
1789648945.5236347,2026-09-17T18:12:25.523635,-17.2,0.0,566822.0,0.0,88.95,28.9,0,0,0,0,-17.2,-2.61,5.0,0.0,0
1789648945.5431824,2026-09-17T18:12:25.543182,-17.2,0.0,566822.0,0.0,88.95,28.9,0,0,0,0,-17.2,-2.61,5.0,0.0,0
1789648945.5634181,2026-09-17T18:12:25.563418,-17.2,0.0,566822.0,0.0,88.95,28.9,0,0,0,0,-17.2,-2.61,5.0,0.0,0
1789648945.5831378,2026-09-17T18:12:25.583138,-17.2,0.0,566822.0,0.0,88.95,28.9,0,0,0,0,-17.2,-2.61,5.0,0.0,0
1789648945.6030524,2026-09-17T18:12:25.603052,-17.2,0.0,566822.0,0.0,88.95,28.9,0,0,0,0,-17.2,-2.61,5.0,0.0,0
1789648945.6227734,2026-09-17T18:12:25.622773,-17.22,0.0,566834.0,0.0,88.95,28.9,0,0,0,0,-17.22,-2.61,5.0,0.0,0
1789648945.6432087,2026-09-17T18:12:25.643209,-17.23,0.0,566834.0,0.0,88.95,28.9,0,0,0,0,-17.23,-2.62,5.0,0.0,0
1789648945.6630237,2026-09-17T18:12:25.663024,-17.24,0.0,566834.0,0.0,88.95,28.9,0,0,0,0,-17.24,-2.61,5.0,0.0,0
1789648945.6828978,2026-09-17T18:12:25.682898,-17.26,0.0,566834.0,0.0,88.95,28.9,0,0,0,0,-17.26,-2.61,5.0,0.0,0
1789648945.7036426,2026-09-17T18:12:25.703643,-17.26,0.0,566834.0,0.0,88.95,28.9,0,0,0,0,-17.26,-2.61,5.0,0.0,0
1789648945.7236207,2026-09-17T18:12:25.723621,-17.26,0.0,566834.0,0.0,88.95,28.9,0,0,0,0,-17.26,-2.61,5.0,0.0,0
1789648945.7434828,2026-09-17T18:12:25.743483,-17.26,0.0,566834.0,0.0,88.95,28.9,0,0,0,0,-17.26,-2.61,5.0,0.0,0
1789648945.7630126,2026-09-17T18:12:25.763013,-17.26,0.0,566834.0,0.0,88.95,28.9,0,0,0,0,-17.26,-2.61,5.0,0.0,0
1789648945.783609,2026-09-17T18:12:25.783609,-17.26,0.0,566834.0,0.0,88.95,28.9,0,0,0,0,-17.26,-2.61,5.0,0.0,0
1789648945.8023481,2026-09-17T18:12:25.802348,-17.27,0.0,566834.0,0.0,88.95,28.9,0,0,0,0,-17.27,-2.61,5.0,0.0,0
1789648945.8233948,2026-09-17T18:12:25.823395,-17.28,0.0,566834.0,0.0,88.95,28.9,0,0,0,0,-17.28,-2.61,5.0,0.0,0
1789648945.8424935,2026-09-17T18:12:25.842494,-17.29,0.0,566834.0,0.0,88.95,28.9,0,0,0,0,-17.29,-2.61,5.0,0.0,0
1789648945.8628588,2026-09-17T18:12:25.862859,-17.3,0.0,566834.0,0.0,88.95,28.9,0,0,0,0,-17.3,-2.61,5.0,0.0,0
1789648945.8835282,2026-09-17T18:12:25.883528,-17.31,0.0,566834.0,0.0,88.95,28.9,0,0,0,0,-17.31,-2.61,5.0,0.0,0
1789648945.9035573,2026-09-17T18:12:25.903557,-17.31,0.0,566834.0,0.0,88.95,28.9,0,0,0,0,-17.31,-2.61,5.0,0.0,0
1789648945.9226437,2026-09-17T18:12:25.922644,-17.31,0.0,566834.0,0.0,88.95,28.9,0,0,0,0,-17.31,-2.61,5.0,0.0,0
1789648945.9428341,2026-09-17T18:12:25.942834,-17.31,0.0,566834.0,0.0,88.95,28.9,0,0,0,0,-17.31,-2.61,5.0,0.0,0
1789648945.9629207,2026-09-17T18:12:25.962921,-17.31,0.0,566834.0,0.0,88.95,28.9,0,0,0,0,-17.31,-2.61,5.0,0.0,0
1789648945.983936,2026-09-17T18:12:25.983936,-17.31,0.0,566815.0,0.0,88.95,28.9,0,0,0,0,-17.31,-2.6,5.0,0.0,0
1789648946.0033216,2026-09-17T18:12:26.003322,-17.32,0.0,566815.0,0.0,88.95,28.9,0,0,0,0,-17.32,-2.6,5.0,0.0,0
1789648946.0226011,2026-09-17T18:12:26.022601,-17.33,0.0,566815.0,0.0,88.95,28.9,0,0,0,0,-17.33,-2.6,5.0,0.0,0
1789648946.0425622,2026-09-17T18:12:26.042562,-17.34,0.0,566815.0,0.0,88.95,28.9,0,0,0,0,-17.34,-2.6,5.0,0.0,0
1789648946.0624316,2026-09-17T18:12:26.062432,-17.34,0.0,566815.0,0.0,88.95,28.9,0,0,0,0,-17.34,-2.6,5.0,0.0,0
1789648946.0830908,2026-09-17T18:12:26.083091,-17.34,0.0,566815.0,0.0,88.95,28.9,0,0,0,0,-17.34,-2.6,5.0,0.0,0
1789648946.1028545,2026-09-17T18:12:26.102854,-17.34,0.0,566815.0,0.0,88.95,28.9,0,0,0,0,-17.34,-2.6,5.0,0.0,0
1789648946.122783,2026-09-17T18:12:26.122783,-17.34,0.0,566815.0,0.0,88.95,28.9,0,0,0,0,-17.34,-2.6,5.0,0.0,0
1789648946.1433425,2026-09-17T18:12:26.143342,-17.34,0.0,566815.0,0.0,88.95,28.9,0,0,0,0,-17.34,-2.6,5.0,0.0,0
1789648946.1633832,2026-09-17T18:12:26.163383,-17.35,0.0,566795.0,0.0,88.95,28.9,0,0,0,0,-17.35,-2.61,5.0,0.0,0
1789648946.183004,2026-09-17T18:12:26.183004,-17.35,0.0,566795.0,0.0,89.03,28.9,0,0,0,0,-17.35,-2.61,5.0,0.0,0
1789648946.202819,2026-09-17T18:12:26.202819,-17.35,0.0,566795.0,0.0,89.03,28.9,0,0,0,0,-17.35,-2.62,5.0,0.0,0
1789648946.2230268,2026-09-17T18:12:26.223027,-17.35,0.0,566795.0,0.0,88.95,28.9,0,0,0,0,-17.35,-2.62,5.0,0.0,0
1789648946.2424777,2026-09-17T18:12:26.242478,-17.35,0.0,566795.0,0.0,88.95,28.9,0,0,0,0,-17.35,-2.61,5.0,0.0,0
1789648946.2629163,2026-09-17T18:12:26.262916,-17.35,0.0,566795.0,0.0,88.95,28.9,0,0,0,0,-17.35,-2.61,5.0,0.0,0
1789648946.2828135,2026-09-17T18:12:26.282814,-17.35,0.0,566795.0,0.0,88.95,28.9,0,0,0,0,-17.35,-2.61,5.0,0.0,0
1789648946.303721,2026-09-17T18:12:26.303721,-17.35,0.0,566795.0,0.0,88.95,28.9,0,0,0,0,-17.35,-2.61,5.0,0.0,0
1789648946.323062,2026-09-17T18:12:26.323062,-17.35,0.0,566795.0,0.0,88.95,28.9,0,0,0,0,-17.35,-2.61,5.0,0.0,0
1789648946.3431087,2026-09-17T18:12:26.343109,-17.35,0.0,566827.0,0.0,88.95,28.9,0,0,0,0,-17.35,-2.61,5.0,0.0,0
1789648946.362523,2026-09-17T18:12:26.362523,-17.36,0.0,566827.0,0.0,88.95,28.9,0,0,0,0,-17.36,-2.62,5.0,0.0,0
1789648946.3833833,2026-09-17T18:12:26.383383,-17.36,0.0,566827.0,0.0,88.95,28.9,0,0,0,0,-17.36,-2.62,5.0,0.0,0
1789648946.4032154,2026-09-17T18:12:26.403215,-17.36,0.0,566827.0,0.0,88.95,28.9,0,0,0,0,-17.36,-2.61,5.0,0.0,0
1789648946.4230268,2026-09-17T18:12:26.423027,-17.37,0.0,566827.0,0.0,88.95,28.9,0,0,0,0,-17.37,-2.62,5.0,0.0,0
1789648946.442873,2026-09-17T18:12:26.442873,-17.37,0.0,566827.0,0.0,88.95,28.9,0,0,0,0,-17.37,-2.62,5.0,0.0,0
1789648946.4627278,2026-09-17T18:12:26.462728,-17.37,0.0,566827.0,0.0,88.95,28.9,0,0,0,0,-17.37,-2.62,5.0,0.0,0
1789648946.482475,2026-09-17T18:12:26.482475,-17.37,0.0,566827.0,0.0,88.95,28.9,0,0,0,0,-17.37,-2.62,5.0,0.0,0
1789648946.5033162,2026-09-17T18:12:26.503316,-17.37,0.0,566827.0,0.0,88.95,28.9,0,0,0,0,-17.37,-2.62,5.0,0.0,0
1789648946.5227492,2026-09-17T18:12:26.522749,-17.38,0.0,566798.0,0.0,88.95,28.9,0,0,0,0,-17.38,-2.62,5.0,0.0,0
1789648946.5433967,2026-09-17T18:12:26.543397,-17.38,0.0,566798.0,0.0,88.95,28.9,0,0,0,0,-17.38,-2.63,5.0,0.0,0
1789648946.562596,2026-09-17T18:12:26.562596,-17.38,0.0,566798.0,0.0,88.95,28.9,0,0,0,0,-17.38,-2.63,5.0,0.0,0
1789648946.5827563,2026-09-17T18:12:26.582756,-17.39,0.0,566798.0,0.0,88.95,28.9,0,0,0,0,-17.39,-2.63,5.0,0.0,0
1789648946.6035607,2026-09-17T18:12:26.603561,-17.39,0.0,566798.0,0.0,88.95,28.9,0,0,0,0,-17.39,-2.63,5.0,0.0,0
1789648946.6237066,2026-09-17T18:12:26.623707,-17.39,0.0,566798.0,0.0,88.95,28.9,0,0,0,0,-17.39,-2.63,5.0,0.0,0
1789648946.643288,2026-09-17T18:12:26.643288,-17.39,0.0,566798.0,0.0,88.95,28.9,0,0,0,0,-17.39,-2.63,5.0,0.0,0
1789648946.6630294,2026-09-17T18:12:26.663029,-17.39,0.0,566798.0,0.0,88.95,28.9,0,0,0,0,-17.39,-2.63,5.0,0.0,0
1789648946.6832132,2026-09-17T18:12:26.683213,-17.39,0.0,566798.0,0.0,88.95,28.9,0,0,0,0,-17.39,-2.63,5.0,0.0,0
1789648946.7028084,2026-09-17T18:12:26.702808,-17.39,0.0,566798.0,0.0,88.95,28.9,0,0,0,0,-17.39,-2.63,5.0,0.0,0
1789648946.7236364,2026-09-17T18:12:26.723636,-17.39,0.0,566854.0,0.0,88.95,28.9,0,0,0,0,-17.39,-2.62,5.0,0.0,0
1789648946.743177,2026-09-17T18:12:26.743177,-17.39,0.0,566854.0,0.0,88.95,28.9,0,0,0,0,-17.39,-2.62,5.0,0.0,0
1789648946.7629023,2026-09-17T18:12:26.762902,-17.39,0.0,566854.0,0.0,88.95,28.9,0,0,0,0,-17.39,-2.62,5.0,0.0,0
1789648946.7834828,2026-09-17T18:12:26.783483,-17.4,0.0,566854.0,0.0,88.95,28.9,0,0,0,0,-17.4,-2.62,5.0,0.0,0
1789648946.802966,2026-09-17T18:12:26.802966,-17.4,0.0,566854.0,0.0,88.95,28.9,0,0,0,0,-17.4,-2.62,5.0,0.0,0
1789648946.823888,2026-09-17T18:12:26.823888,-17.4,0.0,566854.0,0.0,88.95,28.9,0,0,0,0,-17.4,-2.62,5.0,0.0,0
1789648946.8434515,2026-09-17T18:12:26.843451,-17.4,0.0,566854.0,0.0,88.95,28.9,0,0,0,0,-17.4,-2.62,5.0,0.0,0
1789648946.8626063,2026-09-17T18:12:26.862606,-17.4,0.0,566854.0,0.0,88.95,28.9,0,0,0,0,-17.4,-2.62,5.0,0.0,0
1789648946.8834,2026-09-17T18:12:26.883400,-17.4,0.0,566854.0,0.0,88.95,28.9,0,0,0,0,-17.4,-2.62,5.0,0.0,0
1789648946.9034107,2026-09-17T18:12:26.903411,-17.41,0.0,566817.0,0.0,88.95,28.9,0,0,0,0,-17.41,-2.63,5.0,0.0,0
1789648946.9227676,2026-09-17T18:12:26.922768,-17.41,0.0,566817.0,0.0,88.95,28.9,0,0,0,0,-17.41,-2.63,5.0,0.0,0
1789648946.9431877,2026-09-17T18:12:26.943188,-17.41,0.0,566817.0,0.0,88.95,28.9,0,0,0,0,-17.41,-2.63,5.0,0.0,0
1789648946.9627178,2026-09-17T18:12:26.962718,-17.41,0.0,566817.0,0.0,88.95,28.9,0,0,0,0,-17.41,-2.63,5.0,0.0,0
1789648946.9827266,2026-09-17T18:12:26.982727,-17.41,0.0,566817.0,0.0,88.95,28.9,0,0,0,0,-17.41,-2.63,5.0,0.0,0
1789648947.0034368,2026-09-17T18:12:27.003437,-17.41,0.0,566817.0,0.0,88.95,28.9,0,0,0,0,-17.41,-2.63,5.0,0.0,0
1789648947.0236301,2026-09-17T18:12:27.023630,-17.41,0.0,566817.0,0.0,88.95,28.9,0,0,0,0,-17.41,-2.63,5.0,0.0,0
1789648947.0433888,2026-09-17T18:12:27.043389,-17.41,0.0,566817.0,0.0,88.95,28.9,0,0,0,0,-17.41,-2.63,5.0,0.0,0
1789648947.0627372,2026-09-17T18:12:27.062737,-17.41,0.0,566817.0,0.0,88.95,28.9,0,0,0,0,-17.41,-2.63,5.0,0.0,0
1789648947.0836504,2026-09-17T18:12:27.083650,-17.4,0.0,566837.0,0.0,88.95,28.9,0,0,0,0,-17.4,-2.62,5.0,0.0,0
1789648947.1033933,2026-09-17T18:12:27.103393,-17.4,0.0,566837.0,0.0,88.95,28.9,0,0,0,0,-17.4,-2.63,5.0,0.0,0
1789648947.1234102,2026-09-17T18:12:27.123410,-17.4,0.0,566837.0,0.0,88.95,28.9,0,0,0,0,-17.4,-2.62,5.0,0.0,0
1789648947.1426654,2026-09-17T18:12:27.142665,-17.4,0.0,566837.0,0.0,88.95,28.9,0,0,0,0,-17.4,-2.62,5.0,0.0,0
1789648947.1627202,2026-09-17T18:12:27.162720,-17.4,0.0,566837.0,0.0,88.95,28.9,0,0,0,0,-17.4,-2.62,5.0,0.0,0
1789648947.1829505,2026-09-17T18:12:27.182950,-17.4,0.0,566837.0,0.0,88.95,28.9,0,0,0,0,-17.4,-2.62,5.0,0.0,0
1789648947.2031267,2026-09-17T18:12:27.203127,-17.4,0.0,566837.0,0.0,88.95,28.9,0,0,0,0,-17.4,-2.62,5.0,0.0,0
1789648947.2228658,2026-09-17T18:12:27.222866,-17.4,0.0,566837.0,0.0,88.95,28.9,0,0,0,0,-17.4,-2.62,5.0,0.0,0
1789648947.24312,2026-09-17T18:12:27.243120,-17.4,0.0,566837.0,0.0,88.95,28.9,0,0,0,0,-17.4,-2.62,5.0,0.0,0
1789648947.262504,2026-09-17T18:12:27.262504,-17.4,0.0,566838.0,0.0,89.03,28.9,0,0,0,0,-17.4,-2.61,5.0,0.0,0
1789648947.2831094,2026-09-17T18:12:27.283109,-17.4,0.0,566838.0,0.0,88.95,28.9,0,0,0,0,-17.4,-2.61,5.0,0.0,0
1789648947.3036044,2026-09-17T18:12:27.303604,-17.4,0.0,566838.0,0.0,88.95,28.9,0,0,0,0,-17.4,-2.61,5.0,0.0,0
1789648947.3238058,2026-09-17T18:12:27.323806,-17.4,0.0,566838.0,0.0,88.95,28.9,0,0,0,0,-17.4,-2.61,5.0,0.0,0
1789648947.3435736,2026-09-17T18:12:27.343574,-17.4,0.0,566838.0,0.0,88.95,28.9,0,0,0,0,-17.4,-2.62,5.0,0.0,0
1789648947.3634956,2026-09-17T18:12:27.363496,-17.4,0.0,566838.0,0.0,88.95,28.9,0,0,0,0,-17.4,-2.62,5.0,0.0,0
1789648947.383168,2026-09-17T18:12:27.383168,-17.4,0.0,566838.0,0.0,88.95,28.9,0,0,0,0,-17.4,-2.62,5.0,0.0,0
1789648947.4027078,2026-09-17T18:12:27.402708,-17.4,0.0,566838.0,0.0,88.95,28.9,0,0,0,0,-17.4,-2.62,5.0,0.0,0
1789648947.423371,2026-09-17T18:12:27.423371,-17.4,0.0,566838.0,0.0,88.95,28.9,0,0,0,0,-17.4,-2.62,5.0,0.0,0
1789648947.44318,2026-09-17T18:12:27.443180,-17.39,0.0,566863.0,0.0,88.95,28.9,0,0,0,0,-17.39,-2.61,5.0,0.0,0
1789648947.4630358,2026-09-17T18:12:27.463036,-17.39,0.0,566863.0,0.0,89.03,28.9,0,0,0,0,-17.39,-2.61,5.0,0.0,0
1789648947.4826999,2026-09-17T18:12:27.482700,-17.4,0.0,566863.0,0.0,88.95,28.9,0,0,0,0,-17.4,-2.61,5.0,0.0,0
1789648947.5035071,2026-09-17T18:12:27.503507,-17.4,0.0,566863.0,0.0,88.95,28.9,0,0,0,0,-17.4,-2.61,5.0,0.0,0
1789648947.5236626,2026-09-17T18:12:27.523663,-17.4,0.0,566863.0,0.0,88.95,28.9,0,0,0,0,-17.4,-2.61,5.0,0.0,0
1789648947.543186,2026-09-17T18:12:27.543186,-17.4,0.0,566863.0,0.0,88.95,28.9,0,0,0,0,-17.4,-2.61,5.0,0.0,0
1789648947.5785294,2026-09-17T18:12:27.578529,-17.4,0.0,566863.0,0.0,88.95,28.9,0,0,0,0,-17.4,-2.61,5.0,0.0,0
1789648947.5827887,2026-09-17T18:12:27.582789,-17.4,0.0,566863.0,0.0,88.95,28.9,0,0,0,0,-17.4,-2.61,5.0,0.0,0
1789648947.602759,2026-09-17T18:12:27.602759,-17.4,0.0,566863.0,0.0,88.95,28.9,0,0,0,0,-17.4,-2.61,5.0,0.0,0
1789648947.6228223,2026-09-17T18:12:27.622822,-17.4,0.0,566796.0,0.0,88.95,28.9,0,0,0,0,-17.4,-2.61,5.0,0.0,0
1789648947.6425354,2026-09-17T18:12:27.642535,-17.41,0.0,566796.0,0.0,88.95,28.9,0,0,0,0,-17.41,-2.61,5.0,0.0,0
1789648947.6632822,2026-09-17T18:12:27.663282,-17.41,0.0,566796.0,0.0,88.95,28.9,0,0,0,0,-17.41,-2.6,5.0,0.0,0
1789648947.6833966,2026-09-17T18:12:27.683397,-17.42,0.0,566796.0,0.0,88.95,28.9,0,0,0,0,-17.42,-2.6,5.0,0.0,0
1789648947.7030995,2026-09-17T18:12:27.703099,-17.42,0.0,566796.0,0.0,88.95,28.9,0,0,0,0,-17.42,-2.6,5.0,0.0,0
1789648947.7231488,2026-09-17T18:12:27.723149,-17.42,0.0,566796.0,0.0,88.95,28.9,0,0,0,0,-17.42,-2.6,5.0,0.0,0
1789648947.7429876,2026-09-17T18:12:27.742988,-17.42,0.0,566796.0,0.0,88.95,28.9,0,0,0,0,-17.42,-2.6,5.0,0.0,0
1789648947.762849,2026-09-17T18:12:27.762849,-17.42,0.0,566796.0,0.0,88.95,28.9,0,0,0,0,-17.42,-2.6,5.0,0.0,0
1789648947.783584,2026-09-17T18:12:27.783584,-17.42,0.0,566796.0,0.0,88.95,28.9,0,0,0,0,-17.42,-2.6,5.0,0.0,0
1789648947.8034282,2026-09-17T18:12:27.803428,-17.42,0.0,566844.0,0.0,88.95,28.9,0,0,0,0,-17.42,-2.6,5.0,0.0,0
1789648947.823055,2026-09-17T18:12:27.823055,-17.42,0.0,566844.0,0.0,88.95,28.9,0,0,0,0,-17.42,-2.61,5.0,0.0,0
1789648947.8432467,2026-09-17T18:12:27.843247,-17.43,0.0,566844.0,0.0,88.95,28.9,0,0,0,0,-17.43,-2.61,5.0,0.0,0
1789648947.863011,2026-09-17T18:12:27.863011,-17.42,0.0,566844.0,0.0,88.95,28.9,0,0,0,0,-17.42,-2.61,5.0,0.0,0
1789648947.883492,2026-09-17T18:12:27.883492,-17.43,0.0,566844.0,0.0,88.95,28.9,0,0,0,0,-17.43,-2.61,5.0,0.0,0
1789648947.902591,2026-09-17T18:12:27.902591,-17.43,0.0,566844.0,0.0,88.95,28.9,0,0,0,0,-17.43,-2.61,5.0,0.0,0
1789648947.9230666,2026-09-17T18:12:27.923067,-17.43,0.0,566844.0,0.0,88.95,28.9,0,0,0,0,-17.43,-2.61,5.0,0.0,0
1789648947.9431667,2026-09-17T18:12:27.943167,-17.43,0.0,566844.0,0.0,88.95,28.9,0,0,0,0,-17.43,-2.61,5.0,0.0,0
1789648947.96313,2026-09-17T18:12:27.963130,-17.43,0.0,566844.0,0.0,88.95,28.9,0,0,0,0,-17.43,-2.61,5.0,0.0,0
1789648947.9828675,2026-09-17T18:12:27.982867,-17.43,0.0,566844.0,0.0,88.95,28.9,0,0,0,0,-17.43,-2.61,5.0,0.0,0
1789648948.0029242,2026-09-17T18:12:28.002924,-17.42,0.0,566854.0,0.0,88.95,28.9,0,0,0,0,-17.42,-2.61,5.0,0.0,0
1789648948.0233564,2026-09-17T18:12:28.023356,-17.42,0.0,566854.0,0.0,88.95,28.9,0,0,0,0,-17.42,-2.6,5.0,0.0,0
1789648948.0426283,2026-09-17T18:12:28.042628,-17.42,0.0,566854.0,0.0,88.95,28.9,0,0,0,0,-17.42,-2.6,5.0,0.0,0
1789648948.0633168,2026-09-17T18:12:28.063317,-17.41,0.0,566854.0,0.0,89.03,28.9,0,0,0,0,-17.41,-2.6,5.0,0.0,0
1789648948.0830345,2026-09-17T18:12:28.083035,-17.41,0.0,566854.0,0.0,88.95,28.9,0,0,0,0,-17.41,-2.6,5.0,0.0,0
1789648948.1030262,2026-09-17T18:12:28.103026,-17.41,0.0,566854.0,0.0,88.95,28.9,0,0,0,0,-17.41,-2.6,5.0,0.0,0
1789648948.1227338,2026-09-17T18:12:28.122734,-17.41,0.0,566854.0,0.0,88.95,28.9,0,0,0,0,-17.41,-2.6,5.0,0.0,0
1789648948.1438322,2026-09-17T18:12:28.143832,-17.41,0.0,566854.0,0.0,88.95,28.9,0,0,0,0,-17.41,-2.6,5.0,0.0,0
1789648948.1627066,2026-09-17T18:12:28.162707,-17.41,0.0,566854.0,0.0,88.95,28.9,0,0,0,0,-17.41,-2.6,5.0,0.0,0
1789648948.182932,2026-09-17T18:12:28.182932,-17.41,0.0,566870.0,0.0,88.95,28.9,0,0,0,0,-17.41,-2.61,5.0,0.0,0
1789648948.2030568,2026-09-17T18:12:28.203057,-17.42,0.0,566870.0,0.0,88.95,28.9,0,0,0,0,-17.42,-2.61,5.0,0.0,0
1789648948.2228057,2026-09-17T18:12:28.222806,-17.42,0.0,566870.0,0.0,88.95,28.9,0,0,0,0,-17.42,-2.61,5.0,0.0,0
1789648948.2426374,2026-09-17T18:12:28.242637,-17.42,0.0,566870.0,0.0,88.95,28.9,0,0,0,0,-17.42,-2.61,5.0,0.0,0
1789648948.2624025,2026-09-17T18:12:28.262403,-17.43,0.0,566870.0,0.0,88.95,28.9,0,0,0,0,-17.43,-2.61,5.0,0.0,0
1789648948.2835371,2026-09-17T18:12:28.283537,-17.43,0.0,566870.0,0.0,88.95,28.9,0,0,0,0,-17.43,-2.61,5.0,0.0,0
1789648948.302958,2026-09-17T18:12:28.302958,-17.43,0.0,566870.0,0.0,88.95,28.9,0,0,0,0,-17.43,-2.61,5.0,0.0,0
1789648948.3226135,2026-09-17T18:12:28.322613,-17.43,0.0,566870.0,0.0,88.95,28.9,0,0,0,0,-17.43,-2.61,5.0,0.0,0
1789648948.3435323,2026-09-17T18:12:28.343532,-17.43,0.0,566870.0,0.0,88.95,28.9,0,0,0,0,-17.43,-2.61,5.0,0.0,0
1789648948.3626325,2026-09-17T18:12:28.362633,-17.42,0.0,566863.0,0.0,88.95,28.9,0,0,0,0,-17.42,-2.59,5.0,0.0,0
1789648948.3835988,2026-09-17T18:12:28.383599,-17.42,0.0,566863.0,0.0,88.95,28.9,0,0,0,0,-17.42,-2.58,5.0,0.0,0
1789648948.4033072,2026-09-17T18:12:28.403307,-17.43,0.0,566863.0,0.0,88.95,28.9,0,0,0,0,-17.43,-2.6,5.0,0.0,0
1789648948.423199,2026-09-17T18:12:28.423199,-17.42,0.0,566863.0,0.0,88.95,28.9,0,0,0,0,-17.42,-2.6,5.0,0.0,0
1789648948.4430184,2026-09-17T18:12:28.443018,-17.42,0.0,566863.0,0.0,88.95,28.9,0,0,0,0,-17.42,-2.59,5.0,0.0,0
1789648948.4628072,2026-09-17T18:12:28.462807,-17.42,0.0,566863.0,0.0,88.95,28.9,0,0,0,0,-17.42,-2.59,5.0,0.0,0
1789648948.4828224,2026-09-17T18:12:28.482822,-17.42,0.0,566863.0,0.0,88.95,28.9,0,0,0,0,-17.42,-2.59,5.0,0.0,0
1789648948.5032306,2026-09-17T18:12:28.503231,-17.42,0.0,566863.0,0.0,88.95,28.9,0,0,0,0,-17.42,-2.59,5.0,0.0,0
1789648948.5234566,2026-09-17T18:12:28.523457,-17.42,0.0,566863.0,0.0,88.95,28.9,0,0,0,0,-17.42,-2.59,5.0,0.0,0
1789648948.5431008,2026-09-17T18:12:28.543101,-17.43,0.0,566876.0,0.0,88.95,28.9,0,0,0,0,-17.43,-2.61,5.0,0.0,0
1789648948.5630057,2026-09-17T18:12:28.563006,-17.43,0.0,566876.0,0.0,88.95,28.9,0,0,0,0,-17.43,-2.61,5.0,0.0,0
1789648948.5829096,2026-09-17T18:12:28.582910,-17.42,0.0,566876.0,0.0,88.95,28.9,0,0,0,0,-17.42,-2.6,5.0,0.0,0
1789648948.6027753,2026-09-17T18:12:28.602775,-17.43,0.0,566876.0,0.0,88.95,28.9,0,0,0,0,-17.43,-2.59,5.0,0.0,0
1789648948.6225708,2026-09-17T18:12:28.622571,-17.44,0.0,566876.0,0.0,88.95,28.9,0,0,0,0,-17.44,-2.6,5.0,0.0,0
1789648948.6434474,2026-09-17T18:12:28.643447,-17.44,0.0,566876.0,0.0,88.95,28.9,0,0,0,0,-17.44,-2.6,5.0,0.0,0
1789648948.662952,2026-09-17T18:12:28.662952,-17.44,0.0,566876.0,0.0,88.95,28.9,0,0,0,0,-17.44,-2.6,5.0,0.0,0
1789648948.683125,2026-09-17T18:12:28.683125,-17.44,0.0,566876.0,0.0,88.95,28.9,0,0,0,0,-17.44,-2.6,5.0,0.0,0
1789648948.7030406,2026-09-17T18:12:28.703041,-17.44,0.0,566876.0,0.0,88.95,28.9,0,0,0,0,-17.44,-2.6,5.0,0.0,0
1789648948.72279,2026-09-17T18:12:28.722790,-17.43,0.0,566841.0,0.0,88.95,28.9,0,0,0,0,-17.43,-2.6,5.0,0.0,0
1789648948.743716,2026-09-17T18:12:28.743716,-17.42,0.0,566841.0,0.0,88.95,28.9,0,0,0,0,-17.42,-2.58,5.0,0.0,0
1789648948.7624598,2026-09-17T18:12:28.762460,-17.43,0.0,566841.0,0.0,88.95,28.9,0,0,0,0,-17.43,-2.59,5.0,0.0,0
1789648948.783374,2026-09-17T18:12:28.783374,-17.43,0.0,566841.0,0.0,88.95,28.9,0,0,0,0,-17.43,-2.59,5.0,0.0,0
1789648948.8032024,2026-09-17T18:12:28.803202,-17.42,0.0,566841.0,0.0,88.95,28.9,0,0,0,0,-17.42,-2.58,5.0,0.0,0
1789648948.8226712,2026-09-17T18:12:28.822671,-17.42,0.0,566841.0,0.0,88.95,28.9,0,0,0,0,-17.42,-2.58,5.0,0.0,0
1789648948.8435059,2026-09-17T18:12:28.843506,-17.42,0.0,566841.0,0.0,88.95,28.9,0,0,0,0,-17.42,-2.58,5.0,0.0,0
1789648948.863273,2026-09-17T18:12:28.863273,-17.42,0.0,566841.0,0.0,88.95,28.9,0,0,0,0,-17.42,-2.58,5.0,0.0,0
1789648948.883149,2026-09-17T18:12:28.883149,-17.42,0.0,566841.0,0.0,88.95,28.9,0,0,0,0,-17.42,-2.58,5.0,0.0,0
1789648948.9028313,2026-09-17T18:12:28.902831,-17.42,0.0,566854.0,0.0,88.95,28.9,0,0,0,0,-17.42,-2.58,5.0,0.0,0
1789648948.923131,2026-09-17T18:12:28.923131,-17.43,0.0,566854.0,0.0,88.95,28.9,0,0,0,0,-17.43,-2.58,5.0,0.0,0
1789648948.9431112,2026-09-17T18:12:28.943111,-17.43,0.0,566854.0,0.0,88.95,28.9,0,0,0,0,-17.43,-2.59,5.0,0.0,0
1789648948.962911,2026-09-17T18:12:28.962911,-17.43,0.0,566854.0,0.0,88.95,28.9,0,0,0,0,-17.43,-2.58,5.0,0.0,0
1789648948.982397,2026-09-17T18:12:28.982397,-17.43,0.0,566854.0,0.0,88.95,28.9,0,0,0,0,-17.43,-2.59,5.0,0.0,0
1789648949.0037103,2026-09-17T18:12:29.003710,-17.43,0.0,566854.0,0.0,88.95,28.9,0,0,0,0,-17.43,-2.58,5.0,0.0,0
1789648949.0235398,2026-09-17T18:12:29.023540,-17.43,0.0,566854.0,0.0,88.95,28.9,0,0,0,0,-17.43,-2.58,5.0,0.0,0
1789648949.0432394,2026-09-17T18:12:29.043239,-17.43,0.0,566854.0,0.0,88.95,28.9,0,0,0,0,-17.43,-2.58,5.0,0.0,0
1789648949.0632274,2026-09-17T18:12:29.063227,-17.43,0.0,566854.0,0.0,88.95,28.9,0,0,0,0,-17.43,-2.58,5.0,0.0,0
1789648949.0828514,2026-09-17T18:12:29.082851,-17.43,0.0,566854.0,0.0,88.95,28.9,0,0,0,0,-17.43,-2.58,5.0,0.0,0
1789648949.1035254,2026-09-17T18:12:29.103525,-17.43,0.0,566809.0,0.0,88.95,28.9,0,0,0,0,-17.43,-2.58,5.0,0.0,0
1789648949.1233618,2026-09-17T18:12:29.123362,-17.43,0.0,566809.0,0.0,88.95,28.9,0,0,0,0,-17.43,-2.58,5.0,0.0,0
1789648949.143121,2026-09-17T18:12:29.143121,-17.43,0.0,566809.0,0.0,88.95,28.9,0,0,0,0,-17.43,-2.58,5.0,0.0,0
1789648949.163181,2026-09-17T18:12:29.163181,-17.43,0.0,566809.0,0.0,88.95,28.9,0,0,0,0,-17.43,-2.58,5.0,0.0,0
1789648949.1827776,2026-09-17T18:12:29.182778,-17.43,0.0,566809.0,0.0,88.95,28.9,0,0,0,0,-17.43,-2.58,5.0,0.0,0
1789648949.2029202,2026-09-17T18:12:29.202920,-17.43,0.0,566809.0,0.0,88.95,28.9,0,0,0,0,-17.43,-2.58,5.0,0.0,0
1789648949.223663,2026-09-17T18:12:29.223663,-17.43,0.0,566809.0,0.0,88.95,28.9,0,0,0,0,-17.43,-2.58,5.0,0.0,0
1789648949.2426283,2026-09-17T18:12:29.242628,-17.43,0.0,566809.0,0.0,88.95,28.9,0,0,0,0,-17.43,-2.58,5.0,0.0,0
1789648949.2632883,2026-09-17T18:12:29.263288,-17.43,0.0,566809.0,0.0,88.95,28.9,0,0,0,0,-17.43,-2.58,5.0,0.0,0
1789648949.2831278,2026-09-17T18:12:29.283128,-17.43,0.0,566857.0,0.0,88.95,28.9,0,0,0,0,-17.43,-2.58,5.0,0.0,0
1789648949.3030186,2026-09-17T18:12:29.303019,-17.44,0.0,566857.0,0.0,88.95,28.9,0,0,0,0,-17.44,-2.58,5.0,0.0,0
1789648949.3238559,2026-09-17T18:12:29.323856,-17.44,0.0,566857.0,0.0,88.95,28.9,0,0,0,0,-17.44,-2.59,5.0,0.0,0
1789648949.3435981,2026-09-17T18:12:29.343598,-17.43,0.0,566857.0,0.0,88.95,28.9,0,0,0,0,-17.43,-2.58,5.0,0.0,0
1789648949.3635318,2026-09-17T18:12:29.363532,-17.43,0.0,566857.0,0.0,88.95,28.9,0,0,0,0,-17.43,-2.59,5.0,0.0,0
1789648949.3833299,2026-09-17T18:12:29.383330,-17.43,0.0,566857.0,0.0,88.95,28.9,0,0,0,0,-17.43,-2.59,5.0,0.0,0
1789648949.4034011,2026-09-17T18:12:29.403401,-17.43,0.0,566857.0,0.0,88.95,28.9,0,0,0,0,-17.43,-2.59,5.0,0.0,0
1789648949.4231853,2026-09-17T18:12:29.423185,-17.43,0.0,566857.0,0.0,88.95,28.9,0,0,0,0,-17.43,-2.59,5.0,0.0,0
1789648949.4430163,2026-09-17T18:12:29.443016,-17.43,0.0,566857.0,0.0,88.95,28.9,0,0,0,0,-17.43,-2.59,5.0,0.0,0
1789648949.462998,2026-09-17T18:12:29.462998,-17.43,0.0,566830.0,0.0,88.95,28.9,0,0,0,0,-17.43,-2.59,5.0,0.0,0
1789648949.483497,2026-09-17T18:12:29.483497,-17.43,0.0,566830.0,0.0,88.95,28.9,0,0,0,0,-17.43,-2.6,5.0,0.0,0
1789648949.5032825,2026-09-17T18:12:29.503283,-17.43,0.0,566830.0,0.0,88.95,28.9,0,0,0,0,-17.43,-2.6,5.0,0.0,0
1789648949.5232074,2026-09-17T18:12:29.523207,-17.42,0.0,566830.0,0.0,88.95,28.9,0,0,0,0,-17.42,-2.6,5.0,0.0,0
1789648949.543314,2026-09-17T18:12:29.543314,-17.43,0.0,566830.0,0.0,88.95,28.9,0,0,0,0,-17.43,-2.61,5.0,0.0,0
1789648949.5628984,2026-09-17T18:12:29.562898,-17.43,0.0,566830.0,0.0,88.95,28.9,0,0,0,0,-17.43,-2.61,5.0,0.0,0
1789648949.5827277,2026-09-17T18:12:29.582728,-17.43,0.0,566830.0,0.0,88.95,28.9,0,0,0,0,-17.43,-2.61,5.0,0.0,0
1789648949.6025293,2026-09-17T18:12:29.602529,-17.43,0.0,566830.0,0.0,88.95,28.9,0,0,0,0,-17.43,-2.61,5.0,0.0,0
1789648949.6233795,2026-09-17T18:12:29.623379,-17.43,0.0,566830.0,0.0,88.95,28.9,0,0,0,0,-17.43,-2.61,5.0,0.0,0
1789648949.6432478,2026-09-17T18:12:29.643248,-17.44,0.0,566889.0,0.0,88.95,28.9,0,0,0,0,-17.44,-2.62,5.0,0.0,0
1789648949.6629684,2026-09-17T18:12:29.662968,-17.45,0.0,566889.0,0.0,88.95,28.9,0,0,0,0,-17.45,-2.62,5.0,0.0,0
1789648949.6833463,2026-09-17T18:12:29.683346,-17.44,0.0,566889.0,0.0,88.95,28.9,0,0,0,0,-17.44,-2.61,5.0,0.0,0
1789648949.7031074,2026-09-17T18:12:29.703107,-17.43,0.0,566889.0,0.0,88.95,28.9,0,0,0,0,-17.43,-2.6,5.0,0.0,0
1789648949.7228808,2026-09-17T18:12:29.722881,-17.43,0.0,566889.0,0.0,88.95,28.9,0,0,0,0,-17.43,-2.6,5.0,0.0,0
1789648949.7427502,2026-09-17T18:12:29.742750,-17.43,0.0,566889.0,0.0,88.95,28.9,0,0,0,0,-17.43,-2.6,5.0,0.0,0
1789648949.763625,2026-09-17T18:12:29.763625,-17.43,0.0,566889.0,0.0,88.95,28.9,0,0,0,0,-17.43,-2.6,5.0,0.0,0
1789648949.7834146,2026-09-17T18:12:29.783415,-17.43,0.0,566889.0,0.0,88.95,28.9,0,0,0,0,-17.43,-2.6,5.0,0.0,0
1789648949.8035598,2026-09-17T18:12:29.803560,-17.43,0.0,566889.0,0.0,88.95,28.9,0,0,0,0,-17.43,-2.6,5.0,0.0,0
1789648949.823783,2026-09-17T18:12:29.823783,-17.43,0.0,566836.0,0.0,88.95,28.9,0,0,0,0,-17.43,-2.59,5.0,0.0,0
1789648949.8435316,2026-09-17T18:12:29.843532,-17.42,0.0,566836.0,0.0,88.95,28.9,0,0,0,0,-17.42,-2.59,5.0,0.0,0
1789648949.8627892,2026-09-17T18:12:29.862789,-17.43,0.0,566836.0,0.0,88.95,28.9,0,0,0,0,-17.43,-2.59,5.0,0.0,0
1789648949.8833091,2026-09-17T18:12:29.883309,-17.43,0.0,566836.0,0.0,88.95,28.9,0,0,0,0,-17.43,-2.59,5.0,0.0,0
1789648949.9025068,2026-09-17T18:12:29.902507,-17.42,0.0,566836.0,0.0,88.95,28.9,0,0,0,0,-17.42,-2.58,5.0,0.0,0
1789648949.9234076,2026-09-17T18:12:29.923408,-17.42,0.0,566836.0,0.0,88.95,28.9,0,0,0,0,-17.42,-2.58,5.0,0.0,0
1789648949.943152,2026-09-17T18:12:29.943152,-17.42,0.0,566836.0,0.0,88.95,28.9,0,0,0,0,-17.42,-2.58,5.0,0.0,0
1789648949.963358,2026-09-17T18:12:29.963358,-17.42,0.0,566836.0,0.0,88.95,28.9,0,0,0,0,-17.42,-2.58,5.0,0.0,0
1789648949.982768,2026-09-17T18:12:29.982768,-17.42,0.0,566836.0,0.0,88.95,28.9,0,0,0,0,-17.42,-2.58,5.0,0.0,0
1789648950.0035188,2026-09-17T18:12:30.003519,-17.42,0.0,566830.0,0.0,88.95,28.9,0,0,0,0,-17.42,-2.58,5.0,0.0,0
1789648950.0231564,2026-09-17T18:12:30.023156,-17.43,0.0,566830.0,0.0,88.95,28.9,0,0,0,0,-17.43,-2.59,5.0,0.0,0
1789648950.0433843,2026-09-17T18:12:30.043384,-17.42,0.0,566830.0,0.0,88.95,28.9,0,0,0,0,-17.42,-2.58,5.0,0.0,0
1789648950.063144,2026-09-17T18:12:30.063144,-17.42,0.0,566830.0,0.0,88.95,28.9,0,0,0,0,-17.42,-2.58,5.0,0.0,0
1789648950.0829961,2026-09-17T18:12:30.082996,-17.42,0.0,566830.0,0.0,88.95,28.9,0,0,0,0,-17.42,-2.59,5.0,0.0,0
1789648950.1028829,2026-09-17T18:12:30.102883,-17.42,0.0,566830.0,0.0,88.95,28.9,0,0,0,0,-17.42,-2.59,5.0,0.0,0
1789648950.1231196,2026-09-17T18:12:30.123120,-17.42,0.0,566830.0,0.0,88.95,28.9,0,0,0,0,-17.42,-2.59,5.0,0.0,0
1789648950.1434882,2026-09-17T18:12:30.143488,-17.42,0.0,566830.0,0.0,88.95,28.9,0,0,0,0,-17.42,-2.59,5.0,0.0,0
1789648950.1630116,2026-09-17T18:12:30.163012,-17.42,0.0,566830.0,0.0,88.95,28.9,0,0,0,0,-17.42,-2.59,5.0,0.0,0
1789648950.183124,2026-09-17T18:12:30.183124,-17.42,0.0,566859.0,0.0,88.95,28.9,0,0,0,0,-17.42,-2.59,5.0,0.0,0
1789648950.2030451,2026-09-17T18:12:30.203045,-17.42,0.0,566859.0,0.0,88.95,28.9,0,0,0,0,-17.42,-2.58,5.0,0.0,0
1789648950.2229276,2026-09-17T18:12:30.222928,-17.42,0.0,566859.0,0.0,88.95,28.9,0,0,0,0,-17.42,-2.58,5.0,0.0,0
1789648950.2427185,2026-09-17T18:12:30.242718,-17.42,0.0,566859.0,0.0,89.03,28.9,0,0,0,0,-17.42,-2.58,5.0,0.0,0
1789648950.2635827,2026-09-17T18:12:30.263583,-17.42,0.0,566859.0,0.0,88.95,28.9,0,0,0,0,-17.42,-2.58,5.0,0.0,0
1789648950.2834473,2026-09-17T18:12:30.283447,-17.42,0.0,566859.0,0.0,88.95,28.9,0,0,0,0,-17.42,-2.59,5.0,0.0,0
1789648950.3032424,2026-09-17T18:12:30.303242,-17.42,0.0,566859.0,0.0,88.95,28.9,0,0,0,0,-17.42,-2.59,5.0,0.0,0
1789648950.3229625,2026-09-17T18:12:30.322963,-17.42,0.0,566859.0,0.0,88.95,28.9,0,0,0,0,-17.42,-2.59,5.0,0.0,0
1789648950.343008,2026-09-17T18:12:30.343008,-17.42,0.0,566859.0,0.0,88.95,28.9,0,0,0,0,-17.42,-2.59,5.0,0.0,0
1789648950.3628278,2026-09-17T18:12:30.362828,-17.42,0.0,566859.0,0.0,88.95,28.9,0,0,0,0,-17.42,-2.59,5.0,0.0,0
1789648950.3830855,2026-09-17T18:12:30.383085,-17.42,0.0,566884.0,0.0,88.95,28.9,0,0,0,0,-17.42,-2.58,5.0,0.0,0
1789648950.4036515,2026-09-17T18:12:30.403651,-17.42,0.0,566884.0,0.0,88.95,28.9,0,0,0,0,-17.42,-2.58,5.0,0.0,0
1789648950.4232562,2026-09-17T18:12:30.423256,-17.42,0.0,566884.0,0.0,88.95,28.9,0,0,0,0,-17.42,-2.58,5.0,0.0,0
1789648950.4430573,2026-09-17T18:12:30.443057,-17.43,0.0,566884.0,0.0,88.95,28.9,0,0,0,0,-17.43,-2.59,5.0,0.0,0
1789648950.4636881,2026-09-17T18:12:30.463688,-17.42,0.0,566884.0,0.0,88.95,28.9,0,0,0,0,-17.42,-2.59,5.0,0.0,0
1789648950.4835293,2026-09-17T18:12:30.483529,-17.42,0.0,566884.0,0.0,88.95,28.9,0,0,0,0,-17.42,-2.59,5.0,0.0,0
1789648950.5033052,2026-09-17T18:12:30.503305,-17.42,0.0,566884.0,0.0,88.95,28.9,0,0,0,0,-17.42,-2.59,5.0,0.0,0
1789648950.5229387,2026-09-17T18:12:30.522939,-17.42,0.0,566884.0,0.0,88.95,28.9,0,0,0,0,-17.42,-2.59,5.0,0.0,0
1789648950.5430317,2026-09-17T18:12:30.543032,-17.42,0.0,566884.0,0.0,88.95,28.9,0,0,0,0,-17.42,-2.59,5.0,0.0,0
1789648950.563456,2026-09-17T18:12:30.563456,-17.42,0.0,566870.0,0.0,88.95,28.9,0,0,0,0,-17.42,-2.57,5.0,0.0,0
1789648950.58376,2026-09-17T18:12:30.583760,-17.42,0.0,566870.0,0.0,88.95,28.9,0,0,0,0,-17.42,-2.58,5.0,0.0,0
1789648950.6035674,2026-09-17T18:12:30.603567,-17.43,0.0,566870.0,0.0,88.95,28.9,0,0,0,0,-17.43,-2.58,5.0,0.0,0
1789648950.6234903,2026-09-17T18:12:30.623490,-17.43,0.0,566870.0,0.0,88.95,28.9,0,0,0,0,-17.43,-2.58,5.0,0.0,0
1789648950.6435132,2026-09-17T18:12:30.643513,-17.43,0.0,566870.0,0.0,88.95,28.9,0,0,0,0,-17.43,-2.58,5.0,0.0,0
1789648950.6638317,2026-09-17T18:12:30.663832,-17.43,0.0,566870.0,0.0,88.95,28.9,0,0,0,0,-17.43,-2.58,5.0,0.0,0
1789648950.6831067,2026-09-17T18:12:30.683107,-17.43,0.0,566870.0,0.0,88.95,28.9,0,0,0,0,-17.43,-2.58,5.0,0.0,0
1789648950.703114,2026-09-17T18:12:30.703114,-17.43,0.0,566870.0,0.0,88.95,28.9,0,0,0,0,-17.43,-2.58,5.0,0.0,0
1789648950.7231116,2026-09-17T18:12:30.723112,-17.43,0.0,566870.0,0.0,88.95,28.9,0,0,0,0,-17.43,-2.58,5.0,0.0,0
1789648950.7436364,2026-09-17T18:12:30.743636,-17.43,0.0,566889.0,0.0,88.95,28.9,0,0,0,0,-17.43,-2.59,5.0,0.0,0
1789648950.7627854,2026-09-17T18:12:30.762785,-17.43,0.0,566889.0,0.0,88.95,28.9,0,0,0,0,-17.43,-2.59,5.0,0.0,0
1789648950.7828631,2026-09-17T18:12:30.782863,-17.43,0.0,566889.0,0.0,88.95,28.9,0,0,0,0,-17.43,-2.59,5.0,0.0,0
1789648950.803184,2026-09-17T18:12:30.803184,-17.44,0.0,566889.0,0.0,88.95,28.9,0,0,0,0,-17.44,-2.59,5.0,0.0,0
1789648950.8238575,2026-09-17T18:12:30.823858,-17.44,0.0,566889.0,0.0,88.95,28.9,0,0,0,0,-17.44,-2.6,5.0,0.0,0
1789648950.8435397,2026-09-17T18:12:30.843540,-17.44,0.0,566889.0,0.0,88.95,28.9,0,0,0,0,-17.44,-2.6,5.0,0.0,0
1789648950.8626883,2026-09-17T18:12:30.862688,-17.44,0.0,566889.0,0.0,88.95,28.9,0,0,0,0,-17.44,-2.6,5.0,0.0,0
1789648950.8826811,2026-09-17T18:12:30.882681,-17.44,0.0,566889.0,0.0,88.95,28.9,0,0,0,0,-17.44,-2.6,5.0,0.0,0
1789648950.9024425,2026-09-17T18:12:30.902442,-17.44,0.0,566889.0,0.0,88.95,28.9,0,0,0,0,-17.44,-2.6,5.0,0.0,0
1789648950.9233477,2026-09-17T18:12:30.923348,-17.44,0.0,566834.0,0.0,88.95,28.9,0,0,0,0,-17.44,-2.6,5.0,0.0,0
1789648950.9431,2026-09-17T18:12:30.943100,-17.45,0.0,566834.0,0.0,88.95,28.9,0,0,0,0,-17.45,-2.6,5.0,0.0,0
1789648950.962997,2026-09-17T18:12:30.962997,-17.45,0.0,566834.0,0.0,88.95,28.9,0,0,0,0,-17.45,-2.6,5.0,0.0,0
1789648950.9838204,2026-09-17T18:12:30.983820,-17.45,0.0,566834.0,0.0,88.95,28.9,0,0,0,0,-17.45,-2.6,5.0,0.0,0
1789648951.003249,2026-09-17T18:12:31.003249,-17.45,0.0,566834.0,0.0,88.95,28.9,0,0,0,0,-17.45,-2.59,5.0,0.0,0
1789648951.0234845,2026-09-17T18:12:31.023484,-17.45,0.0,566834.0,0.0,88.95,28.9,0,0,0,0,-17.45,-2.6,5.0,0.0,0
1789648951.0430448,2026-09-17T18:12:31.043045,-17.45,0.0,566834.0,0.0,88.95,28.9,0,0,0,0,-17.45,-2.6,5.0,0.0,0
1789648951.0638597,2026-09-17T18:12:31.063860,-17.45,0.0,566834.0,0.0,88.95,28.9,0,0,0,0,-17.45,-2.6,5.0,0.0,0
1789648951.0830824,2026-09-17T18:12:31.083082,-17.45,0.0,566834.0,0.0,88.95,28.9,0,0,0,0,-17.45,-2.6,5.0,0.0,0
1789648951.1025527,2026-09-17T18:12:31.102553,-17.45,0.0,566845.0,0.0,88.95,28.9,0,0,0,0,-17.45,-2.59,5.0,0.0,0
1789648951.12337,2026-09-17T18:12:31.123370,-17.45,0.0,566845.0,0.0,88.95,28.9,0,0,0,0,-17.45,-2.59,5.0,0.0,0
1789648951.1436794,2026-09-17T18:12:31.143679,-17.45,0.0,566845.0,0.0,88.95,28.9,0,0,0,0,-17.45,-2.59,5.0,0.0,0
1789648951.1629605,2026-09-17T18:12:31.162961,-17.45,0.0,566845.0,0.0,88.95,28.9,0,0,0,0,-17.45,-2.59,5.0,0.0,0
1789648951.1831036,2026-09-17T18:12:31.183104,-17.45,0.0,566845.0,0.0,88.95,28.9,0,0,0,0,-17.45,-2.6,5.0,0.0,0
1789648951.202983,2026-09-17T18:12:31.202983,-17.45,0.0,566845.0,0.0,88.95,28.9,0,0,0,0,-17.45,-2.6,5.0,0.0,0
1789648951.2226975,2026-09-17T18:12:31.222697,-17.45,0.0,566845.0,0.0,88.95,28.9,0,0,0,0,-17.45,-2.6,5.0,0.0,0
1789648951.242967,2026-09-17T18:12:31.242967,-17.45,0.0,566845.0,0.0,88.95,28.9,0,0,0,0,-17.45,-2.6,5.0,0.0,0
1789648951.263431,2026-09-17T18:12:31.263431,-17.45,0.0,566845.0,0.0,88.95,28.9,0,0,0,0,-17.45,-2.6,5.0,0.0,0
1789648951.2832458,2026-09-17T18:12:31.283246,-17.45,0.0,566857.0,0.0,88.95,28.9,0,0,0,0,-17.45,-2.6,5.0,0.0,0
1789648951.3031626,2026-09-17T18:12:31.303163,-17.45,0.0,566857.0,0.0,88.95,28.9,0,0,0,0,-17.45,-2.6,5.0,0.0,0
1789648951.3230422,2026-09-17T18:12:31.323042,-17.45,0.0,566857.0,0.0,88.95,28.9,0,0,0,0,-17.45,-2.6,5.0,0.0,0
1789648951.3435705,2026-09-17T18:12:31.343570,-17.45,0.0,566857.0,0.0,88.95,28.9,0,0,0,0,-17.45,-2.6,5.0,0.0,0
1789648951.3635926,2026-09-17T18:12:31.363593,-17.45,0.0,566857.0,0.0,88.95,28.9,0,0,0,0,-17.45,-2.6,5.0,0.0,0
1789648951.383669,2026-09-17T18:12:31.383669,-17.45,0.0,566857.0,0.0,88.95,28.9,0,0,0,0,-17.45,-2.6,5.0,0.0,0
1789648951.4030733,2026-09-17T18:12:31.403073,-17.45,0.0,566857.0,0.0,88.95,28.9,0,0,0,0,-17.45,-2.6,5.0,0.0,0
1789648951.423222,2026-09-17T18:12:31.423222,-17.45,0.0,566857.0,0.0,88.95,28.9,0,0,0,0,-17.45,-2.6,5.0,0.0,0
1789648951.4430628,2026-09-17T18:12:31.443063,-17.45,0.0,566857.0,0.0,88.95,28.9,0,0,0,0,-17.45,-2.6,5.0,0.0,0
1789648951.4633965,2026-09-17T18:12:31.463397,-17.45,0.0,566857.0,0.0,88.95,28.9,0,0,0,0,-17.45,-2.6,5.0,0.0,0
1789648951.4835656,2026-09-17T18:12:31.483566,-17.45,0.0,566816.0,0.0,88.95,28.9,0,0,0,0,-17.45,-2.6,5.0,0.0,0
1789648951.503566,2026-09-17T18:12:31.503566,-17.45,0.0,566816.0,0.0,88.95,28.9,0,0,0,0,-17.45,-2.6,5.0,0.0,0
1789648951.5229242,2026-09-17T18:12:31.522924,-17.44,0.0,566816.0,0.0,88.95,28.9,0,0,0,0,-17.44,-2.6,5.0,0.0,0
1789648951.5427742,2026-09-17T18:12:31.542774,-17.44,0.0,566816.0,0.0,88.95,28.9,0,0,0,0,-17.44,-2.6,5.0,0.0,0
1789648951.563061,2026-09-17T18:12:31.563061,-17.44,0.0,566816.0,0.0,88.95,28.9,0,0,0,0,-17.44,-2.6,5.0,0.0,0
1789648951.5832722,2026-09-17T18:12:31.583272,-17.44,0.0,566816.0,0.0,88.95,28.9,0,0,0,0,-17.44,-2.6,5.0,0.0,0
1789648951.6032856,2026-09-17T18:12:31.603286,-17.44,0.0,566816.0,0.0,88.95,28.9,0,0,0,0,-17.44,-2.6,5.0,0.0,0
1789648951.6233566,2026-09-17T18:12:31.623357,-17.44,0.0,566816.0,0.0,88.95,28.9,0,0,0,0,-17.44,-2.6,5.0,0.0,0
1789648951.6431603,2026-09-17T18:12:31.643160,-17.44,0.0,566816.0,0.0,88.95,28.9,0,0,0,0,-17.44,-2.6,5.0,0.0,0
1789648951.6634107,2026-09-17T18:12:31.663411,-17.43,0.0,566838.0,0.0,88.95,28.9,0,0,0,0,-17.43,-2.59,5.0,0.0,0
1789648951.6838574,2026-09-17T18:12:31.683857,-17.42,0.0,566838.0,0.0,88.95,28.9,0,0,0,0,-17.42,-2.59,5.0,0.0,0
1789648951.703411,2026-09-17T18:12:31.703411,-17.42,0.0,566838.0,0.0,88.95,28.9,0,0,0,0,-17.42,-2.58,5.0,0.0,0
1789648951.7229664,2026-09-17T18:12:31.722966,-17.42,0.0,566838.0,0.0,88.95,28.9,0,0,0,0,-17.42,-2.58,5.0,0.0,0
1789648951.7437813,2026-09-17T18:12:31.743781,-17.42,0.0,566838.0,0.0,88.95,28.9,0,0,0,0,-17.42,-2.58,5.0,0.0,0
1789648951.762651,2026-09-17T18:12:31.762651,-17.42,0.0,566838.0,0.0,88.95,28.9,0,0,0,0,-17.42,-2.58,5.0,0.0,0
1789648951.7834406,2026-09-17T18:12:31.783441,-17.42,0.0,566838.0,0.0,88.95,28.9,0,0,0,0,-17.42,-2.58,5.0,0.0,0
1789648951.8033938,2026-09-17T18:12:31.803394,-17.42,0.0,566838.0,0.0,88.95,28.9,0,0,0,0,-17.42,-2.58,5.0,0.0,0
1789648951.8233416,2026-09-17T18:12:31.823342,-17.42,0.0,566838.0,0.0,88.95,28.9,0,0,0,0,-17.42,-2.58,5.0,0.0,0
1789648951.8432107,2026-09-17T18:12:31.843211,-17.4,0.0,566839.0,0.0,88.95,28.9,0,0,0,0,-17.4,-2.58,5.0,0.0,0
1789648951.8634422,2026-09-17T18:12:31.863442,-17.41,0.0,566839.0,0.0,88.95,28.9,0,0,0,0,-17.41,-2.58,5.0,0.0,0
1789648951.8828704,2026-09-17T18:12:31.882870,-17.41,0.0,566839.0,0.0,88.95,28.9,0,0,0,0,-17.41,-2.59,5.0,0.0,0
1789648951.903392,2026-09-17T18:12:31.903392,-17.41,0.0,566839.0,0.0,88.95,28.9,0,0,0,0,-17.41,-2.58,5.0,0.0,0
1789648951.9239202,2026-09-17T18:12:31.923920,-17.41,0.0,566839.0,0.0,88.95,28.9,0,0,0,0,-17.41,-2.58,5.0,0.0,0
1789648951.9439752,2026-09-17T18:12:31.943975,-17.41,0.0,566839.0,0.0,88.95,28.9,0,0,0,0,-17.41,-2.58,5.0,0.0,0
1789648951.9632015,2026-09-17T18:12:31.963202,-17.41,0.0,566839.0,0.0,88.95,28.9,0,0,0,0,-17.41,-2.58,5.0,0.0,0
1789648951.9826572,2026-09-17T18:12:31.982657,-17.41,0.0,566839.0,0.0,88.95,28.9,0,0,0,0,-17.41,-2.58,5.0,0.0,0
1789648952.0066676,2026-09-17T18:12:32.006668,-17.41,0.0,566839.0,0.0,88.95,28.9,0,0,0,0,-17.41,-2.58,5.0,0.0,0
1789648952.0232377,2026-09-17T18:12:32.023238,-17.41,0.0,566891.0,0.0,88.95,28.9,0,0,0,0,-17.41,-2.58,5.0,0.0,0
1789648952.0438972,2026-09-17T18:12:32.043897,-17.41,0.0,566891.0,0.0,88.95,28.9,0,0,0,0,-17.41,-2.58,5.0,0.0,0
1789648952.0632508,2026-09-17T18:12:32.063251,-17.41,0.0,566891.0,0.0,88.95,28.9,0,0,0,0,-17.41,-2.58,5.0,0.0,0
1789648952.0831387,2026-09-17T18:12:32.083139,-17.41,0.0,566891.0,0.0,88.95,28.9,0,0,0,0,-17.41,-2.58,5.0,0.0,0
1789648952.1030257,2026-09-17T18:12:32.103026,-17.42,0.0,566891.0,0.0,88.95,28.9,0,0,0,0,-17.42,-2.58,5.0,0.0,0
1789648952.123463,2026-09-17T18:12:32.123463,-17.42,0.0,566891.0,0.0,88.95,28.9,0,0,0,0,-17.42,-2.58,5.0,0.0,0
1789648952.1434646,2026-09-17T18:12:32.143465,-17.42,0.0,566891.0,0.0,88.95,28.9,0,0,0,0,-17.42,-2.58,5.0,0.0,0
1789648952.163575,2026-09-17T18:12:32.163575,-17.42,0.0,566891.0,0.0,88.95,28.9,0,0,0,0,-17.42,-2.58,5.0,0.0,0
1789648952.182914,2026-09-17T18:12:32.182914,-17.42,0.0,566891.0,0.0,88.95,28.9,0,0,0,0,-17.42,-2.58,5.0,0.0,0
1789648952.2036524,2026-09-17T18:12:32.203652,-17.43,0.0,566888.0,0.0,88.95,28.9,0,0,0,0,-17.43,-2.57,5.0,0.0,0
1789648952.2228308,2026-09-17T18:12:32.222831,-17.43,0.0,566888.0,0.0,88.95,28.9,0,0,0,0,-17.43,-2.58,5.0,0.0,0
1789648952.2435799,2026-09-17T18:12:32.243580,-17.43,0.0,566888.0,0.0,88.95,28.9,0,0,0,0,-17.43,-2.58,5.0,0.0,0
1789648952.2634254,2026-09-17T18:12:32.263425,-17.43,0.0,566888.0,0.0,88.95,28.9,0,0,0,0,-17.43,-2.59,5.0,0.0,0
1789648952.28323,2026-09-17T18:12:32.283230,-17.43,0.0,566888.0,0.0,88.95,28.9,0,0,0,0,-17.43,-2.58,5.0,0.0,0
1789648952.30319,2026-09-17T18:12:32.303190,-17.43,0.0,566888.0,0.0,89.03,28.9,0,0,0,0,-17.43,-2.58,5.0,0.0,0
1789648952.3229434,2026-09-17T18:12:32.322943,-17.43,0.0,566888.0,0.0,89.03,28.9,0,0,0,0,-17.43,-2.58,5.0,0.0,0
1789648952.343468,2026-09-17T18:12:32.343468,-17.43,0.0,566888.0,0.0,89.03,28.9,0,0,0,0,-17.43,-2.58,5.0,0.0,0
1789648952.363702,2026-09-17T18:12:32.363702,-17.43,0.0,566888.0,0.0,89.03,28.9,0,0,0,0,-17.43,-2.58,5.0,0.0,0
1789648952.3835423,2026-09-17T18:12:32.383542,-17.43,0.0,566871.0,0.0,88.95,28.9,0,0,0,0,-17.43,-2.58,5.0,0.0,0
1789648952.4033306,2026-09-17T18:12:32.403331,-17.43,0.0,566871.0,0.0,88.95,28.9,0,0,0,0,-17.43,-2.58,5.0,0.0,0
1789648952.4231424,2026-09-17T18:12:32.423142,-17.44,0.0,566871.0,0.0,88.95,28.9,0,0,0,0,-17.44,-2.59,5.0,0.0,0
1789648952.4437966,2026-09-17T18:12:32.443797,-17.43,0.0,566871.0,0.0,88.95,28.9,0,0,0,0,-17.43,-2.58,5.0,0.0,0
1789648952.4629486,2026-09-17T18:12:32.462949,-17.43,0.0,566871.0,0.0,88.95,28.9,0,0,0,0,-17.43,-2.58,5.0,0.0,0
1789648952.4836912,2026-09-17T18:12:32.483691,-17.43,0.0,566871.0,0.0,88.95,28.9,0,0,0,0,-17.43,-2.58,5.0,0.0,0
1789648952.5039535,2026-09-17T18:12:32.503953,-17.43,0.0,566871.0,0.0,88.95,28.9,0,0,0,0,-17.43,-2.58,5.0,0.0,0
1789648952.5229793,2026-09-17T18:12:32.522979,-17.43,0.0,566871.0,0.0,88.95,28.9,0,0,0,0,-17.43,-2.58,5.0,0.0,0
1789648952.5432384,2026-09-17T18:12:32.543238,-17.43,0.0,566871.0,0.0,88.95,28.9,0,0,0,0,-17.43,-2.58,5.0,0.0,0
1789648952.5631053,2026-09-17T18:12:32.563105,-17.44,0.0,566809.0,0.0,88.95,28.9,0,0,0,0,-17.44,-2.58,5.0,0.0,0
1789648952.5828183,2026-09-17T18:12:32.582818,-17.43,0.0,566809.0,0.0,88.95,28.9,0,0,0,0,-17.43,-2.57,5.0,0.0,0
1789648952.6027496,2026-09-17T18:12:32.602750,-17.42,0.0,566809.0,0.0,88.95,28.9,0,0,0,0,-17.42,-2.57,5.0,0.0,0
1789648952.6235425,2026-09-17T18:12:32.623543,-17.42,0.0,566809.0,0.0,88.95,28.9,0,0,0,0,-17.42,-2.57,5.0,0.0,0
1789648952.6433551,2026-09-17T18:12:32.643355,-17.43,0.0,566809.0,0.0,88.95,28.9,0,0,0,0,-17.43,-2.58,5.0,0.0,0
1789648952.6632442,2026-09-17T18:12:32.663244,-17.43,0.0,566809.0,0.0,88.95,28.9,0,0,0,0,-17.43,-2.58,5.0,0.0,0
1789648952.6837578,2026-09-17T18:12:32.683758,-17.43,0.0,566809.0,0.0,88.95,28.9,0,0,0,0,-17.43,-2.58,5.0,0.0,0
1789648952.7029426,2026-09-17T18:12:32.702943,-17.43,0.0,566809.0,0.0,88.95,28.9,0,0,0,0,-17.43,-2.58,5.0,0.0,0
1789648952.7227206,2026-09-17T18:12:32.722721,-17.43,0.0,566809.0,0.0,88.95,28.9,0,0,0,0,-17.43,-2.58,5.0,0.0,0
1789648952.7436843,2026-09-17T18:12:32.743684,-17.43,0.0,566809.0,0.0,88.95,28.9,0,0,0,0,-17.43,-2.58,5.0,0.0,0
1789648952.762564,2026-09-17T18:12:32.762564,-17.44,0.0,566817.0,0.0,88.95,28.9,0,0,0,0,-17.44,-2.59,5.0,0.0,0
1789648952.7833383,2026-09-17T18:12:32.783338,-17.44,0.0,566817.0,0.0,88.95,28.9,0,0,0,0,-17.44,-2.59,5.0,0.0,0
1789648952.8031034,2026-09-17T18:12:32.803103,-17.42,0.0,566817.0,0.0,88.95,28.9,0,0,0,0,-17.42,-2.58,5.0,0.0,0
1789648952.8226306,2026-09-17T18:12:32.822631,-17.43,0.0,566817.0,0.0,88.95,28.9,0,0,0,0,-17.43,-2.58,5.0,0.0,0
1789648952.8434637,2026-09-17T18:12:32.843464,-17.43,0.0,566817.0,0.0,88.95,28.9,0,0,0,0,-17.43,-2.59,5.0,0.0,0
1789648952.8628786,2026-09-17T18:12:32.862879,-17.43,0.0,566817.0,0.0,88.95,28.9,0,0,0,0,-17.43,-2.59,5.0,0.0,0
1789648952.8834538,2026-09-17T18:12:32.883454,-17.43,0.0,566817.0,0.0,88.95,28.9,0,0,0,0,-17.43,-2.59,5.0,0.0,0
1789648952.9037137,2026-09-17T18:12:32.903714,-17.43,0.0,566817.0,0.0,88.95,28.9,0,0,0,0,-17.43,-2.59,5.0,0.0,0
1789648952.9235244,2026-09-17T18:12:32.923524,-17.43,0.0,566817.0,0.0,88.95,28.9,0,0,0,0,-17.43,-2.59,5.0,0.0,0
1789648952.9430249,2026-09-17T18:12:32.943025,-17.43,0.0,566851.0,0.0,88.95,28.9,0,0,0,0,-17.43,-2.59,5.0,0.0,0
1789648952.9628446,2026-09-17T18:12:32.962845,-17.43,0.0,566851.0,0.0,88.95,28.9,0,0,0,0,-17.43,-2.59,5.0,0.0,0
1789648952.983648,2026-09-17T18:12:32.983648,-17.43,0.0,566851.0,0.0,88.95,28.9,0,0,0,0,-17.43,-2.59,5.0,0.0,0
1789648953.0031924,2026-09-17T18:12:33.003192,-17.43,0.0,566851.0,0.0,88.95,28.9,0,0,0,0,-17.43,-2.59,5.0,0.0,0
1789648953.0234387,2026-09-17T18:12:33.023439,-17.43,0.0,566851.0,0.0,88.95,28.9,0,0,0,0,-17.43,-2.6,5.0,0.0,0
1789648953.043206,2026-09-17T18:12:33.043206,-17.43,0.0,566851.0,0.0,88.95,28.9,0,0,0,0,-17.43,-2.6,5.0,0.0,0
1789648953.0630445,2026-09-17T18:12:33.063045,-17.43,0.0,566851.0,0.0,88.95,28.9,0,0,0,0,-17.43,-2.6,5.0,0.0,0
1789648953.082856,2026-09-17T18:12:33.082856,-17.43,0.0,566851.0,0.0,88.95,28.9,0,0,0,0,-17.43,-2.6,5.0,0.0,0
1789648953.1027837,2026-09-17T18:12:33.102784,-17.43,0.0,566851.0,0.0,88.95,28.9,0,0,0,0,-17.43,-2.6,5.0,0.0,0
1789648953.1235366,2026-09-17T18:12:33.123537,-17.43,0.0,566870.0,0.0,88.95,28.9,0,0,0,0,-17.43,-2.59,5.0,0.0,0
1789648953.1433597,2026-09-17T18:12:33.143360,-17.43,0.0,566870.0,0.0,88.95,28.9,0,0,0,0,-17.43,-2.59,5.0,0.0,0
1789648953.1632504,2026-09-17T18:12:33.163250,-17.43,0.0,566870.0,0.0,88.95,28.9,0,0,0,0,-17.43,-2.6,5.0,0.0,0
1789648953.18315,2026-09-17T18:12:33.183150,-17.43,0.0,566870.0,0.0,88.95,28.9,0,0,0,0,-17.43,-2.6,5.0,0.0,0
1789648953.2032533,2026-09-17T18:12:33.203253,-17.43,0.0,566870.0,0.0,88.95,28.9,0,0,0,0,-17.43,-2.6,5.0,0.0,0
1789648953.223037,2026-09-17T18:12:33.223037,-17.43,0.0,566870.0,0.0,88.95,28.9,0,0,0,0,-17.43,-2.6,5.0,0.0,0
1789648953.243534,2026-09-17T18:12:33.243534,-17.43,0.0,566870.0,0.0,88.95,28.9,0,0,0,0,-17.43,-2.6,5.0,0.0,0
1789648953.2634082,2026-09-17T18:12:33.263408,-17.43,0.0,566870.0,0.0,88.95,28.9,0,0,0,0,-17.43,-2.6,5.0,0.0,0
1789648953.2835743,2026-09-17T18:12:33.283574,-17.43,0.0,566870.0,0.0,88.95,28.9,0,0,0,0,-17.43,-2.6,5.0,0.0,0
1789648953.302969,2026-09-17T18:12:33.302969,-17.41,0.0,566833.0,0.0,88.95,28.9,0,0,0,0,-17.41,-2.59,5.0,0.0,0
1789648953.3236973,2026-09-17T18:12:33.323697,-17.41,0.0,566833.0,0.0,88.95,28.9,0,0,0,0,-17.41,-2.57,5.0,0.0,0
1789648953.3432379,2026-09-17T18:12:33.343238,-17.4,0.0,566833.0,0.0,88.95,28.9,0,0,0,0,-17.4,-2.57,5.0,0.0,0
1789648953.3634243,2026-09-17T18:12:33.363424,-17.41,0.0,566833.0,0.0,88.95,28.9,0,0,0,0,-17.41,-2.57,5.0,0.0,0
1789648953.3832073,2026-09-17T18:12:33.383207,-17.41,0.0,566833.0,0.0,88.95,28.9,0,0,0,0,-17.41,-2.58,5.0,0.0,0
1789648953.403223,2026-09-17T18:12:33.403223,-17.42,0.0,566833.0,0.0,88.95,28.9,0,0,0,0,-17.42,-2.58,5.0,0.0,0
1789648953.4232028,2026-09-17T18:12:33.423203,-17.42,0.0,566833.0,0.0,88.95,28.9,0,0,0,0,-17.42,-2.58,5.0,0.0,0
1789648953.4430797,2026-09-17T18:12:33.443080,-17.42,0.0,566833.0,0.0,88.95,28.9,0,0,0,0,-17.42,-2.58,5.0,0.0,0
1789648953.463699,2026-09-17T18:12:33.463699,-17.42,0.0,566833.0,0.0,88.95,28.9,0,0,0,0,-17.42,-2.58,5.0,0.0,0
1789648953.4834678,2026-09-17T18:12:33.483468,-17.42,0.0,566873.0,0.0,88.95,28.9,0,0,0,0,-17.42,-2.58,5.0,0.0,0
1789648953.5032842,2026-09-17T18:12:33.503284,-17.44,0.0,566873.0,0.0,88.95,28.9,0,0,0,0,-17.44,-2.6,5.0,0.0,0
1789648953.523168,2026-09-17T18:12:33.523168,-17.45,0.0,566873.0,0.0,88.95,28.9,0,0,0,0,-17.45,-2.6,5.0,0.0,0
1789648953.5435035,2026-09-17T18:12:33.543504,-17.44,0.0,566873.0,0.0,88.95,28.9,0,0,0,0,-17.44,-2.6,5.0,0.0,0
1789648953.5636485,2026-09-17T18:12:33.563648,-17.44,0.0,566873.0,0.0,88.95,28.9,0,0,0,0,-17.44,-2.6,5.0,0.0,0
1789648953.5827265,2026-09-17T18:12:33.582726,-17.44,0.0,566873.0,0.0,88.95,28.9,0,0,0,0,-17.44,-2.6,5.0,0.0,0
1789648953.6035368,2026-09-17T18:12:33.603537,-17.44,0.0,566873.0,0.0,88.95,28.9,0,0,0,0,-17.44,-2.6,5.0,0.0,0
1789648953.6236038,2026-09-17T18:12:33.623604,-17.44,0.0,566873.0,0.0,88.95,28.9,0,0,0,0,-17.44,-2.6,5.0,0.0,0
1789648953.643403,2026-09-17T18:12:33.643403,-17.44,0.0,566873.0,0.0,88.95,28.9,0,0,0,0,-17.44,-2.6,5.0,0.0,0
1789648953.6629012,2026-09-17T18:12:33.662901,-17.45,0.0,566847.0,0.0,88.95,28.9,0,0,0,0,-17.45,-2.6,5.0,0.0,0
1789648953.6833267,2026-09-17T18:12:33.683327,-17.44,0.0,566847.0,0.0,88.95,28.9,0,0,0,0,-17.44,-2.59,5.0,0.0,0
1789648953.702915,2026-09-17T18:12:33.702915,-17.44,0.0,566847.0,0.0,88.95,28.9,0,0,0,0,-17.44,-2.6,5.0,0.0,0
1789648953.7228518,2026-09-17T18:12:33.722852,-17.45,0.0,566847.0,0.0,88.95,28.9,0,0,0,0,-17.45,-2.6,5.0,0.0,0
1789648953.74357,2026-09-17T18:12:33.743570,-17.44,0.0,566847.0,0.0,88.95,28.9,0,0,0,0,-17.44,-2.6,5.0,0.0,0
1789648953.7634056,2026-09-17T18:12:33.763406,-17.44,0.0,566847.0,0.0,88.95,28.9,0,0,0,0,-17.44,-2.6,5.0,0.0,0
1789648953.7833471,2026-09-17T18:12:33.783347,-17.44,0.0,566847.0,0.0,88.95,28.9,0,0,0,0,-17.44,-2.6,5.0,0.0,0
1789648953.8035169,2026-09-17T18:12:33.803517,-17.44,0.0,566847.0,0.0,88.95,28.9,0,0,0,0,-17.44,-2.6,5.0,0.0,0
1789648953.8231263,2026-09-17T18:12:33.823126,-17.44,0.0,566847.0,0.0,88.95,28.9,0,0,0,0,-17.44,-2.6,5.0,0.0,0
1789648953.8435323,2026-09-17T18:12:33.843532,-17.44,0.0,566847.0,0.0,88.95,28.9,0,0,0,0,-17.44,-2.6,5.0,0.0,0
1789648953.8628721,2026-09-17T18:12:33.862872,-17.46,0.0,566830.0,0.0,88.95,28.9,0,0,0,0,-17.46,-2.61,5.0,0.0,0
1789648953.8834321,2026-09-17T18:12:33.883432,-17.45,0.0,566830.0,0.0,88.95,28.9,0,0,0,0,-17.45,-2.61,5.0,0.0,0
1789648953.9034111,2026-09-17T18:12:33.903411,-17.45,0.0,566830.0,0.0,88.95,28.9,0,0,0,0,-17.45,-2.6,5.0,0.0,0
1789648953.922982,2026-09-17T18:12:33.922982,-17.45,0.0,566830.0,0.0,88.95,28.9,0,0,0,0,-17.45,-2.61,5.0,0.0,0
1789648953.9430878,2026-09-17T18:12:33.943088,-17.45,0.0,566830.0,0.0,88.95,28.9,0,0,0,0,-17.45,-2.6,5.0,0.0,0
1789648953.9628747,2026-09-17T18:12:33.962875,-17.45,0.0,566830.0,0.0,88.95,28.9,0,0,0,0,-17.45,-2.6,5.0,0.0,0
1789648953.9826446,2026-09-17T18:12:33.982645,-17.45,0.0,566830.0,0.0,88.95,28.9,0,0,0,0,-17.45,-2.6,5.0,0.0,0
1789648954.0035398,2026-09-17T18:12:34.003540,-17.45,0.0,566830.0,0.0,88.95,28.9,0,0,0,0,-17.45,-2.6,5.0,0.0,0
1789648954.0236301,2026-09-17T18:12:34.023630,-17.45,0.0,566830.0,0.0,88.95,28.9,0,0,0,0,-17.45,-2.6,5.0,0.0,0
1789648954.042934,2026-09-17T18:12:34.042934,-17.46,0.0,566828.0,0.0,88.95,28.9,0,0,0,0,-17.46,-2.6,5.0,0.0,0
1789648954.0630467,2026-09-17T18:12:34.063047,-17.46,0.0,566828.0,0.0,88.95,28.9,0,0,0,0,-17.46,-2.6,5.0,0.0,0
1789648954.0829,2026-09-17T18:12:34.082900,-17.46,0.0,566828.0,0.0,88.95,28.9,0,0,0,0,-17.46,-2.6,5.0,0.0,0
1789648954.1037493,2026-09-17T18:12:34.103749,-17.46,0.0,566828.0,0.0,88.95,28.9,0,0,0,0,-17.46,-2.6,5.0,0.0,0
1789648954.1236546,2026-09-17T18:12:34.123655,-17.45,0.0,566828.0,0.0,88.95,28.9,0,0,0,0,-17.45,-2.6,5.0,0.0,0
1789648954.1431715,2026-09-17T18:12:34.143172,-17.45,0.0,566828.0,0.0,88.95,28.9,0,0,0,0,-17.45,-2.6,5.0,0.0,0
1789648954.1629333,2026-09-17T18:12:34.162933,-17.45,0.0,566828.0,0.0,88.95,28.9,0,0,0,0,-17.45,-2.6,5.0,0.0,0
1789648954.183799,2026-09-17T18:12:34.183799,-17.45,0.0,566828.0,0.0,88.95,28.9,0,0,0,0,-17.45,-2.6,5.0,0.0,0
1789648954.202715,2026-09-17T18:12:34.202715,-17.45,0.0,566828.0,0.0,88.95,28.9,0,0,0,0,-17.45,-2.6,5.0,0.0,0
1789648954.223554,2026-09-17T18:12:34.223554,-17.45,0.0,566888.0,0.0,88.95,28.9,0,0,0,0,-17.45,-2.6,5.0,0.0,0
1789648954.2434483,2026-09-17T18:12:34.243448,-17.45,0.0,566888.0,0.0,88.95,28.9,0,0,0,0,-17.45,-2.6,5.0,0.0,0
1789648954.2630684,2026-09-17T18:12:34.263068,-17.45,0.0,566888.0,0.0,88.95,28.9,0,0,0,0,-17.45,-2.6,5.0,0.0,0
1789648954.2835863,2026-09-17T18:12:34.283586,-17.43,0.0,566888.0,0.0,88.95,28.9,0,0,0,0,-17.43,-2.6,5.0,0.0,0
1789648954.303916,2026-09-17T18:12:34.303916,-17.44,0.0,566888.0,0.0,88.95,28.9,0,0,0,0,-17.44,-2.6,5.0,0.0,0
1789648954.3236973,2026-09-17T18:12:34.323697,-17.44,0.0,566888.0,0.0,88.95,28.9,0,0,0,0,-17.44,-2.6,5.0,0.0,0
1789648954.3435946,2026-09-17T18:12:34.343595,-17.44,0.0,566888.0,0.0,88.95,28.9,0,0,0,0,-17.44,-2.6,5.0,0.0,0
1789648954.3636436,2026-09-17T18:12:34.363644,-17.44,0.0,566888.0,0.0,88.95,28.9,0,0,0,0,-17.44,-2.6,5.0,0.0,0
1789648954.3836062,2026-09-17T18:12:34.383606,-17.44,0.0,566888.0,0.0,88.95,28.9,0,0,0,0,-17.44,-2.6,5.0,0.0,0
1789648954.4033332,2026-09-17T18:12:34.403333,-17.43,0.0,566868.0,0.0,88.95,28.9,0,0,0,0,-17.43,-2.6,5.0,0.0,0
1789648954.4231453,2026-09-17T18:12:34.423145,-17.43,0.0,566868.0,0.0,88.95,28.9,0,0,0,0,-17.43,-2.6,5.0,0.0,0
1789648954.4429927,2026-09-17T18:12:34.442993,-17.43,0.0,566868.0,0.0,88.95,28.9,0,0,0,0,-17.43,-2.6,5.0,0.0,0
1789648954.4626086,2026-09-17T18:12:34.462609,-17.43,0.0,566868.0,0.0,88.95,28.9,0,0,0,0,-17.43,-2.6,5.0,0.0,0
1789648954.4835641,2026-09-17T18:12:34.483564,-17.43,0.0,566868.0,0.0,88.95,28.9,0,0,0,0,-17.43,-2.59,5.0,0.0,0
1789648954.503322,2026-09-17T18:12:34.503322,-17.43,0.0,566868.0,0.0,88.95,28.9,0,0,0,0,-17.43,-2.59,5.0,0.0,0
1789648954.5234537,2026-09-17T18:12:34.523454,-17.43,0.0,566868.0,0.0,88.95,28.9,0,0,0,0,-17.43,-2.59,5.0,0.0,0
1789648954.543641,2026-09-17T18:12:34.543641,-17.43,0.0,566868.0,0.0,88.95,28.9,0,0,0,0,-17.43,-2.59,5.0,0.0,0
1789648954.5631518,2026-09-17T18:12:34.563152,-17.43,0.0,566868.0,0.0,88.95,28.9,0,0,0,0,-17.43,-2.59,5.0,0.0,0
1789648954.5828898,2026-09-17T18:12:34.582890,-17.43,0.0,566815.0,0.0,88.95,28.9,0,0,0,0,-17.43,-2.59,5.0,0.0,0
1789648954.6037078,2026-09-17T18:12:34.603708,-17.43,0.0,566815.0,0.0,88.95,28.9,0,0,0,0,-17.43,-2.59,5.0,0.0,0
1789648954.6231086,2026-09-17T18:12:34.623109,-17.42,0.0,566815.0,0.0,88.95,28.9,0,0,0,0,-17.42,-2.59,5.0,0.0,0
1789648954.643337,2026-09-17T18:12:34.643337,-17.43,0.0,566815.0,0.0,88.95,28.9,0,0,0,0,-17.43,-2.59,5.0,0.0,0
1789648954.6632392,2026-09-17T18:12:34.663239,-17.43,0.0,566815.0,0.0,88.95,28.9,0,0,0,0,-17.43,-2.6,5.0,0.0,0
1789648954.68328,2026-09-17T18:12:34.683280,-17.43,0.0,566815.0,0.0,88.95,28.9,0,0,0,0,-17.43,-2.6,5.0,0.0,0
1789648954.7028892,2026-09-17T18:12:34.702889,-17.43,0.0,566815.0,0.0,88.95,28.9,0,0,0,0,-17.43,-2.6,5.0,0.0,0
1789648954.7237885,2026-09-17T18:12:34.723788,-17.43,0.0,566815.0,0.0,88.95,28.9,0,0,0,0,-17.43,-2.6,5.0,0.0,0
1789648954.743594,2026-09-17T18:12:34.743594,-17.43,0.0,566815.0,0.0,88.95,28.9,0,0,0,0,-17.43,-2.6,5.0,0.0,0
1789648954.7633948,2026-09-17T18:12:34.763395,-17.44,0.0,566826.0,0.0,88.95,28.9,0,0,0,0,-17.44,-2.59,5.0,0.0,0
1789648954.7835002,2026-09-17T18:12:34.783500,-17.42,0.0,566826.0,0.0,88.95,28.9,0,0,0,0,-17.42,-2.6,5.0,0.0,0
1789648954.803143,2026-09-17T18:12:34.803143,-17.42,0.0,566826.0,0.0,88.95,28.9,0,0,0,0,-17.42,-2.6,5.0,0.0,0
1789648954.8229601,2026-09-17T18:12:34.822960,-17.43,0.0,566826.0,0.0,88.95,28.9,0,0,0,0,-17.43,-2.6,5.0,0.0,0
1789648954.8434563,2026-09-17T18:12:34.843456,-17.43,0.0,566826.0,0.0,88.95,28.9,0,0,0,0,-17.43,-2.61,5.0,0.0,0
1789648954.8632333,2026-09-17T18:12:34.863233,-17.43,0.0,566826.0,0.0,88.95,28.9,0,0,0,0,-17.43,-2.61,5.0,0.0,0
1789648954.8827798,2026-09-17T18:12:34.882780,-17.43,0.0,566826.0,0.0,88.95,28.9,0,0,0,0,-17.43,-2.61,5.0,0.0,0
1789648954.9028304,2026-09-17T18:12:34.902830,-17.43,0.0,566826.0,0.0,88.95,28.9,0,0,0,0,-17.43,-2.61,5.0,0.0,0
1789648954.9229805,2026-09-17T18:12:34.922981,-17.43,0.0,566826.0,0.0,88.95,28.9,0,0,0,0,-17.43,-2.61,5.0,0.0,0
1789648954.94273,2026-09-17T18:12:34.942730,-17.42,0.0,566807.0,0.0,88.95,28.9,0,0,0,0,-17.42,-2.61,5.0,0.0,0
1789648954.963007,2026-09-17T18:12:34.963007,-17.42,0.0,566807.0,0.0,88.95,28.9,0,0,0,0,-17.42,-2.6,5.0,0.0,0
1789648954.9831526,2026-09-17T18:12:34.983153,-17.42,0.0,566807.0,0.0,88.95,28.9,0,0,0,0,-17.42,-2.6,5.0,0.0,0
1789648955.0033176,2026-09-17T18:12:35.003318,-17.43,0.0,566807.0,0.0,88.95,28.9,0,0,0,0,-17.43,-2.6,5.0,0.0,0
1789648955.0234728,2026-09-17T18:12:35.023473,-17.42,0.0,566807.0,0.0,88.95,28.9,0,0,0,0,-17.42,-2.6,5.0,0.0,0
1789648955.0432718,2026-09-17T18:12:35.043272,-17.42,0.0,566807.0,0.0,88.95,28.9,0,0,0,0,-17.42,-2.59,5.0,0.0,0
1789648955.0630157,2026-09-17T18:12:35.063016,-17.42,0.0,566807.0,0.0,88.95,28.9,0,0,0,0,-17.42,-2.59,5.0,0.0,0
1789648955.0832405,2026-09-17T18:12:35.083241,-17.42,0.0,566807.0,0.0,88.95,28.9,0,0,0,0,-17.42,-2.59,5.0,0.0,0
1789648955.1037242,2026-09-17T18:12:35.103724,-17.42,0.0,566807.0,0.0,88.95,28.9,0,0,0,0,-17.42,-2.59,5.0,0.0,0
1789648955.123511,2026-09-17T18:12:35.123511,-17.42,0.0,566807.0,0.0,88.95,28.9,0,0,0,0,-17.42,-2.59,5.0,0.0,0
1789648955.1433938,2026-09-17T18:12:35.143394,-17.43,0.0,566785.0,0.0,88.95,28.9,0,0,0,0,-17.43,-2.59,5.0,0.0,0
1789648955.1632102,2026-09-17T18:12:35.163210,-17.43,0.0,566785.0,0.0,88.95,28.9,0,0,0,0,-17.43,-2.59,5.0,0.0,0
1789648955.1830835,2026-09-17T18:12:35.183084,-17.42,0.0,566785.0,0.0,88.95,28.9,0,0,0,0,-17.42,-2.59,5.0,0.0,0
1789648955.2029946,2026-09-17T18:12:35.202995,-17.43,0.0,566785.0,0.0,88.95,28.9,0,0,0,0,-17.43,-2.59,5.0,0.0,0
1789648955.2228124,2026-09-17T18:12:35.222812,-17.43,0.0,566785.0,0.0,88.95,28.9,0,0,0,0,-17.43,-2.59,5.0,0.0,0
1789648955.2429774,2026-09-17T18:12:35.242977,-17.43,0.0,566785.0,0.0,88.95,28.9,0,0,0,0,-17.43,-2.59,5.0,0.0,0
1789648955.2633114,2026-09-17T18:12:35.263311,-17.43,0.0,566785.0,0.0,88.95,28.9,0,0,0,0,-17.43,-2.59,5.0,0.0,0
1789648955.2830212,2026-09-17T18:12:35.283021,-17.43,0.0,566785.0,0.0,88.95,28.9,0,0,0,0,-17.43,-2.59,5.0,0.0,0
1789648955.303819,2026-09-17T18:12:35.303819,-17.43,0.0,566785.0,0.0,88.95,28.9,0,0,0,0,-17.43,-2.59,5.0,0.0,0
1789648955.3228602,2026-09-17T18:12:35.322860,-17.44,0.0,566868.0,0.0,88.95,28.9,0,0,0,0,-17.44,-2.59,5.0,0.0,0
1789648955.343747,2026-09-17T18:12:35.343747,-17.44,0.0,566868.0,0.0,88.95,28.9,0,0,0,0,-17.44,-2.6,5.0,0.0,0
1789648955.3636076,2026-09-17T18:12:35.363608,-17.43,0.0,566868.0,0.0,88.95,28.9,0,0,0,0,-17.43,-2.6,5.0,0.0,0
1789648955.383399,2026-09-17T18:12:35.383399,-17.43,0.0,566868.0,0.0,88.95,28.9,0,0,0,0,-17.43,-2.6,5.0,0.0,0
1789648955.4031339,2026-09-17T18:12:35.403134,-17.43,0.0,566868.0,0.0,88.95,28.9,0,0,0,0,-17.43,-2.6,5.0,0.0,0
1789648955.4229574,2026-09-17T18:12:35.422957,-17.43,0.0,566868.0,0.0,88.95,28.9,0,0,0,0,-17.43,-2.6,5.0,0.0,0
1789648955.4432616,2026-09-17T18:12:35.443262,-17.43,0.0,566868.0,0.0,88.95,28.9,0,0,0,0,-17.43,-2.6,5.0,0.0,0
1789648955.4634771,2026-09-17T18:12:35.463477,-17.43,0.0,566868.0,0.0,88.95,28.9,0,0,0,0,-17.43,-2.6,5.0,0.0,0
1789648955.4834878,2026-09-17T18:12:35.483488,-17.43,0.0,566868.0,0.0,88.95,28.9,0,0,0,0,-17.43,-2.6,5.0,0.0,0
1789648955.5039692,2026-09-17T18:12:35.503969,-17.42,0.0,566916.0,0.0,88.95,28.9,0,0,0,0,-17.42,-2.6,5.0,0.0,0
1789648955.5235574,2026-09-17T18:12:35.523557,-17.41,0.0,566916.0,0.0,88.95,28.9,0,0,0,0,-17.41,-2.6,5.0,0.0,0
1789648955.5432432,2026-09-17T18:12:35.543243,-17.42,0.0,566916.0,0.0,88.95,28.9,0,0,0,0,-17.42,-2.6,5.0,0.0,0
1789648955.5627124,2026-09-17T18:12:35.562712,-17.42,0.0,566916.0,0.0,88.95,28.9,0,0,0,0,-17.42,-2.6,5.0,0.0,0
1789648955.5833652,2026-09-17T18:12:35.583365,-17.42,0.0,566916.0,0.0,88.95,28.9,0,0,0,0,-17.42,-2.6,5.0,0.0,0
1789648955.6034682,2026-09-17T18:12:35.603468,-17.42,0.0,566916.0,0.0,88.95,28.9,0,0,0,0,-17.42,-2.6,5.0,0.0,0
1789648955.622904,2026-09-17T18:12:35.622904,-17.42,0.0,566916.0,0.0,88.95,28.9,0,0,0,0,-17.42,-2.6,5.0,0.0,0
1789648955.6436598,2026-09-17T18:12:35.643660,-17.42,0.0,566916.0,0.0,88.95,28.9,0,0,0,0,-17.42,-2.6,5.0,0.0,0
1789648955.6632793,2026-09-17T18:12:35.663279,-17.42,0.0,566916.0,0.0,88.95,28.9,0,0,0,0,-17.42,-2.6,5.0,0.0,0
1789648955.6832476,2026-09-17T18:12:35.683248,-17.41,0.0,566901.0,0.0,88.95,28.9,0,0,0,0,-17.41,-2.59,5.0,0.0,0
1789648955.7036138,2026-09-17T18:12:35.703614,-17.41,0.0,566901.0,0.0,88.95,28.9,0,0,0,0,-17.41,-2.59,5.0,0.0,0
1789648955.7229922,2026-09-17T18:12:35.722992,-17.42,0.0,566901.0,0.0,88.95,28.9,0,0,0,0,-17.42,-2.59,5.0,0.0,0
1789648955.7427351,2026-09-17T18:12:35.742735,-17.42,0.0,566901.0,0.0,88.95,28.9,0,0,0,0,-17.42,-2.6,5.0,0.0,0
1789648955.763509,2026-09-17T18:12:35.763509,-17.42,0.0,566901.0,0.0,88.95,28.9,0,0,0,0,-17.42,-2.6,5.0,0.0,0
1789648955.7833824,2026-09-17T18:12:35.783382,-17.42,0.0,566901.0,0.0,88.95,28.9,0,0,0,0,-17.42,-2.6,5.0,0.0,0
1789648955.8032448,2026-09-17T18:12:35.803245,-17.42,0.0,566901.0,0.0,88.95,28.9,0,0,0,0,-17.42,-2.6,5.0,0.0,0
1789648955.8230693,2026-09-17T18:12:35.823069,-17.42,0.0,566901.0,0.0,88.95,28.9,0,0,0,0,-17.42,-2.6,5.0,0.0,0
1789648955.8438094,2026-09-17T18:12:35.843809,-17.42,0.0,566901.0,0.0,88.95,28.9,0,0,0,0,-17.42,-2.6,5.0,0.0,0
1789648955.862926,2026-09-17T18:12:35.862926,-17.42,0.0,566889.0,0.0,88.95,28.9,0,0,0,0,-17.42,-2.6,5.0,0.0,0
1789648955.8826966,2026-09-17T18:12:35.882697,-17.44,0.0,566889.0,0.0,88.95,28.9,0,0,0,0,-17.44,-2.62,5.0,0.0,0
1789648955.9033937,2026-09-17T18:12:35.903394,-17.44,0.0,566889.0,0.0,88.95,28.9,0,0,0,0,-17.44,-2.62,5.0,0.0,0
1789648955.923588,2026-09-17T18:12:35.923588,-17.43,0.0,566889.0,0.0,88.95,28.9,0,0,0,0,-17.43,-2.61,5.0,0.0,0
1789648955.9430892,2026-09-17T18:12:35.943089,-17.44,0.0,566889.0,0.0,88.95,28.9,0,0,0,0,-17.44,-2.61,5.0,0.0,0
1789648955.9638703,2026-09-17T18:12:35.963870,-17.44,0.0,566889.0,0.0,88.95,28.9,0,0,0,0,-17.44,-2.61,5.0,0.0,0
1789648955.9837627,2026-09-17T18:12:35.983763,-17.44,0.0,566889.0,0.0,88.95,28.9,0,0,0,0,-17.44,-2.61,5.0,0.0,0
1789648956.0036445,2026-09-17T18:12:36.003644,-17.44,0.0,566889.0,0.0,88.95,28.9,0,0,0,0,-17.44,-2.61,5.0,0.0,0
1789648956.0240915,2026-09-17T18:12:36.024091,-17.44,0.0,566889.0,0.0,88.95,28.9,0,0,0,0,-17.44,-2.61,5.0,0.0,0
1789648956.0434225,2026-09-17T18:12:36.043422,-17.44,0.0,566811.0,0.0,88.95,28.9,0,0,0,0,-17.44,-2.61,5.0,0.0,0
1789648956.0633376,2026-09-17T18:12:36.063338,-17.43,0.0,566811.0,0.0,88.95,28.9,0,0,0,0,-17.43,-2.59,5.0,0.0,0
1789648956.0831647,2026-09-17T18:12:36.083165,-17.43,0.0,566811.0,0.0,88.95,28.9,0,0,0,0,-17.43,-2.59,5.0,0.0,0
1789648956.1028733,2026-09-17T18:12:36.102873,-17.43,0.0,566811.0,0.0,88.95,28.9,0,0,0,0,-17.43,-2.6,5.0,0.0,0
1789648956.1237595,2026-09-17T18:12:36.123760,-17.45,0.0,566811.0,0.0,88.95,28.9,0,0,0,0,-17.45,-2.6,5.0,0.0,0
1789648956.143713,2026-09-17T18:12:36.143713,-17.44,0.0,566811.0,0.0,88.95,28.9,0,0,0,0,-17.44,-2.59,5.0,0.0,0
1789648956.1633162,2026-09-17T18:12:36.163316,-17.44,0.0,566811.0,0.0,88.95,28.9,0,0,0,0,-17.44,-2.59,5.0,0.0,0
1789648956.182812,2026-09-17T18:12:36.182812,-17.44,0.0,566811.0,0.0,88.95,28.9,0,0,0,0,-17.44,-2.59,5.0,0.0,0
1789648956.2030349,2026-09-17T18:12:36.203035,-17.44,0.0,566811.0,0.0,88.95,28.9,0,0,0,0,-17.44,-2.59,5.0,0.0,0
1789648956.2234035,2026-09-17T18:12:36.223403,-17.44,0.0,566811.0,0.0,88.95,28.9,0,0,0,0,-17.44,-2.59,5.0,0.0,0
1789648956.2434802,2026-09-17T18:12:36.243480,-17.44,0.0,566860.0,0.0,88.95,28.9,0,0,0,0,-17.44,-2.59,5.0,0.0,0
1789648956.2632835,2026-09-17T18:12:36.263283,-17.43,0.0,566860.0,0.0,88.95,28.9,0,0,0,0,-17.43,-2.6,5.0,0.0,0
1789648956.283456,2026-09-17T18:12:36.283456,-17.43,0.0,566860.0,0.0,88.95,28.9,0,0,0,0,-17.43,-2.6,5.0,0.0,0
1789648956.304061,2026-09-17T18:12:36.304061,-17.44,0.0,566860.0,0.0,88.95,28.9,0,0,0,0,-17.44,-2.6,5.0,0.0,0
1789648956.3230622,2026-09-17T18:12:36.323062,-17.43,0.0,566860.0,0.0,88.95,28.9,0,0,0,0,-17.43,-2.6,5.0,0.0,0
1789648956.3435287,2026-09-17T18:12:36.343529,-17.43,0.0,566860.0,0.0,88.95,28.9,0,0,0,0,-17.43,-2.6,5.0,0.0,0
1789648956.3635128,2026-09-17T18:12:36.363513,-17.43,0.0,566860.0,0.0,88.95,28.9,0,0,0,0,-17.43,-2.6,5.0,0.0,0
1789648956.3833754,2026-09-17T18:12:36.383375,-17.43,0.0,566860.0,0.0,88.95,28.9,0,0,0,0,-17.43,-2.6,5.0,0.0,0
1789648956.4033773,2026-09-17T18:12:36.403377,-17.43,0.0,566860.0,0.0,88.95,28.9,0,0,0,0,-17.43,-2.6,5.0,0.0,0
1789648956.423467,2026-09-17T18:12:36.423467,-17.44,0.0,566821.0,0.0,88.95,28.9,0,0,0,0,-17.44,-2.62,5.0,0.0,0
1789648956.4434345,2026-09-17T18:12:36.443434,-17.44,0.0,566821.0,0.0,88.95,28.9,0,0,0,0,-17.44,-2.62,5.0,0.0,0
1789648956.4637644,2026-09-17T18:12:36.463764,-17.44,0.0,566821.0,0.0,88.95,28.9,0,0,0,0,-17.44,-2.62,5.0,0.0,0
1789648956.4834826,2026-09-17T18:12:36.483483,-17.44,0.0,566821.0,0.0,88.95,28.9,0,0,0,0,-17.44,-2.61,5.0,0.0,0
1789648956.5038831,2026-09-17T18:12:36.503883,-17.45,0.0,566821.0,0.0,88.95,28.9,0,0,0,0,-17.45,-2.61,5.0,0.0,0
1789648956.5238302,2026-09-17T18:12:36.523830,-17.45,0.0,566821.0,0.0,88.95,28.9,0,0,0,0,-17.45,-2.61,5.0,0.0,0
1789648956.543249,2026-09-17T18:12:36.543249,-17.45,0.0,566821.0,0.0,88.95,28.9,0,0,0,0,-17.45,-2.61,5.0,0.0,0
1789648956.5631595,2026-09-17T18:12:36.563159,-17.45,0.0,566821.0,0.0,88.95,28.9,0,0,0,0,-17.45,-2.61,5.0,0.0,0
1789648956.5837808,2026-09-17T18:12:36.583781,-17.45,0.0,566821.0,0.0,88.95,28.9,0,0,0,0,-17.45,-2.61,5.0,0.0,0
1789648956.603042,2026-09-17T18:12:36.603042,-17.43,0.0,566813.0,0.0,88.95,28.9,0,0,0,0,-17.43,-2.61,5.0,0.0,0
1789648956.6234581,2026-09-17T18:12:36.623458,-17.42,0.0,566813.0,0.0,88.95,28.9,0,0,0,0,-17.42,-2.6,5.0,0.0,0
1789648956.6439903,2026-09-17T18:12:36.643990,-17.43,0.0,566813.0,0.0,88.95,28.9,0,0,0,0,-17.43,-2.6,5.0,0.0,0
1789648956.663223,2026-09-17T18:12:36.663223,-17.43,0.0,566813.0,0.0,88.95,28.9,0,0,0,0,-17.43,-2.6,5.0,0.0,0
1789648956.6839266,2026-09-17T18:12:36.683927,-17.44,0.0,566813.0,0.0,88.95,28.9,0,0,0,0,-17.44,-2.6,5.0,0.0,0
1789648956.7037578,2026-09-17T18:12:36.703758,-17.44,0.0,566813.0,0.0,88.95,28.9,0,0,0,0,-17.44,-2.6,5.0,0.0,0
1789648956.7232661,2026-09-17T18:12:36.723266,-17.44,0.0,566813.0,0.0,88.95,28.9,0,0,0,0,-17.44,-2.6,5.0,0.0,0
1789648956.743805,2026-09-17T18:12:36.743805,-17.44,0.0,566813.0,0.0,88.95,28.9,0,0,0,0,-17.44,-2.6,5.0,0.0,0
1789648956.7636921,2026-09-17T18:12:36.763692,-17.44,0.0,566813.0,0.0,88.95,28.9,0,0,0,0,-17.44,-2.6,5.0,0.0,0
1789648956.7833843,2026-09-17T18:12:36.783384,-17.43,0.0,566824.0,0.0,88.95,28.9,0,0,0,0,-17.43,-2.6,5.0,0.0,0
1789648956.8032312,2026-09-17T18:12:36.803231,-17.42,0.0,566824.0,0.0,88.95,28.9,0,0,0,0,-17.42,-2.59,5.0,0.0,0
1789648956.8233147,2026-09-17T18:12:36.823315,-17.42,0.0,566824.0,0.0,88.95,28.9,0,0,0,0,-17.42,-2.6,5.0,0.0,0
1789648956.8430784,2026-09-17T18:12:36.843078,-17.43,0.0,566824.0,0.0,88.95,28.9,0,0,0,0,-17.43,-2.6,5.0,0.0,0
1789648956.8635428,2026-09-17T18:12:36.863543,-17.43,0.0,566824.0,0.0,88.95,28.9,0,0,0,0,-17.43,-2.6,5.0,0.0,0
1789648956.883526,2026-09-17T18:12:36.883526,-17.43,0.0,566824.0,0.0,88.95,28.9,0,0,0,0,-17.43,-2.6,5.0,0.0,0
1789648956.9033868,2026-09-17T18:12:36.903387,-17.43,0.0,566824.0,0.0,88.95,28.9,0,0,0,0,-17.43,-2.6,5.0,0.0,0
1789648956.923125,2026-09-17T18:12:36.923125,-17.43,0.0,566824.0,0.0,88.95,28.9,0,0,0,0,-17.43,-2.6,5.0,0.0,0
1789648956.9430845,2026-09-17T18:12:36.943084,-17.43,0.0,566824.0,0.0,88.95,28.9,0,0,0,0,-17.43,-2.6,5.0,0.0,0
1789648956.9631934,2026-09-17T18:12:36.963193,-17.44,0.0,566825.0,0.0,88.95,28.9,0,0,0,0,-17.44,-2.61,5.0,0.0,0
1789648956.9835215,2026-09-17T18:12:36.983521,-17.44,0.0,566825.0,0.0,88.95,28.9,0,0,0,0,-17.44,-2.61,5.0,0.0,0
1789648957.0035238,2026-09-17T18:12:37.003524,-17.43,0.0,566825.0,0.0,88.95,28.9,0,0,0,0,-17.43,-2.61,5.0,0.0,0
1789648957.023592,2026-09-17T18:12:37.023592,-17.43,0.0,566825.0,0.0,88.95,28.9,0,0,0,0,-17.43,-2.61,5.0,0.0,0
1789648957.043681,2026-09-17T18:12:37.043681,-17.44,0.0,566825.0,0.0,88.95,28.9,0,0,0,0,-17.44,-2.62,5.0,0.0,0
1789648957.0640645,2026-09-17T18:12:37.064065,-17.44,0.0,566825.0,0.0,88.95,28.9,0,0,0,0,-17.44,-2.62,5.0,0.0,0
1789648957.0834663,2026-09-17T18:12:37.083466,-17.44,0.0,566825.0,0.0,88.95,28.9,0,0,0,0,-17.44,-2.62,5.0,0.0,0
1789648957.1038413,2026-09-17T18:12:37.103841,-17.44,0.0,566825.0,0.0,88.95,28.9,0,0,0,0,-17.44,-2.62,5.0,0.0,0
1789648957.1240695,2026-09-17T18:12:37.124069,-17.44,0.0,566825.0,0.0,88.95,28.9,0,0,0,0,-17.44,-2.62,5.0,0.0,0
1789648957.1440082,2026-09-17T18:12:37.144008,-17.44,0.0,566851.0,0.0,88.95,28.9,0,0,0,0,-17.44,-2.62,5.0,0.0,0
1789648957.1634367,2026-09-17T18:12:37.163437,-17.44,0.0,566851.0,0.0,88.95,28.9,0,0,0,0,-17.44,-2.6,5.0,0.0,0
1789648957.1844742,2026-09-17T18:12:37.184474,-17.44,0.0,566851.0,0.0,88.95,28.9,0,0,0,0,-17.44,-2.6,5.0,0.0,0
1789648957.20356,2026-09-17T18:12:37.203560,-17.43,0.0,566851.0,0.0,88.95,28.9,0,0,0,0,-17.43,-2.6,5.0,0.0,0
1789648957.2231586,2026-09-17T18:12:37.223159,-17.44,0.0,566851.0,0.0,88.95,28.9,0,0,0,0,-17.44,-2.6,5.0,0.0,0
1789648957.2430553,2026-09-17T18:12:37.243055,-17.44,0.0,566851.0,0.0,88.95,28.9,0,0,0,0,-17.44,-2.59,5.0,0.0,0
1789648957.2634442,2026-09-17T18:12:37.263444,-17.44,0.0,566851.0,0.0,88.95,28.9,0,0,0,0,-17.44,-2.59,5.0,0.0,0
1789648957.2833197,2026-09-17T18:12:37.283320,-17.44,0.0,566851.0,0.0,88.95,28.9,0,0,0,0,-17.44,-2.59,5.0,0.0,0
1789648957.303152,2026-09-17T18:12:37.303152,-17.44,0.0,566851.0,0.0,88.95,28.9,0,0,0,0,-17.44,-2.59,5.0,0.0,0
1789648957.3233304,2026-09-17T18:12:37.323330,-17.44,0.0,566810.0,0.0,88.95,28.9,0,0,0,0,-17.44,-2.59,5.0,0.0,0
1789648957.3437195,2026-09-17T18:12:37.343719,-17.44,0.0,566810.0,0.0,88.95,28.9,0,0,0,0,-17.44,-2.59,5.0,0.0,0
1789648957.363334,2026-09-17T18:12:37.363334,-17.43,0.0,566810.0,0.0,88.95,28.9,0,0,0,0,-17.43,-2.58,5.0,0.0,0
1789648957.3835635,2026-09-17T18:12:37.383564,-17.43,0.0,566810.0,0.0,88.95,28.9,0,0,0,0,-17.43,-2.59,5.0,0.0,0
1789648957.4030697,2026-09-17T18:12:37.403070,-17.43,0.0,566810.0,0.0,88.95,28.9,0,0,0,0,-17.43,-2.59,5.0,0.0,0
1789648957.423407,2026-09-17T18:12:37.423407,-17.44,0.0,566810.0,0.0,88.95,28.9,0,0,0,0,-17.44,-2.59,5.0,0.0,0
1789648957.443786,2026-09-17T18:12:37.443786,-17.44,0.0,566810.0,0.0,88.95,28.9,0,0,0,0,-17.44,-2.59,5.0,0.0,0
1789648957.4636724,2026-09-17T18:12:37.463672,-17.44,0.0,566810.0,0.0,88.95,28.9,0,0,0,0,-17.44,-2.59,5.0,0.0,0
1789648957.4834628,2026-09-17T18:12:37.483463,-17.44,0.0,566810.0,0.0,88.95,28.9,0,0,0,0,-17.44,-2.59,5.0,0.0,0
1789648957.5032508,2026-09-17T18:12:37.503251,-17.44,0.0,566810.0,0.0,88.95,28.9,0,0,0,0,-17.44,-2.59,5.0,0.0,0
1789648957.5232084,2026-09-17T18:12:37.523208,-17.44,0.0,566800.0,0.0,88.95,28.9,0,0,0,0,-17.44,-2.59,5.0,0.0,0
1789648957.5434084,2026-09-17T18:12:37.543408,-17.45,0.0,566800.0,0.0,88.95,28.9,0,0,0,0,-17.45,-2.59,5.0,0.0,0
1789648957.5634584,2026-09-17T18:12:37.563458,-17.44,0.0,566800.0,0.0,88.95,28.9,0,0,0,0,-17.44,-2.59,5.0,0.0,0
1789648957.583701,2026-09-17T18:12:37.583701,-17.44,0.0,566800.0,0.0,88.95,28.9,0,0,0,0,-17.44,-2.59,5.0,0.0,0
1789648957.6036813,2026-09-17T18:12:37.603681,-17.44,0.0,566800.0,0.0,88.95,28.9,0,0,0,0,-17.44,-2.6,5.0,0.0,0
1789648957.623663,2026-09-17T18:12:37.623663,-17.44,0.0,566800.0,0.0,88.95,28.9,0,0,0,0,-17.44,-2.6,5.0,0.0,0
1789648957.6434557,2026-09-17T18:12:37.643456,-17.44,0.0,566800.0,0.0,88.95,28.9,0,0,0,0,-17.44,-2.6,5.0,0.0,0
1789648957.6631966,2026-09-17T18:12:37.663197,-17.44,0.0,566800.0,0.0,88.95,28.9,0,0,0,0,-17.44,-2.6,5.0,0.0,0
1789648957.6837559,2026-09-17T18:12:37.683756,-17.44,0.0,566800.0,0.0,88.95,28.9,0,0,0,0,-17.44,-2.6,5.0,0.0,0
1789648957.7039351,2026-09-17T18:12:37.703935,-17.41,0.0,566849.0,0.0,88.95,28.9,0,0,0,0,-17.41,-2.57,5.0,0.0,0
1789648957.7237325,2026-09-17T18:12:37.723732,-17.41,0.0,566849.0,0.0,88.95,28.9,0,0,0,0,-17.41,-2.57,5.0,0.0,0
1789648957.7437906,2026-09-17T18:12:37.743791,-17.42,0.0,566849.0,0.0,88.95,28.9,0,0,0,0,-17.42,-2.58,5.0,0.0,0
1789648957.7634194,2026-09-17T18:12:37.763419,-17.43,0.0,566849.0,0.0,88.95,28.9,0,0,0,0,-17.43,-2.58,5.0,0.0,0
1789648957.7832177,2026-09-17T18:12:37.783218,-17.42,0.0,566849.0,0.0,88.95,28.9,0,0,0,0,-17.42,-2.58,5.0,0.0,0
1789648957.8030798,2026-09-17T18:12:37.803080,-17.42,0.0,566849.0,0.0,88.95,28.9,0,0,0,0,-17.42,-2.58,5.0,0.0,0
1789648957.8225842,2026-09-17T18:12:37.822584,-17.42,0.0,566849.0,0.0,88.95,28.9,0,0,0,0,-17.42,-2.58,5.0,0.0,0
1789648957.844011,2026-09-17T18:12:37.844011,-17.42,0.0,566849.0,0.0,88.95,28.9,0,0,0,0,-17.42,-2.58,5.0,0.0,0
1789648957.8633442,2026-09-17T18:12:37.863344,-17.42,0.0,566849.0,0.0,88.95,28.9,0,0,0,0,-17.42,-2.58,5.0,0.0,0
1789648957.8835006,2026-09-17T18:12:37.883501,-17.43,0.0,566871.0,0.0,88.95,28.9,0,0,0,0,-17.43,-2.58,5.0,0.0,0
1789648957.9036117,2026-09-17T18:12:37.903612,-17.43,0.0,566871.0,0.0,88.95,28.9,0,0,0,0,-17.43,-2.58,5.0,0.0,0
1789648957.923208,2026-09-17T18:12:37.923208,-17.42,0.0,566871.0,0.0,88.95,28.9,0,0,0,0,-17.42,-2.58,5.0,0.0,0
1789648957.9429755,2026-09-17T18:12:37.942976,-17.43,0.0,566871.0,0.0,88.95,28.9,0,0,0,0,-17.43,-2.58,5.0,0.0,0
1789648957.9629261,2026-09-17T18:12:37.962926,-17.43,0.0,566871.0,0.0,88.95,28.9,0,0,0,0,-17.43,-2.58,5.0,0.0,0
1789648957.9836652,2026-09-17T18:12:37.983665,-17.43,0.0,566871.0,0.0,88.95,28.9,0,0,0,0,-17.43,-2.58,5.0,0.0,0
1789648958.0036926,2026-09-17T18:12:38.003693,-17.43,0.0,566871.0,0.0,88.95,28.9,0,0,0,0,-17.43,-2.58,5.0,0.0,0
1789648958.0227,2026-09-17T18:12:38.022700,-17.43,0.0,566871.0,0.0,88.95,28.9,0,0,0,0,-17.43,-2.58,5.0,0.0,0
1789648958.043531,2026-09-17T18:12:38.043531,-17.43,0.0,566871.0,0.0,88.95,28.9,0,0,0,0,-17.43,-2.58,5.0,0.0,0
1789648958.0639267,2026-09-17T18:12:38.063927,-17.43,0.0,566862.0,0.0,88.95,28.9,0,0,0,0,-17.43,-2.59,5.0,0.0,0
1789648958.0831656,2026-09-17T18:12:38.083166,-17.44,0.0,566862.0,0.0,88.95,28.9,0,0,0,0,-17.44,-2.59,5.0,0.0,0
1789648958.1034715,2026-09-17T18:12:38.103472,-17.44,0.0,566862.0,0.0,88.95,28.9,0,0,0,0,-17.44,-2.59,5.0,0.0,0
1789648958.1233647,2026-09-17T18:12:38.123365,-17.44,0.0,566862.0,0.0,88.95,28.9,0,0,0,0,-17.44,-2.6,5.0,0.0,0
1789648958.1436367,2026-09-17T18:12:38.143637,-17.44,0.0,566862.0,0.0,88.95,28.9,0,0,0,0,-17.44,-2.6,5.0,0.0,0
1789648958.1632016,2026-09-17T18:12:38.163202,-17.43,0.0,566862.0,0.0,88.95,28.9,0,0,0,0,-17.43,-2.6,5.0,0.0,0
1789648958.1843147,2026-09-17T18:12:38.184315,-17.43,0.0,566862.0,0.0,88.95,28.9,0,0,0,0,-17.43,-2.6,5.0,0.0,0
1789648958.203265,2026-09-17T18:12:38.203265,-17.43,0.0,566862.0,0.0,88.95,28.9,0,0,0,0,-17.43,-2.6,5.0,0.0,0
1789648958.2237215,2026-09-17T18:12:38.223722,-17.43,0.0,566862.0,0.0,88.95,28.9,0,0,0,0,-17.43,-2.6,5.0,0.0,0
1789648958.2436335,2026-09-17T18:12:38.243634,-17.43,0.0,566821.0,0.0,88.95,28.9,0,0,0,0,-17.43,-2.6,5.0,0.0,0
1789648958.263389,2026-09-17T18:12:38.263389,-17.43,0.0,566821.0,0.0,88.95,28.9,0,0,0,0,-17.43,-2.59,5.0,0.0,0
1789648958.283313,2026-09-17T18:12:38.283313,-17.43,0.0,566821.0,0.0,88.95,28.9,0,0,0,0,-17.43,-2.6,5.0,0.0,0
1789648958.3030906,2026-09-17T18:12:38.303091,-17.44,0.0,566821.0,0.0,88.95,28.9,0,0,0,0,-17.44,-2.59,5.0,0.0,0
1789648958.3229108,2026-09-17T18:12:38.322911,-17.44,0.0,566821.0,0.0,88.95,28.9,0,0,0,0,-17.44,-2.6,5.0,0.0,0
1789648958.3438096,2026-09-17T18:12:38.343810,-17.44,0.0,566821.0,0.0,88.95,28.9,0,0,0,0,-17.44,-2.6,5.0,0.0,0
1789648958.3636432,2026-09-17T18:12:38.363643,-17.44,0.0,566821.0,0.0,88.95,28.9,0,0,0,0,-17.44,-2.6,5.0,0.0,0
1789648958.3835766,2026-09-17T18:12:38.383577,-17.44,0.0,566821.0,0.0,88.95,28.9,0,0,0,0,-17.44,-2.6,5.0,0.0,0
1789648958.4032798,2026-09-17T18:12:38.403280,-17.44,0.0,566821.0,0.0,88.95,28.9,0,0,0,0,-17.44,-2.6,5.0,0.0,0
1789648958.4231732,2026-09-17T18:12:38.423173,-17.44,0.0,566874.0,0.0,88.95,28.9,0,0,0,0,-17.44,-2.6,5.0,0.0,0
1789648958.4435837,2026-09-17T18:12:38.443584,-17.44,0.0,566874.0,0.0,88.95,28.9,0,0,0,0,-17.44,-2.6,5.0,0.0,0
1789648958.4635592,2026-09-17T18:12:38.463559,-17.44,0.0,566874.0,0.0,88.95,28.9,0,0,0,0,-17.44,-2.6,5.0,0.0,0
1789648958.4834366,2026-09-17T18:12:38.483437,-17.43,0.0,566874.0,0.0,88.95,28.9,0,0,0,0,-17.43,-2.6,5.0,0.0,0
1789648958.5039234,2026-09-17T18:12:38.503923,-17.44,0.0,566874.0,0.0,88.95,28.9,0,0,0,0,-17.44,-2.6,5.0,0.0,0
1789648958.5232534,2026-09-17T18:12:38.523253,-17.44,0.0,566874.0,0.0,88.95,28.9,0,0,0,0,-17.44,-2.6,5.0,0.0,0
1789648958.5432968,2026-09-17T18:12:38.543297,-17.44,0.0,566874.0,0.0,88.95,28.9,0,0,0,0,-17.44,-2.6,5.0,0.0,0
1789648958.5632064,2026-09-17T18:12:38.563206,-17.44,0.0,566874.0,0.0,88.95,28.9,0,0,0,0,-17.44,-2.6,5.0,0.0,0
1789648958.5838435,2026-09-17T18:12:38.583843,-17.44,0.0,566874.0,0.0,88.95,28.9,0,0,0,0,-17.44,-2.6,5.0,0.0,0
1789648958.603673,2026-09-17T18:12:38.603673,-17.44,0.0,566874.0,0.0,88.95,28.9,0,0,0,0,-17.44,-2.6,5.0,0.0,0
1789648958.6235256,2026-09-17T18:12:38.623526,-17.44,0.0,566833.0,0.0,88.95,28.9,0,0,0,0,-17.44,-2.6,5.0,0.0,0
1789648958.6433213,2026-09-17T18:12:38.643321,-17.44,0.0,566833.0,0.0,88.95,28.9,0,0,0,0,-17.44,-2.6,5.0,0.0,0
1789648958.6632013,2026-09-17T18:12:38.663201,-17.44,0.0,566833.0,0.0,88.95,28.9,0,0,0,0,-17.44,-2.6,5.0,0.0,0
1789648958.6837065,2026-09-17T18:12:38.683707,-17.44,0.0,566833.0,0.0,88.95,28.9,0,0,0,0,-17.44,-2.6,5.0,0.0,0
1789648958.7039058,2026-09-17T18:12:38.703906,-17.44,0.0,566833.0,0.0,88.95,28.9,0,0,0,0,-17.44,-2.6,5.0,0.0,0
1789648958.7227333,2026-09-17T18:12:38.722733,-17.44,0.0,566833.0,0.0,88.95,28.9,0,0,0,0,-17.44,-2.6,5.0,0.0,0
1789648958.743549,2026-09-17T18:12:38.743549,-17.44,0.0,566833.0,0.0,88.95,28.9,0,0,0,0,-17.44,-2.6,5.0,0.0,0
1789648958.7634568,2026-09-17T18:12:38.763457,-17.44,0.0,566833.0,0.0,88.95,28.9,0,0,0,0,-17.44,-2.6,5.0,0.0,0
1789648958.783281,2026-09-17T18:12:38.783281,-17.44,0.0,566833.0,0.0,88.95,28.9,0,0,0,0,-17.44,-2.6,5.0,0.0,0
1789648958.8031435,2026-09-17T18:12:38.803144,-17.43,0.0,566806.0,0.0,88.95,28.9,0,0,0,0,-17.43,-2.59,5.0,0.0,0
1789648958.8228912,2026-09-17T18:12:38.822891,-17.42,0.0,566806.0,0.0,88.95,28.9,0,0,0,0,-17.42,-2.59,5.0,0.0,0
1789648958.843821,2026-09-17T18:12:38.843821,-17.42,0.0,566806.0,0.0,88.95,28.9,0,0,0,0,-17.42,-2.59,5.0,0.0,0
1789648958.8635993,2026-09-17T18:12:38.863599,-17.43,0.0,566806.0,0.0,88.95,28.9,0,0,0,0,-17.43,-2.59,5.0,0.0,0
1789648958.883871,2026-09-17T18:12:38.883871,-17.43,0.0,566806.0,0.0,88.95,28.9,0,0,0,0,-17.43,-2.59,5.0,0.0,0
1789648958.9033217,2026-09-17T18:12:38.903322,-17.43,0.0,566806.0,0.0,88.95,28.9,0,0,0,0,-17.43,-2.59,5.0,0.0,0
1789648958.9231808,2026-09-17T18:12:38.923181,-17.43,0.0,566806.0,0.0,88.95,28.9,0,0,0,0,-17.43,-2.59,5.0,0.0,0
1789648958.9429839,2026-09-17T18:12:38.942984,-17.43,0.0,566806.0,0.0,88.95,28.9,0,0,0,0,-17.43,-2.59,5.0,0.0,0
1789648958.9633179,2026-09-17T18:12:38.963318,-17.43,0.0,566806.0,0.0,88.95,28.9,0,0,0,0,-17.43,-2.59,5.0,0.0,0
1789648958.9831395,2026-09-17T18:12:38.983140,-17.42,0.0,566869.0,0.0,88.95,28.9,0,0,0,0,-17.42,-2.59,5.0,0.0,0
1789648959.0034192,2026-09-17T18:12:39.003419,-17.43,0.0,566869.0,0.0,88.95,28.9,0,0,0,0,-17.43,-2.59,5.0,0.0,0
1789648959.023969,2026-09-17T18:12:39.023969,-17.43,0.0,566869.0,0.0,88.95,28.9,0,0,0,0,-17.43,-2.59,5.0,0.0,0
1789648959.0429587,2026-09-17T18:12:39.042959,-17.43,0.0,566869.0,0.0,88.95,28.9,0,0,0,0,-17.43,-2.6,5.0,0.0,0
1789648959.0631452,2026-09-17T18:12:39.063145,-17.44,0.0,566869.0,0.0,88.95,28.9,0,0,0,0,-17.44,-2.59,5.0,0.0,0
1789648959.083126,2026-09-17T18:12:39.083126,-17.44,0.0,566869.0,0.0,88.95,28.9,0,0,0,0,-17.44,-2.59,5.0,0.0,0
1789648959.1028497,2026-09-17T18:12:39.102850,-17.44,0.0,566869.0,0.0,88.95,28.9,0,0,0,0,-17.44,-2.59,5.0,0.0,0
1789648959.1232862,2026-09-17T18:12:39.123286,-17.44,0.0,566869.0,0.0,88.95,28.9,0,0,0,0,-17.44,-2.59,5.0,0.0,0
1789648959.1433942,2026-09-17T18:12:39.143394,-17.44,0.0,566869.0,0.0,88.95,28.9,0,0,0,0,-17.44,-2.59,5.0,0.0,0
1789648959.1632557,2026-09-17T18:12:39.163256,-17.43,0.0,566846.0,0.0,88.95,28.9,0,0,0,0,-17.43,-2.6,5.0,0.0,0
1789648959.1836717,2026-09-17T18:12:39.183672,-17.44,0.0,566846.0,0.0,88.95,28.9,0,0,0,0,-17.44,-2.59,5.0,0.0,0
1789648959.202986,2026-09-17T18:12:39.202986,-17.43,0.0,566846.0,0.0,88.95,28.9,0,0,0,0,-17.43,-2.6,5.0,0.0,0
1789648959.2237728,2026-09-17T18:12:39.223773,-17.43,0.0,566846.0,0.0,88.95,28.9,0,0,0,0,-17.43,-2.6,5.0,0.0,0
1789648959.2435815,2026-09-17T18:12:39.243582,-17.43,0.0,566846.0,0.0,88.95,28.9,0,0,0,0,-17.43,-2.6,5.0,0.0,0
1789648959.2633522,2026-09-17T18:12:39.263352,-17.43,0.0,566846.0,0.0,88.95,28.9,0,0,0,0,-17.43,-2.6,5.0,0.0,0
1789648959.2832148,2026-09-17T18:12:39.283215,-17.43,0.0,566846.0,0.0,88.95,28.9,0,0,0,0,-17.43,-2.6,5.0,0.0,0
1789648959.303085,2026-09-17T18:12:39.303085,-17.43,0.0,566846.0,0.0,88.95,28.9,0,0,0,0,-17.43,-2.6,5.0,0.0,0
1789648959.3228958,2026-09-17T18:12:39.322896,-17.43,0.0,566846.0,0.0,88.95,28.9,0,0,0,0,-17.43,-2.6,5.0,0.0,0
1789648959.3437104,2026-09-17T18:12:39.343710,-17.43,0.0,566835.0,0.0,88.95,28.9,0,0,0,0,-17.43,-2.59,5.0,0.0,0
1789648959.3636746,2026-09-17T18:12:39.363675,-17.43,0.0,566835.0,0.0,88.95,28.9,0,0,0,0,-17.43,-2.59,5.0,0.0,0
1789648959.3835363,2026-09-17T18:12:39.383536,-17.43,0.0,566835.0,0.0,88.95,28.9,0,0,0,0,-17.43,-2.6,5.0,0.0,0
1789648959.4036791,2026-09-17T18:12:39.403679,-17.43,0.0,566835.0,0.0,88.95,28.9,0,0,0,0,-17.43,-2.6,5.0,0.0,0
1789648959.4236033,2026-09-17T18:12:39.423603,-17.43,0.0,566835.0,0.0,88.95,28.9,0,0,0,0,-17.43,-2.6,5.0,0.0,0
1789648959.4429424,2026-09-17T18:12:39.442942,-17.43,0.0,566835.0,0.0,88.95,28.9,0,0,0,0,-17.43,-2.6,5.0,0.0,0
1789648959.463795,2026-09-17T18:12:39.463795,-17.43,0.0,566835.0,0.0,88.95,28.9,0,0,0,0,-17.43,-2.6,5.0,0.0,0
1789648959.4835904,2026-09-17T18:12:39.483590,-17.43,0.0,566835.0,0.0,88.95,28.9,0,0,0,0,-17.43,-2.6,5.0,0.0,0
1789648959.5031412,2026-09-17T18:12:39.503141,-17.43,0.0,566835.0,0.0,88.95,28.9,0,0,0,0,-17.43,-2.6,5.0,0.0,0
1789648959.5233536,2026-09-17T18:12:39.523354,-17.43,0.0,566825.0,0.0,88.95,28.9,0,0,0,0,-17.43,-2.6,5.0,0.0,0
1789648959.5437212,2026-09-17T18:12:39.543721,-17.44,0.0,566825.0,0.0,88.95,28.9,0,0,0,0,-17.44,-2.6,5.0,0.0,0
1789648959.5630653,2026-09-17T18:12:39.563065,-17.44,0.0,566825.0,0.0,88.95,28.9,0,0,0,0,-17.44,-2.6,5.0,0.0,0
1789648959.5827928,2026-09-17T18:12:39.582793,-17.43,0.0,566825.0,0.0,88.95,28.9,0,0,0,0,-17.43,-2.6,5.0,0.0,0
1789648959.6037662,2026-09-17T18:12:39.603766,-17.44,0.0,566825.0,0.0,88.95,28.9,0,0,0,0,-17.44,-2.6,5.0,0.0,0
1789648959.6232882,2026-09-17T18:12:39.623288,-17.44,0.0,566825.0,0.0,88.95,28.9,0,0,0,0,-17.44,-2.6,5.0,0.0,0
1789648959.6431465,2026-09-17T18:12:39.643147,-17.44,0.0,566825.0,0.0,88.95,28.9,0,0,0,0,-17.44,-2.6,5.0,0.0,0
1789648959.662776,2026-09-17T18:12:39.662776,-17.44,0.0,566825.0,0.0,88.95,28.9,0,0,0,0,-17.44,-2.6,5.0,0.0,0
1789648959.6837244,2026-09-17T18:12:39.683724,-17.44,0.0,566825.0,0.0,88.95,28.9,0,0,0,0,-17.44,-2.6,5.0,0.0,0
1789648959.7032564,2026-09-17T18:12:39.703256,-17.44,0.0,566863.0,0.0,88.95,28.9,0,0,0,0,-17.44,-2.6,5.0,0.0,0
1789648959.7229314,2026-09-17T18:12:39.722931,-17.44,0.0,566863.0,0.0,88.95,28.9,0,0,0,0,-17.44,-2.6,5.0,0.0,0
1789648959.7433386,2026-09-17T18:12:39.743339,-17.44,0.0,566863.0,0.0,88.95,28.9,0,0,0,0,-17.44,-2.6,5.0,0.0,0
1789648959.7636054,2026-09-17T18:12:39.763605,-17.44,0.0,566863.0,0.0,88.95,28.9,0,0,0,0,-17.44,-2.6,5.0,0.0,0
1789648959.7834158,2026-09-17T18:12:39.783416,-17.44,0.0,566863.0,0.0,88.95,28.9,0,0,0,0,-17.44,-2.6,5.0,0.0,0
1789648959.8033724,2026-09-17T18:12:39.803372,-17.43,0.0,566863.0,0.0,88.95,28.9,0,0,0,0,-17.43,-2.61,5.0,0.0,0
1789648959.8241217,2026-09-17T18:12:39.824122,-17.43,0.0,566863.0,0.0,88.95,28.9,0,0,0,0,-17.43,-2.61,5.0,0.0,0
1789648959.8438518,2026-09-17T18:12:39.843852,-17.43,0.0,566863.0,0.0,88.95,28.9,0,0,0,0,-17.43,-2.61,5.0,0.0,0
1789648959.863856,2026-09-17T18:12:39.863856,-17.43,0.0,566863.0,0.0,88.95,28.9,0,0,0,0,-17.43,-2.61,5.0,0.0,0
1789648959.8833652,2026-09-17T18:12:39.883365,-17.43,0.0,566863.0,0.0,88.95,28.9,0,0,0,0,-17.43,-2.61,5.0,0.0,0
1789648959.9035692,2026-09-17T18:12:39.903569,-17.45,0.0,566843.0,0.0,88.95,28.9,0,0,0,0,-17.45,-2.62,5.0,0.0,0
1789648959.9233768,2026-09-17T18:12:39.923377,-17.44,0.0,566843.0,0.0,88.95,28.9,0,0,0,0,-17.44,-2.62,5.0,0.0,0
1789648959.9431365,2026-09-17T18:12:39.943136,-17.44,0.0,566843.0,0.0,88.95,28.9,0,0,0,0,-17.44,-2.61,5.0,0.0,0
1789648959.963067,2026-09-17T18:12:39.963067,-17.44,0.0,566843.0,0.0,88.95,28.9,0,0,0,0,-17.44,-2.61,5.0,0.0,0
1789648959.9839413,2026-09-17T18:12:39.983941,-17.45,0.0,566843.0,0.0,88.95,28.9,0,0,0,0,-17.45,-2.62,5.0,0.0,0
1789648960.0035682,2026-09-17T18:12:40.003568,-17.45,0.0,566843.0,0.0,88.95,28.9,0,0,0,0,-17.45,-2.62,5.0,0.0,0
1789648960.0233033,2026-09-17T18:12:40.023303,-17.45,0.0,566843.0,0.0,88.95,28.9,0,0,0,0,-17.45,-2.62,5.0,0.0,0
1789648960.0435994,2026-09-17T18:12:40.043599,-17.45,0.0,566843.0,0.0,88.95,28.9,0,0,0,0,-17.45,-2.62,5.0,0.0,0
1789648960.0628815,2026-09-17T18:12:40.062881,-17.45,0.0,566843.0,0.0,88.95,28.9,0,0,0,0,-17.45,-2.62,5.0,0.0,0
1789648960.0836687,2026-09-17T18:12:40.083669,-17.43,0.0,566843.0,0.0,88.95,28.9,0,0,0,0,-17.43,-2.61,5.0,0.0,0
1789648960.1029916,2026-09-17T18:12:40.102992,-17.43,0.0,566843.0,0.0,88.95,28.9,0,0,0,0,-17.43,-2.61,5.0,0.0,0
1789648960.1233382,2026-09-17T18:12:40.123338,-17.44,0.0,566843.0,0.0,88.95,28.9,0,0,0,0,-17.44,-2.61,5.0,0.0,0
1789648960.143564,2026-09-17T18:12:40.143564,-17.43,0.0,566843.0,0.0,88.95,28.9,0,0,0,0,-17.43,-2.61,5.0,0.0,0
1789648960.1639524,2026-09-17T18:12:40.163952,-17.43,0.0,566843.0,0.0,88.95,28.9,0,0,0,0,-17.43,-2.61,5.0,0.0,0
1789648960.1837811,2026-09-17T18:12:40.183781,-17.43,0.0,566843.0,0.0,88.95,28.9,0,0,0,0,-17.43,-2.61,5.0,0.0,0
1789648960.203327,2026-09-17T18:12:40.203327,-17.43,0.0,566843.0,0.0,88.95,28.9,0,0,0,0,-17.43,-2.61,5.0,0.0,0
1789648960.222938,2026-09-17T18:12:40.222938,-17.43,0.0,566843.0,0.0,88.95,28.9,0,0,0,0,-17.43,-2.61,5.0,0.0,0
1789648960.2433298,2026-09-17T18:12:40.243330,-17.43,0.0,566843.0,0.0,88.95,28.9,0,0,0,0,-17.43,-2.61,5.0,0.0,0
1789648960.2636108,2026-09-17T18:12:40.263611,-17.42,0.0,566798.0,0.0,88.95,28.9,0,0,0,0,-17.42,-2.59,5.0,0.0,0
1789648960.2834957,2026-09-17T18:12:40.283496,-17.42,0.0,566798.0,0.0,88.95,28.9,0,0,0,0,-17.42,-2.58,5.0,0.0,0
1789648960.302892,2026-09-17T18:12:40.302892,-17.42,0.0,566798.0,0.0,88.95,28.9,0,0,0,0,-17.42,-2.58,5.0,0.0,0
1789648960.3236845,2026-09-17T18:12:40.323684,-17.43,0.0,566798.0,0.0,88.95,28.9,0,0,0,0,-17.43,-2.58,5.0,0.0,0
1789648960.3437283,2026-09-17T18:12:40.343728,-17.43,0.0,566798.0,0.0,88.95,28.9,0,0,0,0,-17.43,-2.59,5.0,0.0,0
1789648960.3634012,2026-09-17T18:12:40.363401,-17.43,0.0,566798.0,0.0,88.95,28.9,0,0,0,0,-17.43,-2.59,5.0,0.0,0
1789648960.383432,2026-09-17T18:12:40.383432,-17.43,0.0,566798.0,0.0,88.95,28.9,0,0,0,0,-17.43,-2.59,5.0,0.0,0
1789648960.4034445,2026-09-17T18:12:40.403445,-17.43,0.0,566798.0,0.0,88.95,28.9,0,0,0,0,-17.43,-2.59,5.0,0.0,0
1789648960.4239378,2026-09-17T18:12:40.423938,-17.43,0.0,566798.0,0.0,88.95,28.9,0,0,0,0,-17.43,-2.59,5.0,0.0,0
1789648960.4440856,2026-09-17T18:12:40.444086,-17.43,0.0,566825.0,0.0,88.95,28.9,0,0,0,0,-17.43,-2.59,5.0,0.0,0
1789648960.4635506,2026-09-17T18:12:40.463551,-17.43,0.0,566825.0,0.0,88.95,28.9,0,0,0,0,-17.43,-2.6,5.0,0.0,0
1789648960.4835918,2026-09-17T18:12:40.483592,-17.43,0.0,566825.0,0.0,88.95,28.9,0,0,0,0,-17.43,-2.6,5.0,0.0,0
1789648960.5034578,2026-09-17T18:12:40.503458,-17.43,0.0,566825.0,0.0,88.95,28.9,0,0,0,0,-17.43,-2.6,5.0,0.0,0
1789648960.5235143,2026-09-17T18:12:40.523514,-17.43,0.0,566825.0,0.0,88.95,28.9,0,0,0,0,-17.43,-2.6,5.0,0.0,0
1789648960.5436504,2026-09-17T18:12:40.543650,-17.43,0.0,566825.0,0.0,88.95,28.9,0,0,0,0,-17.43,-2.6,5.0,0.0,0
1789648960.5629373,2026-09-17T18:12:40.562937,-17.43,0.0,566825.0,0.0,88.95,28.9,0,0,0,0,-17.43,-2.6,5.0,0.0,0
1789648960.5836515,2026-09-17T18:12:40.583652,-17.43,0.0,566825.0,0.0,88.95,28.9,0,0,0,0,-17.43,-2.6,5.0,0.0,0
1789648960.6037211,2026-09-17T18:12:40.603721,-17.43,0.0,566825.0,0.0,88.95,28.9,0,0,0,0,-17.43,-2.6,5.0,0.0,0
1789648960.6232607,2026-09-17T18:12:40.623261,-17.43,0.0,566871.0,0.0,88.95,28.9,0,0,0,0,-17.43,-2.6,5.0,0.0,0
1789648960.643647,2026-09-17T18:12:40.643647,-17.4,0.0,566871.0,0.0,88.95,28.9,0,0,0,0,-17.4,-2.57,5.0,0.0,0
1789648960.6631975,2026-09-17T18:12:40.663198,-17.4,0.0,566871.0,0.0,88.95,28.9,0,0,0,0,-17.4,-2.58,5.0,0.0,0
1789648960.6837032,2026-09-17T18:12:40.683703,-17.4,0.0,566871.0,0.0,88.95,28.9,0,0,0,0,-17.4,-2.59,5.0,0.0,0
1789648960.703098,2026-09-17T18:12:40.703098,-17.4,0.0,566871.0,0.0,88.95,28.9,0,0,0,0,-17.4,-2.58,5.0,0.0,0
1789648960.7238586,2026-09-17T18:12:40.723859,-17.4,0.0,566871.0,0.0,88.95,28.9,0,0,0,0,-17.4,-2.58,5.0,0.0,0
1789648960.7431314,2026-09-17T18:12:40.743131,-17.4,0.0,566871.0,0.0,88.95,28.9,0,0,0,0,-17.4,-2.58,5.0,0.0,0
1789648960.7634888,2026-09-17T18:12:40.763489,-17.4,0.0,566871.0,0.0,88.95,28.9,0,0,0,0,-17.4,-2.58,5.0,0.0,0
1789648960.7832973,2026-09-17T18:12:40.783297,-17.4,0.0,566871.0,0.0,88.95,28.9,0,0,0,0,-17.4,-2.58,5.0,0.0,0
1789648960.803337,2026-09-17T18:12:40.803337,-17.4,0.0,566846.0,0.0,88.95,28.9,0,0,0,0,-17.4,-2.58,5.0,0.0,0
1789648960.8239267,2026-09-17T18:12:40.823927,-17.4,0.0,566846.0,0.0,88.95,28.9,0,0,0,0,-17.4,-2.59,5.0,0.0,0
1789648960.8436866,2026-09-17T18:12:40.843687,-17.4,0.0,566846.0,0.0,88.95,28.9,0,0,0,0,-17.4,-2.59,5.0,0.0,0
1789648960.8637521,2026-09-17T18:12:40.863752,-17.39,0.0,566846.0,0.0,88.95,28.9,0,0,0,0,-17.39,-2.59,5.0,0.0,0
1789648960.8833926,2026-09-17T18:12:40.883393,-17.4,0.0,566846.0,0.0,88.95,28.9,0,0,0,0,-17.4,-2.59,5.0,0.0,0
1789648960.9040792,2026-09-17T18:12:40.904079,-17.4,0.0,566846.0,0.0,88.95,28.9,0,0,0,0,-17.4,-2.59,5.0,0.0,0
1789648960.9230738,2026-09-17T18:12:40.923074,-17.4,0.0,566846.0,0.0,88.95,28.9,0,0,0,0,-17.4,-2.59,5.0,0.0,0
1789648960.9439805,2026-09-17T18:12:40.943980,-17.4,0.0,566846.0,0.0,88.95,28.9,0,0,0,0,-17.4,-2.59,5.0,0.0,0
1789648960.9637988,2026-09-17T18:12:40.963799,-17.4,0.0,566846.0,0.0,88.95,28.9,0,0,0,0,-17.4,-2.59,5.0,0.0,0
1789648960.983443,2026-09-17T18:12:40.983443,-17.4,0.0,566813.0,0.0,88.95,28.9,0,0,0,0,-17.4,-2.59,5.0,0.0,0
1789648961.0035577,2026-09-17T18:12:41.003558,-17.38,0.0,566813.0,0.0,88.95,28.9,0,0,0,0,-17.38,-2.57,5.0,0.0,0
1789648961.0240014,2026-09-17T18:12:41.024001,-17.38,0.0,566813.0,0.0,88.95,28.9,0,0,0,0,-17.38,-2.58,5.0,0.0,0
1789648961.0429852,2026-09-17T18:12:41.042985,-17.4,0.0,566813.0,0.0,88.95,28.9,0,0,0,0,-17.4,-2.59,5.0,0.0,0
1789648961.0630877,2026-09-17T18:12:41.063088,-17.4,0.0,566813.0,0.0,88.95,28.9,0,0,0,0,-17.4,-2.59,5.0,0.0,0
1789648961.0835567,2026-09-17T18:12:41.083557,-17.4,0.0,566813.0,0.0,88.95,28.9,0,0,0,0,-17.4,-2.6,5.0,0.0,0
1789648961.1035478,2026-09-17T18:12:41.103548,-17.4,0.0,566813.0,0.0,88.95,28.9,0,0,0,0,-17.4,-2.6,5.0,0.0,0
1789648961.1239157,2026-09-17T18:12:41.123916,-17.4,0.0,566813.0,0.0,88.95,28.9,0,0,0,0,-17.4,-2.6,5.0,0.0,0
1789648961.1431148,2026-09-17T18:12:41.143115,-17.4,0.0,566813.0,0.0,88.95,28.9,0,0,0,0,-17.4,-2.6,5.0,0.0,0
1789648961.1640165,2026-09-17T18:12:41.164016,-17.4,0.0,566813.0,0.0,88.95,28.9,0,0,0,0,-17.4,-2.6,5.0,0.0,0
1789648961.1837375,2026-09-17T18:12:41.183738,-17.41,0.0,566819.0,0.0,88.95,28.9,0,0,0,0,-17.41,-2.59,5.0,0.0,0
1789648961.2036843,2026-09-17T18:12:41.203684,-17.41,0.0,566819.0,0.0,88.95,28.9,0,0,0,0,-17.41,-2.6,5.0,0.0,0
1789648961.2239318,2026-09-17T18:12:41.223932,-17.4,0.0,566819.0,0.0,88.95,28.9,0,0,0,0,-17.4,-2.6,5.0,0.0,0
1789648961.2433095,2026-09-17T18:12:41.243309,-17.4,0.0,566819.0,0.0,88.95,28.9,0,0,0,0,-17.4,-2.59,5.0,0.0,0
1789648961.263379,2026-09-17T18:12:41.263379,-17.4,0.0,566819.0,0.0,88.95,28.9,0,0,0,0,-17.4,-2.59,5.0,0.0,0
1789648961.2834084,2026-09-17T18:12:41.283408,-17.4,0.0,566819.0,0.0,88.95,28.9,0,0,0,0,-17.4,-2.59,5.0,0.0,0
1789648961.303871,2026-09-17T18:12:41.303871,-17.4,0.0,566819.0,0.0,88.95,28.9,0,0,0,0,-17.4,-2.59,5.0,0.0,0
1789648961.3240643,2026-09-17T18:12:41.324064,-17.4,0.0,566819.0,0.0,88.95,28.9,0,0,0,0,-17.4,-2.59,5.0,0.0,0
1789648961.343436,2026-09-17T18:12:41.343436,-17.4,0.0,566819.0,0.0,88.95,28.9,0,0,0,0,-17.4,-2.59,5.0,0.0,0
1789648961.3634315,2026-09-17T18:12:41.363431,-17.4,0.0,566856.0,0.0,88.95,28.9,0,0,0,0,-17.4,-2.6,5.0,0.0,0
1789648961.383684,2026-09-17T18:12:41.383684,-17.41,0.0,566856.0,0.0,88.95,28.9,0,0,0,0,-17.41,-2.6,5.0,0.0,0
1789648961.4040391,2026-09-17T18:12:41.404039,-17.41,0.0,566856.0,0.0,88.95,28.9,0,0,0,0,-17.41,-2.6,5.0,0.0,0
1789648961.4238963,2026-09-17T18:12:41.423896,-17.41,0.0,566856.0,0.0,88.95,28.9,0,0,0,0,-17.41,-2.6,5.0,0.0,0
1789648961.443158,2026-09-17T18:12:41.443158,-17.41,0.0,566856.0,0.0,88.95,28.9,0,0,0,0,-17.41,-2.6,5.0,0.0,0
1789648961.463047,2026-09-17T18:12:41.463047,-17.41,0.0,566856.0,0.0,88.95,28.9,0,0,0,0,-17.41,-2.6,5.0,0.0,0
1789648961.4833944,2026-09-17T18:12:41.483394,-17.41,0.0,566856.0,0.0,88.95,28.9,0,0,0,0,-17.41,-2.6,5.0,0.0,0
1789648961.503145,2026-09-17T18:12:41.503145,-17.41,0.0,566856.0,0.0,88.95,28.9,0,0,0,0,-17.41,-2.6,5.0,0.0,0
1789648961.5239787,2026-09-17T18:12:41.523979,-17.41,0.0,566856.0,0.0,88.95,28.9,0,0,0,0,-17.41,-2.6,5.0,0.0,0
1789648961.5439332,2026-09-17T18:12:41.543933,-17.41,0.0,566826.0,0.0,88.95,28.9,0,0,0,0,-17.41,-2.6,5.0,0.0,0
1789648961.5630484,2026-09-17T18:12:41.563048,-17.41,0.0,566826.0,0.0,88.95,28.9,0,0,0,0,-17.41,-2.6,5.0,0.0,0
1789648961.5837321,2026-09-17T18:12:41.583732,-17.41,0.0,566826.0,0.0,88.95,28.9,0,0,0,0,-17.41,-2.6,5.0,0.0,0
1789648961.6034272,2026-09-17T18:12:41.603427,-17.42,0.0,566826.0,0.0,88.95,28.9,0,0,0,0,-17.42,-2.6,5.0,0.0,0
1789648961.6237452,2026-09-17T18:12:41.623745,-17.42,0.0,566826.0,0.0,88.95,28.9,0,0,0,0,-17.42,-2.6,5.0,0.0,0
1789648961.6435132,2026-09-17T18:12:41.643513,-17.42,0.0,566826.0,0.0,88.95,28.9,0,0,0,0,-17.42,-2.6,5.0,0.0,0
1789648961.663932,2026-09-17T18:12:41.663932,-17.42,0.0,566826.0,0.0,88.95,28.9,0,0,0,0,-17.42,-2.6,5.0,0.0,0
1789648961.683827,2026-09-17T18:12:41.683827,-17.42,0.0,566826.0,0.0,88.95,28.9,0,0,0,0,-17.42,-2.6,5.0,0.0,0
1789648961.7036645,2026-09-17T18:12:41.703665,-17.42,0.0,566826.0,0.0,88.95,28.9,0,0,0,0,-17.42,-2.6,5.0,0.0,0
1789648961.7238934,2026-09-17T18:12:41.723893,-17.42,0.0,566836.0,0.0,88.95,28.9,0,0,0,0,-17.42,-2.59,5.0,0.0,0
1789648961.7433224,2026-09-17T18:12:41.743322,-17.42,0.0,566836.0,0.0,88.95,28.9,0,0,0,0,-17.42,-2.59,5.0,0.0,0
1789648961.7637947,2026-09-17T18:12:41.763795,-17.42,0.0,566836.0,0.0,88.95,28.9,0,0,0,0,-17.42,-2.59,5.0,0.0,0
1789648961.7830102,2026-09-17T18:12:41.783010,-17.43,0.0,566836.0,0.0,88.95,28.9,0,0,0,0,-17.43,-2.59,5.0,0.0,0
1789648961.8039029,2026-09-17T18:12:41.803903,-17.43,0.0,566836.0,0.0,88.95,28.9,0,0,0,0,-17.43,-2.59,5.0,0.0,0
1789648961.8236887,2026-09-17T18:12:41.823689,-17.43,0.0,566836.0,0.0,88.95,28.9,0,0,0,0,-17.43,-2.59,5.0,0.0,0
1789648961.8434403,2026-09-17T18:12:41.843440,-17.43,0.0,566836.0,0.0,88.95,28.9,0,0,0,0,-17.43,-2.59,5.0,0.0,0
1789648961.8637667,2026-09-17T18:12:41.863767,-17.43,0.0,566836.0,0.0,88.95,28.9,0,0,0,0,-17.43,-2.59,5.0,0.0,0
1789648961.883769,2026-09-17T18:12:41.883769,-17.43,0.0,566836.0,0.0,88.95,28.9,0,0,0,0,-17.43,-2.59,5.0,0.0,0
1789648961.9032755,2026-09-17T18:12:41.903275,-17.43,0.0,566819.0,0.0,88.95,28.9,0,0,0,0,-17.43,-2.59,5.0,0.0,0
1789648961.9231505,2026-09-17T18:12:41.923151,-17.42,0.0,566819.0,0.0,88.95,28.9,0,0,0,0,-17.42,-2.58,5.0,0.0,0
1789648961.9430342,2026-09-17T18:12:41.943034,-17.42,0.0,566819.0,0.0,88.95,28.9,0,0,0,0,-17.42,-2.58,5.0,0.0,0
1789648961.9638524,2026-09-17T18:12:41.963852,-17.42,0.0,566819.0,0.0,88.95,28.9,0,0,0,0,-17.42,-2.59,5.0,0.0,0
1789648961.9836879,2026-09-17T18:12:41.983688,-17.42,0.0,566819.0,0.0,88.95,28.9,0,0,0,0,-17.42,-2.59,5.0,0.0,0
1789648962.0034668,2026-09-17T18:12:42.003467,-17.42,0.0,566819.0,0.0,88.95,28.9,0,0,0,0,-17.42,-2.59,5.0,0.0,0
1789648962.0233164,2026-09-17T18:12:42.023316,-17.42,0.0,566819.0,0.0,88.95,28.9,0,0,0,0,-17.42,-2.59,5.0,0.0,0
1789648962.0436554,2026-09-17T18:12:42.043655,-17.42,0.0,566819.0,0.0,88.95,28.9,0,0,0,0,-17.42,-2.59,5.0,0.0,0
1789648962.0636177,2026-09-17T18:12:42.063618,-17.42,0.0,566819.0,0.0,88.95,28.9,0,0,0,0,-17.42,-2.59,5.0,0.0,0
1789648962.083387,2026-09-17T18:12:42.083387,-17.42,0.0,566856.0,0.0,88.95,28.9,0,0,0,0,-17.42,-2.6,5.0,0.0,0
1789648962.1032543,2026-09-17T18:12:42.103254,-17.42,0.0,566856.0,0.0,88.95,28.9,0,0,0,0,-17.42,-2.59,5.0,0.0,0
1789648962.1234412,2026-09-17T18:12:42.123441,-17.42,0.0,566856.0,0.0,88.95,28.9,0,0,0,0,-17.42,-2.59,5.0,0.0,0
1789648962.1433501,2026-09-17T18:12:42.143350,-17.42,0.0,566856.0,0.0,88.95,28.9,0,0,0,0,-17.42,-2.6,5.0,0.0,0
1789648962.1628335,2026-09-17T18:12:42.162833,-17.42,0.0,566856.0,0.0,88.95,28.9,0,0,0,0,-17.42,-2.6,5.0,0.0,0
1789648962.1837256,2026-09-17T18:12:42.183726,-17.42,0.0,566856.0,0.0,88.95,28.9,0,0,0,0,-17.42,-2.6,5.0,0.0,0
1789648962.2038035,2026-09-17T18:12:42.203804,-17.42,0.0,566856.0,0.0,88.95,28.9,0,0,0,0,-17.42,-2.6,5.0,0.0,0
1789648962.2234511,2026-09-17T18:12:42.223451,-17.42,0.0,566856.0,0.0,88.95,28.9,0,0,0,0,-17.42,-2.6,5.0,0.0,0
1789648962.2436712,2026-09-17T18:12:42.243671,-17.42,0.0,566856.0,0.0,88.95,28.9,0,0,0,0,-17.42,-2.6,5.0,0.0,0
1789648962.263188,2026-09-17T18:12:42.263188,-17.42,0.0,566856.0,0.0,88.95,28.9,0,0,0,0,-17.42,-2.6,5.0,0.0,0
1789648962.2833483,2026-09-17T18:12:42.283348,-17.42,0.0,566803.0,0.0,88.95,28.9,0,0,0,0,-17.42,-2.6,5.0,0.0,0
1789648962.3033078,2026-09-17T18:12:42.303308,-17.42,0.0,566803.0,0.0,88.95,28.9,0,0,0,0,-17.42,-2.59,5.0,0.0,0
1789648962.3236365,2026-09-17T18:12:42.323637,-17.42,0.0,566803.0,0.0,88.95,28.9,0,0,0,0,-17.42,-2.59,5.0,0.0,0
1789648962.343428,2026-09-17T18:12:42.343428,-17.42,0.0,566803.0,0.0,88.95,28.9,0,0,0,0,-17.42,-2.59,5.0,0.0,0
1789648962.3637767,2026-09-17T18:12:42.363777,-17.42,0.0,566803.0,0.0,88.95,28.9,0,0,0,0,-17.42,-2.59,5.0,0.0,0
1789648962.3839536,2026-09-17T18:12:42.383954,-17.42,0.0,566803.0,0.0,88.95,28.9,0,0,0,0,-17.42,-2.59,5.0,0.0,0
1789648962.4040332,2026-09-17T18:12:42.404033,-17.42,0.0,566803.0,0.0,88.95,28.9,0,0,0,0,-17.42,-2.59,5.0,0.0,0
1789648962.4235432,2026-09-17T18:12:42.423543,-17.42,0.0,566803.0,0.0,88.95,28.9,0,0,0,0,-17.42,-2.59,5.0,0.0,0
1789648962.4436967,2026-09-17T18:12:42.443697,-17.42,0.0,566803.0,0.0,88.95,28.9,0,0,0,0,-17.42,-2.59,5.0,0.0,0
1789648962.463783,2026-09-17T18:12:42.463783,-17.42,0.0,566909.0,0.0,88.95,28.9,0,0,0,0,-17.42,-2.6,5.0,0.0,0
1789648962.483365,2026-09-17T18:12:42.483365,-17.42,0.0,566909.0,0.0,88.95,28.9,0,0,0,0,-17.42,-2.6,5.0,0.0,0
1789648962.5032861,2026-09-17T18:12:42.503286,-17.43,0.0,566909.0,0.0,88.95,28.9,0,0,0,0,-17.43,-2.61,5.0,0.0,0
1789648962.523801,2026-09-17T18:12:42.523801,-17.43,0.0,566909.0,0.0,88.95,28.9,0,0,0,0,-17.43,-2.6,5.0,0.0,0
1789648962.543194,2026-09-17T18:12:42.543194,-17.42,0.0,566909.0,0.0,88.95,28.9,0,0,0,0,-17.42,-2.6,5.0,0.0,0
1789648962.5639844,2026-09-17T18:12:42.563984,-17.42,0.0,566909.0,0.0,88.95,28.9,0,0,0,0,-17.42,-2.6,5.0,0.0,0
1789648962.5838928,2026-09-17T18:12:42.583893,-17.42,0.0,566909.0,0.0,88.95,28.9,0,0,0,0,-17.42,-2.6,5.0,0.0,0
1789648962.6035585,2026-09-17T18:12:42.603559,-17.42,0.0,566909.0,0.0,88.95,28.9,0,0,0,0,-17.42,-2.6,5.0,0.0,0
1789648962.6235259,2026-09-17T18:12:42.623526,-17.42,0.0,566909.0,0.0,88.95,28.9,0,0,0,0,-17.42,-2.6,5.0,0.0,0
1789648962.6433938,2026-09-17T18:12:42.643394,-17.42,0.0,566828.0,0.0,88.95,28.9,0,0,0,0,-17.42,-2.6,5.0,0.0,0
1789648962.6632187,2026-09-17T18:12:42.663219,-17.42,0.0,566828.0,0.0,88.95,28.9,0,0,0,0,-17.42,-2.6,5.0,0.0,0
1789648962.6836498,2026-09-17T18:12:42.683650,-17.42,0.0,566828.0,0.0,88.95,28.9,0,0,0,0,-17.42,-2.6,5.0,0.0,0
1789648962.7036555,2026-09-17T18:12:42.703655,-17.42,0.0,566828.0,0.0,88.95,28.9,0,0,0,0,-17.42,-2.6,5.0,0.0,0
1789648962.7234383,2026-09-17T18:12:42.723438,-17.42,0.0,566828.0,0.0,88.95,28.9,0,0,0,0,-17.42,-2.6,5.0,0.0,0
1789648962.7436206,2026-09-17T18:12:42.743621,-17.42,0.0,566828.0,0.0,88.95,28.9,0,0,0,0,-17.42,-2.6,5.0,0.0,0
1789648962.7634192,2026-09-17T18:12:42.763419,-17.42,0.0,566828.0,0.0,88.95,28.9,0,0,0,0,-17.42,-2.6,5.0,0.0,0
1789648962.784245,2026-09-17T18:12:42.784245,-17.42,0.0,566828.0,0.0,88.95,28.9,0,0,0,0,-17.42,-2.6,5.0,0.0,0
1789648962.8038626,2026-09-17T18:12:42.803863,-17.42,0.0,566828.0,0.0,88.95,28.9,0,0,0,0,-17.42,-2.6,5.0,0.0,0
1789648962.8232763,2026-09-17T18:12:42.823276,-17.43,0.0,566864.0,0.0,88.95,28.9,0,0,0,0,-17.43,-2.61,5.0,0.0,0
1789648962.843509,2026-09-17T18:12:42.843509,-17.43,0.0,566864.0,0.0,88.95,28.9,0,0,0,0,-17.43,-2.61,5.0,0.0,0
1789648962.8638322,2026-09-17T18:12:42.863832,-17.43,0.0,566864.0,0.0,88.95,28.9,0,0,0,0,-17.43,-2.6,5.0,0.0,0
1789648962.8838756,2026-09-17T18:12:42.883876,-17.43,0.0,566864.0,0.0,88.95,28.9,0,0,0,0,-17.43,-2.6,5.0,0.0,0
1789648962.9038231,2026-09-17T18:12:42.903823,-17.43,0.0,566864.0,0.0,88.95,28.9,0,0,0,0,-17.43,-2.6,5.0,0.0,0
1789648962.9236627,2026-09-17T18:12:42.923663,-17.43,0.0,566864.0,0.0,88.95,28.9,0,0,0,0,-17.43,-2.6,5.0,0.0,0
1789648962.943677,2026-09-17T18:12:42.943677,-17.43,0.0,566864.0,0.0,88.95,28.9,0,0,0,0,-17.43,-2.6,5.0,0.0,0
1789648962.9637895,2026-09-17T18:12:42.963789,-17.43,0.0,566864.0,0.0,88.95,28.9,0,0,0,0,-17.43,-2.6,5.0,0.0,0
1789648962.9836514,2026-09-17T18:12:42.983651,-17.43,0.0,566864.0,0.0,88.95,28.9,0,0,0,0,-17.43,-2.6,5.0,0.0,0
1789648963.003419,2026-09-17T18:12:43.003419,-17.43,0.0,566825.0,0.0,88.95,28.9,0,0,0,0,-17.43,-2.6,5.0,0.0,0
1789648963.0239415,2026-09-17T18:12:43.023942,-17.43,0.0,566825.0,0.0,88.95,28.9,0,0,0,0,-17.43,-2.6,5.0,0.0,0
1789648963.0435157,2026-09-17T18:12:43.043516,-17.43,0.0,566825.0,0.0,88.95,28.9,0,0,0,0,-17.43,-2.6,5.0,0.0,0
1789648963.063343,2026-09-17T18:12:43.063343,-17.43,0.0,566825.0,0.0,88.95,28.9,0,0,0,0,-17.43,-2.6,5.0,0.0,0
1789648963.0838258,2026-09-17T18:12:43.083826,-17.42,0.0,566825.0,0.0,88.95,28.9,0,0,0,0,-17.42,-2.59,5.0,0.0,0
1789648963.1038108,2026-09-17T18:12:43.103811,-17.42,0.0,566825.0,0.0,88.95,28.9,0,0,0,0,-17.42,-2.59,5.0,0.0,0
1789648963.12297,2026-09-17T18:12:43.122970,-17.42,0.0,566825.0,0.0,88.95,28.9,0,0,0,0,-17.42,-2.59,5.0,0.0,0
1789648963.1440926,2026-09-17T18:12:43.144093,-17.42,0.0,566825.0,0.0,88.95,28.9,0,0,0,0,-17.42,-2.59,5.0,0.0,0
1789648963.1640456,2026-09-17T18:12:43.164046,-17.42,0.0,566825.0,0.0,88.95,28.9,0,0,0,0,-17.42,-2.59,5.0,0.0,0
1789648963.1837385,2026-09-17T18:12:43.183738,-17.42,0.0,566814.0,0.0,88.95,28.9,0,0,0,0,-17.42,-2.59,5.0,0.0,0
1789648963.2036574,2026-09-17T18:12:43.203657,-17.41,0.0,566814.0,0.0,88.95,28.9,0,0,0,0,-17.41,-2.59,5.0,0.0,0
1789648963.2230625,2026-09-17T18:12:43.223063,-17.42,0.0,566814.0,0.0,88.95,28.9,0,0,0,0,-17.42,-2.59,5.0,0.0,0
1789648963.243377,2026-09-17T18:12:43.243377,-17.41,0.0,566814.0,0.0,88.95,28.9,0,0,0,0,-17.41,-2.59,5.0,0.0,0
1789648963.264405,2026-09-17T18:12:43.264405,-17.41,0.0,566814.0,0.0,88.95,28.9,0,0,0,0,-17.41,-2.59,5.0,0.0,0
1789648963.283321,2026-09-17T18:12:43.283321,-17.41,0.0,566814.0,0.0,88.95,28.9,0,0,0,0,-17.41,-2.6,5.0,0.0,0
1789648963.3039005,2026-09-17T18:12:43.303900,-17.41,0.0,566814.0,0.0,88.95,28.9,0,0,0,0,-17.41,-2.6,5.0,0.0,0
1789648963.3236916,2026-09-17T18:12:43.323692,-17.41,0.0,566814.0,0.0,88.95,28.9,0,0,0,0,-17.41,-2.6,5.0,0.0,0
1789648963.3434815,2026-09-17T18:12:43.343482,-17.41,0.0,566814.0,0.0,88.95,28.9,0,0,0,0,-17.41,-2.6,5.0,0.0,0
1789648963.364011,2026-09-17T18:12:43.364011,-17.42,0.0,566814.0,0.0,88.95,28.9,0,0,0,0,-17.42,-2.6,5.0,0.0,0
1789648963.3837876,2026-09-17T18:12:43.383788,-17.42,0.0,566814.0,0.0,88.95,28.9,0,0,0,0,-17.42,-2.59,5.0,0.0,0
1789648963.403604,2026-09-17T18:12:43.403604,-17.42,0.0,566814.0,0.0,88.95,28.9,0,0,0,0,-17.42,-2.59,5.0,0.0,0
1789648963.4232097,2026-09-17T18:12:43.423210,-17.42,0.0,566814.0,0.0,88.95,28.9,0,0,0,0,-17.42,-2.59,5.0,0.0,0
1789648963.4437003,2026-09-17T18:12:43.443700,-17.42,0.0,566814.0,0.0,88.95,28.9,0,0,0,0,-17.42,-2.6,5.0,0.0,0
1789648963.4635475,2026-09-17T18:12:43.463547,-17.42,0.0,566814.0,0.0,88.95,28.9,0,0,0,0,-17.42,-2.6,5.0,0.0,0
1789648963.4836407,2026-09-17T18:12:43.483641,-17.42,0.0,566814.0,0.0,88.95,28.9,0,0,0,0,-17.42,-2.6,5.0,0.0,0
1789648963.50346,2026-09-17T18:12:43.503460,-17.42,0.0,566814.0,0.0,88.95,28.9,0,0,0,0,-17.42,-2.6,5.0,0.0,0
1789648963.5232968,2026-09-17T18:12:43.523297,-17.42,0.0,566814.0,0.0,88.95,28.9,0,0,0,0,-17.42,-2.6,5.0,0.0,0
1789648963.5431628,2026-09-17T18:12:43.543163,-17.42,0.0,566814.0,0.0,88.95,28.9,0,0,0,0,-17.42,-2.6,5.0,0.0,0
1789648963.5629814,2026-09-17T18:12:43.562981,-17.41,0.0,566842.0,0.0,88.95,28.9,0,0,0,0,-17.41,-2.59,5.0,0.0,0
1789648963.5839448,2026-09-17T18:12:43.583945,-17.41,0.0,566842.0,0.0,88.95,28.9,0,0,0,0,-17.41,-2.59,5.0,0.0,0
1789648963.6036863,2026-09-17T18:12:43.603686,-17.41,0.0,566842.0,0.0,88.95,28.9,0,0,0,0,-17.41,-2.6,5.0,0.0,0
1789648963.6234815,2026-09-17T18:12:43.623482,-17.42,0.0,566842.0,0.0,88.95,28.9,0,0,0,0,-17.42,-2.59,5.0,0.0,0
1789648963.643578,2026-09-17T18:12:43.643578,-17.42,0.0,566842.0,0.0,88.95,28.9,0,0,0,0,-17.42,-2.6,5.0,0.0,0
1789648963.6628895,2026-09-17T18:12:43.662889,-17.42,0.0,566842.0,0.0,88.95,28.9,0,0,0,0,-17.42,-2.6,5.0,0.0,0
1789648963.6843126,2026-09-17T18:12:43.684313,-17.42,0.0,566842.0,0.0,88.95,28.9,0,0,0,0,-17.42,-2.6,5.0,0.0,0
1789648963.7036223,2026-09-17T18:12:43.703622,-17.42,0.0,566842.0,0.0,88.95,28.9,0,0,0,0,-17.42,-2.6,5.0,0.0,0
1789648963.7237449,2026-09-17T18:12:43.723745,-17.42,0.0,566842.0,0.0,88.95,28.9,0,0,0,0,-17.42,-2.6,5.0,0.0,0
1789648963.7436666,2026-09-17T18:12:43.743667,-17.42,0.0,566842.0,0.0,88.95,28.9,0,0,0,0,-17.42,-2.6,5.0,0.0,0
1789648963.7634172,2026-09-17T18:12:43.763417,-17.42,0.0,566842.0,0.0,88.95,28.9,0,0,0,0,-17.42,-2.61,5.0,0.0,0
1789648963.7833443,2026-09-17T18:12:43.783344,-17.42,0.0,566842.0,0.0,88.95,28.9,0,0,0,0,-17.42,-2.61,5.0,0.0,0
1789648963.8034277,2026-09-17T18:12:43.803428,-17.42,0.0,566842.0,0.0,88.95,28.9,0,0,0,0,-17.42,-2.61,5.0,0.0,0
1789648963.8239563,2026-09-17T18:12:43.823956,-17.42,0.0,566842.0,0.0,88.95,28.9,0,0,0,0,-17.42,-2.61,5.0,0.0,0
1789648963.8436348,2026-09-17T18:12:43.843635,-17.42,0.0,566842.0,0.0,88.95,28.9,0,0,0,0,-17.42,-2.61,5.0,0.0,0
1789648963.8639128,2026-09-17T18:12:43.863913,-17.42,0.0,566842.0,0.0,88.95,28.9,0,0,0,0,-17.42,-2.61,5.0,0.0,0
1789648963.8834965,2026-09-17T18:12:43.883497,-17.42,0.0,566842.0,0.0,88.95,28.9,0,0,0,0,-17.42,-2.61,5.0,0.0,0
1789648963.9032893,2026-09-17T18:12:43.903289,-17.42,0.0,566842.0,0.0,88.95,28.9,0,0,0,0,-17.42,-2.61,5.0,0.0,0
1789648963.9241116,2026-09-17T18:12:43.924112,-17.42,0.0,566857.0,0.0,88.95,28.9,0,0,0,0,-17.42,-2.6,5.0,0.0,0
1789648963.943937,2026-09-17T18:12:43.943937,-17.42,0.0,566857.0,0.0,88.95,28.9,0,0,0,0,-17.42,-2.6,5.0,0.0,0
1789648963.9641035,2026-09-17T18:12:43.964103,-17.42,0.0,566857.0,0.0,88.95,28.9,0,0,0,0,-17.42,-2.6,5.0,0.0,0
1789648963.9837704,2026-09-17T18:12:43.983770,-17.42,0.0,566857.0,0.0,88.95,28.9,0,0,0,0,-17.42,-2.6,5.0,0.0,0
1789648964.0034304,2026-09-17T18:12:44.003430,-17.42,0.0,566857.0,0.0,88.95,28.9,0,0,0,0,-17.42,-2.6,5.0,0.0,0
1789648964.0239296,2026-09-17T18:12:44.023930,-17.42,0.0,566857.0,0.0,88.95,28.9,0,0,0,0,-17.42,-2.6,5.0,0.0,0
1789648964.043232,2026-09-17T18:12:44.043232,-17.42,0.0,566857.0,0.0,88.95,28.9,0,0,0,0,-17.42,-2.6,5.0,0.0,0
1789648964.063113,2026-09-17T18:12:44.063113,-17.42,0.0,566857.0,0.0,88.95,28.9,0,0,0,0,-17.42,-2.6,5.0,0.0,0
1789648964.084028,2026-09-17T18:12:44.084028,-17.42,0.0,566857.0,0.0,88.95,28.9,0,0,0,0,-17.42,-2.6,5.0,0.0,0
1789648964.1039124,2026-09-17T18:12:44.103912,-17.42,0.0,566869.0,0.0,88.95,28.9,0,0,0,0,-17.42,-2.6,5.0,0.0,0
1789648964.1235247,2026-09-17T18:12:44.123525,-17.43,0.0,566869.0,0.0,88.95,28.9,0,0,0,0,-17.43,-2.6,5.0,0.0,0
1789648964.1433425,2026-09-17T18:12:44.143342,-17.43,0.0,566869.0,0.0,88.95,28.9,0,0,0,0,-17.43,-2.6,5.0,0.0,0
1789648964.164072,2026-09-17T18:12:44.164072,-17.43,0.0,566869.0,0.0,88.95,28.9,0,0,0,0,-17.43,-2.6,5.0,0.0,0
1789648964.1840734,2026-09-17T18:12:44.184073,-17.43,0.0,566869.0,0.0,88.95,28.9,0,0,0,0,-17.43,-2.59,5.0,0.0,0
1789648964.203563,2026-09-17T18:12:44.203563,-17.43,0.0,566869.0,0.0,88.95,28.9,0,0,0,0,-17.43,-2.59,5.0,0.0,0
1789648964.2237387,2026-09-17T18:12:44.223739,-17.43,0.0,566869.0,0.0,88.95,28.9,0,0,0,0,-17.43,-2.59,5.0,0.0,0
1789648964.2435625,2026-09-17T18:12:44.243562,-17.43,0.0,566869.0,0.0,88.95,28.9,0,0,0,0,-17.43,-2.59,5.0,0.0,0
1789648964.2633736,2026-09-17T18:12:44.263374,-17.43,0.0,566869.0,0.0,88.95,28.9,0,0,0,0,-17.43,-2.59,5.0,0.0,0
1789648964.2832336,2026-09-17T18:12:44.283234,-17.43,0.0,566855.0,0.0,88.95,28.9,0,0,0,0,-17.43,-2.59,5.0,0.0,0
1789648964.303086,2026-09-17T18:12:44.303086,-17.43,0.0,566855.0,0.0,88.95,28.9,0,0,0,0,-17.43,-2.6,5.0,0.0,0
1789648964.3232622,2026-09-17T18:12:44.323262,-17.43,0.0,566855.0,0.0,88.95,28.9,0,0,0,0,-17.43,-2.6,5.0,0.0,0
1789648964.3432093,2026-09-17T18:12:44.343209,-17.43,0.0,566855.0,0.0,88.95,28.9,0,0,0,0,-17.43,-2.61,5.0,0.0,0
1789648964.3640206,2026-09-17T18:12:44.364021,-17.43,0.0,566855.0,0.0,88.95,28.9,0,0,0,0,-17.43,-2.6,5.0,0.0,0
1789648964.3833697,2026-09-17T18:12:44.383370,-17.43,0.0,566855.0,0.0,88.95,28.9,0,0,0,0,-17.43,-2.61,5.0,0.0,0
1789648964.4033349,2026-09-17T18:12:44.403335,-17.43,0.0,566855.0,0.0,88.95,28.9,0,0,0,0,-17.43,-2.61,5.0,0.0,0
1789648964.4230812,2026-09-17T18:12:44.423081,-17.43,0.0,566855.0,0.0,88.95,28.9,0,0,0,0,-17.43,-2.61,5.0,0.0,0
1789648964.4429045,2026-09-17T18:12:44.442904,-17.43,0.0,566855.0,0.0,88.95,28.9,0,0,0,0,-17.43,-2.61,5.0,0.0,0
1789648964.4637408,2026-09-17T18:12:44.463741,-17.44,0.0,566915.0,0.0,88.95,28.9,0,0,0,0,-17.44,-2.61,5.0,0.0,0
1789648964.4835758,2026-09-17T18:12:44.483576,-17.43,0.0,566915.0,0.0,88.95,28.9,0,0,0,0,-17.43,-2.61,5.0,0.0,0
1789648964.5034268,2026-09-17T18:12:44.503427,-17.43,0.0,566915.0,0.0,88.95,28.9,0,0,0,0,-17.43,-2.62,5.0,0.0,0
1789648964.5239158,2026-09-17T18:12:44.523916,-17.44,0.0,566915.0,0.0,88.95,28.9,0,0,0,0,-17.44,-2.62,5.0,0.0,0
1789648964.543168,2026-09-17T18:12:44.543168,-17.44,0.0,566915.0,0.0,88.95,28.9,0,0,0,0,-17.44,-2.61,5.0,0.0,0
1789648964.5639017,2026-09-17T18:12:44.563902,-17.44,0.0,566915.0,0.0,88.95,28.9,0,0,0,0,-17.44,-2.61,5.0,0.0,0
1789648964.584006,2026-09-17T18:12:44.584006,-17.44,0.0,566915.0,0.0,88.95,28.9,0,0,0,0,-17.44,-2.61,5.0,0.0,0
1789648964.6037126,2026-09-17T18:12:44.603713,-17.44,0.0,566915.0,0.0,88.95,28.9,0,0,0,0,-17.44,-2.61,5.0,0.0,0
1789648964.6237073,2026-09-17T18:12:44.623707,-17.44,0.0,566915.0,0.0,88.95,28.9,0,0,0,0,-17.44,-2.61,5.0,0.0,0
1789648964.643342,2026-09-17T18:12:44.643342,-17.44,0.0,566915.0,0.0,88.95,28.9,0,0,0,0,-17.44,-2.61,5.0,0.0,0
1789648964.6632228,2026-09-17T18:12:44.663223,-17.43,0.0,566826.0,0.0,88.95,28.9,0,0,0,0,-17.43,-2.61,5.0,0.0,0
1789648964.684167,2026-09-17T18:12:44.684167,-17.42,0.0,566826.0,0.0,88.95,28.9,0,0,0,0,-17.42,-2.6,5.0,0.0,0
1789648964.704028,2026-09-17T18:12:44.704028,-17.43,0.0,566826.0,0.0,88.95,28.9,0,0,0,0,-17.43,-2.61,5.0,0.0,0
1789648964.723816,2026-09-17T18:12:44.723816,-17.43,0.0,566826.0,0.0,88.95,28.9,0,0,0,0,-17.43,-2.61,5.0,0.0,0
1789648964.7430406,2026-09-17T18:12:44.743041,-17.43,0.0,566826.0,0.0,88.95,28.9,0,0,0,0,-17.43,-2.6,5.0,0.0,0
1789648964.7633688,2026-09-17T18:12:44.763369,-17.43,0.0,566826.0,0.0,88.95,28.9,0,0,0,0,-17.43,-2.6,5.0,0.0,0
1789648964.7832499,2026-09-17T18:12:44.783250,-17.43,0.0,566826.0,0.0,88.95,28.9,0,0,0,0,-17.43,-2.6,5.0,0.0,0
1789648964.8031795,2026-09-17T18:12:44.803180,-17.43,0.0,566826.0,0.0,88.95,28.9,0,0,0,0,-17.43,-2.6,5.0,0.0,0
1789648964.8240414,2026-09-17T18:12:44.824041,-17.43,0.0,566826.0,0.0,88.95,28.9,0,0,0,0,-17.43,-2.6,5.0,0.0,0
1789648964.8438423,2026-09-17T18:12:44.843842,-17.43,0.0,566804.0,0.0,88.95,28.9,0,0,0,0,-17.43,-2.61,5.0,0.0,0
1789648964.8629916,2026-09-17T18:12:44.862992,-17.43,0.0,566804.0,0.0,88.95,28.9,0,0,0,0,-17.43,-2.61,5.0,0.0,0
1789648964.8831565,2026-09-17T18:12:44.883157,-17.44,0.0,566804.0,0.0,88.95,28.9,0,0,0,0,-17.44,-2.61,5.0,0.0,0
1789648964.9034297,2026-09-17T18:12:44.903430,-17.43,0.0,566804.0,0.0,88.95,28.9,0,0,0,0,-17.43,-2.61,5.0,0.0,0
1789648964.9232087,2026-09-17T18:12:44.923209,-17.44,0.0,566804.0,0.0,88.95,28.9,0,0,0,0,-17.44,-2.61,5.0,0.0,0
1789648964.942993,2026-09-17T18:12:44.942993,-17.44,0.0,566804.0,0.0,88.95,28.9,0,0,0,0,-17.44,-2.61,5.0,0.0,0
1789648964.9638493,2026-09-17T18:12:44.963849,-17.44,0.0,566804.0,0.0,88.95,28.9,0,0,0,0,-17.44,-2.61,5.0,0.0,0
1789648964.9838743,2026-09-17T18:12:44.983874,-17.44,0.0,566804.0,0.0,88.95,28.9,0,0,0,0,-17.44,-2.61,5.0,0.0,0
1789648965.0034928,2026-09-17T18:12:45.003493,-17.44,0.0,566804.0,0.0,88.95,28.9,0,0,0,0,-17.44,-2.61,5.0,0.0,0
1789648965.0239427,2026-09-17T18:12:45.023943,-17.44,0.0,566861.0,0.0,88.95,28.9,0,0,0,0,-17.44,-2.61,5.0,0.0,0
1789648965.0434124,2026-09-17T18:12:45.043412,-17.45,0.0,566861.0,0.0,88.95,28.9,0,0,0,0,-17.45,-2.6,5.0,0.0,0
1789648965.0642009,2026-09-17T18:12:45.064201,-17.45,0.0,566861.0,0.0,88.95,28.9,0,0,0,0,-17.45,-2.61,5.0,0.0,0
1789648965.084206,2026-09-17T18:12:45.084206,-17.45,0.0,566861.0,0.0,88.95,28.9,0,0,0,0,-17.45,-2.61,5.0,0.0,0
1789648965.103771,2026-09-17T18:12:45.103771,-17.45,0.0,566861.0,0.0,88.95,28.9,0,0,0,0,-17.45,-2.6,5.0,0.0,0
1789648965.1241996,2026-09-17T18:12:45.124200,-17.45,0.0,566861.0,0.0,88.95,28.9,0,0,0,0,-17.45,-2.6,5.0,0.0,0
